reg_no,name,grade,score,entries,racing_now,retired
010900,三浦 靖,A2,77.25,岸和田@08/27-08/29;豊橋@09/11-09/13;熊本@09/24-09/26,,
011142,小林 宏年,A3,67.83,立川@08/22-08/24;弥彦@09/07-09/09;岸和田@09/14-09/16,西武,
011198,大竹 慎吾,A3,65.41,宇都宮@08/24-08/26;久留米@09/05-09/07;いわき平@09/15-09/17;川崎@09/24-09/26,,
011288,中澤 孝之,A3,65.25,玉野@08/20-08/22;四日市@08/29-08/31;豊橋@09/11-09/13;松山@09/19-09/21,,
011328,川添 輝彦,A3,,武雄@09/09-09/11;小松島@09/17-09/19;別府@09/24-09/26,,
011341,黒崎 直行,A3,67.55,豊橋@08/18-08/20;いわき平@08/30-09/01;武雄@09/09-09/11;川崎@09/17-09/19,,
011346,野崎 修一,A3,66.88,立川@08/17-08/19;熊本@08/24-08/26;松阪@09/05-09/07;小松島@09/17-09/19,,
011364,遠澤 健二,A3,66.88,伊東@09/02-09/04;大宮@09/21-09/23,西武,
011367,石川 一浩,A3,68.44,立川@08/17-08/19;伊東@08/27-08/29;弥彦@09/07-09/09;川崎@09/17-09/19,,
011372,黒瀬 浩一,A2,76.16,静岡@08/15-08/17;立川@09/03-09/05;川崎@09/17-09/19,,
011382,清水 広幸,A3,62.61,立川@08/22-08/24;弥彦@09/02-09/04;豊橋@09/11-09/13;広島@09/20-09/22,,
011417,小川 巧,A3,74.66,宇都宮@08/24-08/26;松山@09/12-09/14;奈良@09/24-09/26,,
011427,川口 秀人,A3,67.17,青森@08/24-08/26;いわき平@09/15-09/17;奈良@09/24-09/26,,
011431,梶應 弘樹,A3,62.16,別府@08/16-08/18;青森@08/24-08/26;大垣@09/13-09/15;広島@09/20-09/22,,
011451,重 一徳,A3,66.50,豊橋@08/18-08/20;いわき平@08/30-09/01;武雄@09/09-09/11;奈良@09/24-09/26,,
011454,杉浦 康一,A2,79.55,立川@08/17-08/19;西武園@08/31-09/02;防府@09/15-09/17,,
011477,川口 満宏,A1,90.88,大垣@08/17-08/19;高知@08/25-08/27;松戸@09/01-09/03;いわき平@09/15-09/17,,
011487,宮倉 勇,A2,82.33,西武園@08/31-09/02;川崎@09/17-09/19,,
011574,坂本 英一,A3,76.50,伊東@08/16-08/18;静岡@08/30-09/01;富山@09/10-09/12;小松島@09/17-09/19,,
011599,和泉田 喜一,A3,,弥彦@09/07-09/09;小松島@09/17-09/19,,
011619,疋田 敏,A2,86.55,静岡@08/15-08/17;四日市@08/29-08/31;松阪@09/05-09/07;別府@09/24-09/26,,
011622,杉山 正和,A3,70.00,奈良@08/20-08/22;四日市@08/29-08/31;松阪@09/05-09/07;武雄@09/16-09/18,,
011634,中澤 央治,A2,,西武園@08/21-08/23;岐阜@08/30-09/01;別府@09/16-09/18;伊東@09/23-09/25,,
011665,倉岡 慎太郎,A3,65.00,立川@08/22-08/24;いわき平@08/30-09/01;武雄@09/16-09/18;奈良@09/24-09/26,,
011712,金田 健一郎,A3,68.66,松山@08/21-08/23;伊東@08/27-08/29;武雄@09/09-09/11;大宮@09/21-09/23,,
011713,古原 勝己,A2,,,,
011715,黒木 誠一,A3,70.33,奈良@08/20-08/22;静岡@08/30-09/01;大垣@09/13-09/15;大宮@09/21-09/23,,
011734,濱口 健二,A2,,,,
011790,廣川 貞治,A3,67.54,青森@08/24-08/26;伊東@09/02-09/04;岸和田@09/14-09/16;奈良@09/24-09/26,,
011792,木下 章,A3,67.58,豊橋@08/18-08/20;四日市@08/29-08/31;富山@09/10-09/12;川崎@09/17-09/19,,
011800,三住 博昭,A2,78.84,奈良@08/26-08/28;豊橋@09/04-09/06;佐世保@09/12-09/14;いわき平@09/27-09/29,,
011803,植田 誠,A3,68.25,青森@08/24-08/26;弥彦@09/02-09/04;いわき平@09/15-09/17;大垣@09/22-09/24,,
011817,有賀 高士,A2,78.33,前橋@08/15-08/17;川崎@08/30-09/01;岐阜@09/13-09/15;立川@09/22-09/24,,
011821,中川 博文,A3,68.00,立川@08/22-08/24;西武園@09/06-09/08;大垣@09/13-09/15,,
011840,安田 光義,A2,,,,
011854,紫原 政文,A1,86.00,防府@08/23-08/25;松山@08/31-09/02;立川@09/22-09/24,,
011907,島野 浩司,A1,86.83,玉野@08/26-08/28;松阪@09/05-09/07;立川@09/22-09/24,京王,
011935,高嶋 一朗,A3,71.06,立川@08/22-08/24;武雄@09/09-09/11;小松島@09/17-09/19,,
011990,茂木 和臣,A3,67.83,別府@08/16-08/18;富山@09/10-09/12;平塚@09/28-09/30,,
011993,深井 高志,A3,71.88,和歌山@08/23-08/25;武雄@09/16-09/18;川崎@09/24-09/26,西武,
011994,藤光 健一,A3,68.25,熊本@08/24-08/26;弥彦@09/02-09/04;小松島@09/17-09/19,西武,
012005,藤田 和彦,A3,68.50,立川@08/17-08/19;大垣@09/13-09/15;弥彦@09/24-09/26,,
012042,山原 利秀,A2,81.44,武雄@08/21-08/23;川崎@08/30-09/01;久留米@09/17-09/19;熊本@09/24-09/26,,
012092,高木 隆弘,A3,73.33,別府@08/16-08/18;四日市@08/29-08/31;松阪@09/05-09/07;奈良@09/24-09/26,,
012097,斯波 雅貴,A2,82.66,武雄@08/21-08/23;立川@09/16-09/18;いわき平@09/27-09/29,青森,
012112,冨岡 健一,A2,81.66,和歌山@08/30-09/01;岸和田@09/14-09/16;玉野@09/27-09/29,,
012128,山根 泰道,A2,81.66,奈良@08/20-08/22;富山@09/03-09/05;防府@09/15-09/17,武雄,
012130,石田 洋秀,A1,78.66,武雄@08/21-08/23;立川@09/03-09/05;高知@09/20-09/22;防府@09/29-10/01,奈良,
012132,甲斐下 智,A2,77.66,高知@08/25-08/27;川崎@09/10-09/12;佐世保@09/20-09/22,岐阜,
012157,竹野 行登,A3,68.23,いわき平@08/30-09/01;松山@09/12-09/14;広島@09/20-09/22,,
012164,堀 政美,A2,81.18,立川@09/03-09/05;伊東@09/23-09/25,武雄,
012193,井手 尚治,A2,81.55,静岡@08/15-08/17;高知@08/25-08/27;西武園@09/06-09/08,,
012197,奥山 雅士,A3,66.25,和歌山@08/23-08/25;弥彦@09/02-09/04;立川@09/16-09/18,,
012202,望月 裕一郎,,,,,
012206,白井 一機,A3,69.66,松山@08/21-08/23;松戸@09/01-09/03;広島@09/20-09/22,西武,
012208,鰐渕 正利,A3,72.44,豊橋@08/18-08/20;四日市@08/29-08/31;松阪@09/05-09/07;大垣@09/22-09/24,,
012216,武田 哲二,A2,80.20,和歌山@08/23-08/25;西武園@08/31-09/02;前橋@09/11-09/13;立川@09/22-09/24,京王,
012234,室井 竜二,A1,86.40,武雄@08/21-08/23;豊橋@09/04-09/06;岐阜@09/13-09/15;小松島@09/23-09/25,,
012242,穴井 利久,A2,77.13,玉野@09/08-09/10;立川@09/22-09/24,,
012248,中井 大介,A3,76.22,別府@08/16-08/18;熊本@08/24-08/26;久留米@09/05-09/07;武雄@09/16-09/18;別府@09/24-09/26,,
012261,岡部 芳幸,A1,85.71,静岡@08/15-08/17;岸和田@08/27-08/29;青森@09/14-09/16;立川@09/22-09/24,,
012277,井上 典善,A3,64.00,和歌山@08/23-08/25;伊東@09/02-09/04;川崎@09/17-09/19;奈良@09/24-09/26,,
012283,富永 益生,A1,,四日市@08/17-08/19;岐阜@08/24-08/26;防府@09/15-09/17;小松島@09/23-09/25,,
012287,西川 弘資,A3,70.33,豊橋@08/18-08/20;武雄@09/16-09/18;奈良@09/24-09/26,,
012290,小西 芳樹,A3,64.66,立川@08/22-08/24;富山@09/10-09/12;小松島@09/17-09/19,,
012298,星島 太,A2,78.91,小松島@08/27-08/29;高知@09/09-09/11;立川@09/22-09/24,,
012299,増成 富夫,A3,68.36,松阪@08/25-08/27;弥彦@09/02-09/04;川崎@09/10-09/12;松山@09/19-09/21,,
012307,尾崎 勝弘,A3,71.50,宇都宮@08/24-08/26;武雄@09/16-09/18;別府@09/24-09/26,,
012319,高尾 剛文,A3,67.18,青森@08/24-08/26;川崎@09/10-09/12;奈良@09/24-09/26,,
012321,檀 雄二,A3,71.00,別府@08/16-08/18;伊東@08/27-08/29;武雄@09/09-09/11;小松島@09/17-09/19,,
012326,國武 耕二,A2,87.77,西武園@08/21-08/23;小倉@08/28-08/30;立川@09/22-09/24;防府@09/29-10/01,,
012329,松尾 正人,A3,69.00,宇都宮@08/24-08/26;弥彦@09/02-09/04;松山@09/12-09/14;広島@09/20-09/22,,
012336,高谷 雅彦,A2,84.11,四日市@08/17-08/19;高知@08/25-08/27;青森@09/14-09/16;武雄@09/27-09/29,,
012340,金古 将人,A2,,,,
012348,飯田 威文,A3,69.41,青森@08/24-08/26;松戸@09/01-09/03;弥彦@09/07-09/09;大垣@09/22-09/24,西武,
012379,小林 健,A2,82.00,豊橋@09/04-09/06;松山@09/19-09/21;平塚@09/28-09/30,京王,
012380,近藤 修康,A1,87.66,川崎@08/19-08/21;松山@08/31-09/02;立川@09/22-09/24,,
012383,田村 光昭,A3,70.55,青森@08/24-08/26;伊東@09/02-09/04;京王閣@09/08-09/10;別府@09/24-09/26,,
012389,岡崎 昭次,A3,75.33,別府@08/16-08/18;宇都宮@08/24-08/26;松山@09/12-09/14;弥彦@09/24-09/26,,
012402,時松 正,A3,75.33,別府@08/16-08/18;静岡@08/30-09/01;京王閣@09/08-09/10;武雄@09/16-09/18,,
012406,濱田 昭一郎,A3,68.00,青森@08/24-08/26;静岡@08/30-09/01;小松島@09/17-09/19;川崎@09/24-09/26,,
012416,櫻井 紀幸,A3,70.66,立川@08/22-08/24;松戸@09/01-09/03;川崎@09/24-09/26,,
012417,須藤 直道,A1,82.64,伊東@08/16-08/18;小松島@08/27-08/29;前橋@09/11-09/13;熊本@09/24-09/26,,
012421,小沼 良,A1,,武雄@08/21-08/23;川崎@08/30-09/01;大宮@09/13-09/15;広島@09/28-09/30,,
012431,會田 正一,A3,74.00,豊橋@08/18-08/20;静岡@08/30-09/01;武雄@09/09-09/11;川崎@09/24-09/26,,
012432,石井 孝,A3,71.16,伊東@08/16-08/18;西武園@08/31-09/02;富山@09/10-09/12;大宮@09/21-09/23,,
012439,河合 康晴,A3,71.00,青森@08/24-08/26;豊橋@09/11-09/13;大宮@09/21-09/23,,
012452,伊藤 健詞,A2,86.50,和歌山@08/23-08/25;岐阜@08/30-09/01;久留米@09/17-09/19;防府@09/29-10/01,,
012466,郡 英治,A2,81.16,防府@08/23-08/25;松山@08/31-09/02;伊東@09/23-09/25,奈良,
012473,清水 邦章,A2,80.33,川崎@08/19-08/21;久留米@09/05-09/07;岐阜@09/13-09/15,武雄,
012474,小川 圭二,A1,82.58,高知@08/25-08/27;玉野@09/02-09/04;四日市@09/09-09/11,,
012479,田中 弘章,A3,73.00,玉野@08/20-08/22;伊東@09/02-09/04;武雄@09/09-09/11;奈良@09/24-09/26,,
012496,中村 淳,A3,,立川@08/22-08/24;いわき平@08/30-09/01;武雄@09/16-09/18;川崎@09/24-09/26,,
012501,金子 真也,A1,92.33,静岡@08/15-08/17;和歌山@08/23-08/25;松阪@08/31-09/02;弥彦@09/07-09/09,,
012507,爲田 学,A3,70.33,玉野@08/20-08/22;久留米@09/05-09/07;松山@09/12-09/14;広島@09/20-09/22,,
012509,岡嵜 浩一,A3,66.75,立川@08/17-08/19;熊本@08/24-08/26;静岡@08/30-09/01;豊橋@09/11-09/13;平塚@09/28-09/30,,
012512,眞原 健一,A3,66.11,伊東@08/16-08/18;いわき平@08/30-09/01;富山@09/10-09/12;大宮@09/21-09/23,,
012519,藤原 誠,A1,89.36,大垣@08/21-08/23;小倉@08/28-08/30;久留米@09/05-09/07;熊本@09/24-09/26,,
012529,木本 賢二,A3,70.58,豊橋@08/18-08/20;宇都宮@08/24-08/26;弥彦@09/02-09/04;松山@09/12-09/14;広島@09/20-09/22,,
012530,池上 孝之,A3,68.00,宇都宮@08/24-08/26;西武園@09/06-09/08;武雄@09/16-09/18,,
012532,西郷 剛,A2,80.66,静岡@08/15-08/17;松阪@08/25-08/27;立川@09/03-09/05;高知@09/20-09/22,,
012537,取鳥 敬一,A3,66.88,豊橋@08/18-08/20;いわき平@08/30-09/01;武雄@09/09-09/11;川崎@09/24-09/26,,
012544,上田 学,A1,84.25,四日市@08/17-08/19;小松島@08/27-08/29;立川@09/22-09/24;防府@09/29-10/01,,
012546,神開 将暢,A2,89.26,岐阜@08/24-08/26;高知@09/09-09/11;岸和田@09/26-09/28,,
012547,横瀬 聡,A3,67.77,奈良@08/20-08/22;伊東@08/27-08/29;松山@09/19-09/21;平塚@09/28-09/30,,
012550,荒木 真慈,A3,70.41,別府@08/16-08/18;青森@08/24-08/26;弥彦@09/02-09/04;大垣@09/13-09/15;奈良@09/24-09/26,,
012556,落合 豊,A3,,豊橋@08/18-08/20;松戸@09/01-09/03;京王閣@09/08-09/10;大垣@09/22-09/24,,
012559,相良 勝美,A3,70.30,伊東@08/27-08/29;松阪@09/05-09/07;岸和田@09/14-09/16;大宮@09/21-09/23,,
012586,佐藤 和典,A3,77.83,伊東@08/27-08/29;川崎@09/10-09/12;大垣@09/22-09/24,,
012590,山崎 敦雄,A1,87.66,西武園@08/21-08/23;和歌山@08/30-09/01;富山@09/10-09/12;立川@09/22-09/24,,
012593,山田 圭二,A3,70.41,和歌山@08/23-08/25;久留米@09/05-09/07;大垣@09/13-09/15;別府@09/24-09/26,,
012597,塚本 貴雄,A3,67.36,熊本@08/24-08/26;西武園@08/31-09/02;弥彦@09/24-09/26,,
012598,大庭 正紀,A1,85.26,松戸@09/01-09/03;別府@09/24-09/26,,
012602,吉村 文隆,A2,78.44,奈良@08/20-08/22;久留米@09/05-09/07;別府@09/24-09/26,,
012603,大川 栄二,A2,79.66,高知@08/18-08/20;和歌山@08/30-09/01;久留米@09/17-09/19;広島@09/28-09/30,,
012618,武智 尚之,A3,66.75,伊東@09/02-09/04;大垣@09/13-09/15;弥彦@09/24-09/26,,
012626,原 司,A3,67.16,松阪@08/25-08/27;弥彦@09/02-09/04;松山@09/19-09/21,,
012628,阪本 正和,A2,80.16,高知@08/25-08/27;川崎@09/10-09/12;松山@09/19-09/21;玉野@09/27-09/29,岐阜,
012634,大薗 宏,A3,74.16,立川@08/17-08/19;伊東@08/27-08/29;西武園@09/06-09/08;弥彦@09/24-09/26,,
012640,北村 貴幸,A2,83.00,弥彦@08/18-08/20;岸和田@08/27-08/29;松阪@09/05-09/07;立川@09/16-09/18,,
012646,大澤 裕之,A2,79.83,弥彦@08/18-08/20;小松島@08/27-08/29;富山@09/03-09/05;大宮@09/13-09/15,,
012649,山本 恵太郎,A3,75.33,豊橋@08/18-08/20;いわき平@08/30-09/01;武雄@09/09-09/11;広島@09/20-09/22,,
012656,柴田 健,A3,70.88,静岡@08/30-09/01;弥彦@09/07-09/09;岸和田@09/14-09/16;奈良@09/24-09/26,,
012671,滝川 秀嗣,A3,66.50,玉野@08/20-08/22;伊東@08/27-08/29;豊橋@09/11-09/13;弥彦@09/24-09/26,,
012677,花村 直人,A3,72.22,松阪@08/25-08/27;西武園@09/06-09/08;小松島@09/17-09/19,,
012678,舛井 幹雄,A1,84.41,松阪@08/25-08/27;西武園@09/06-09/08;弥彦@09/19-09/21,,
012679,坂上 忠克,A1,85.44,奈良@08/20-08/22;久留米@09/05-09/07;別府@09/16-09/18,,
012681,辻 力,A2,78.41,西武園@08/21-08/23;豊橋@09/11-09/13;伊東@09/23-09/25,,
012684,四宮 哲郎,A1,82.66,岐阜@08/30-09/01;防府@09/15-09/17;大垣@09/22-09/24,,
012689,前田 拓也,A2,86.16,玉野@08/20-08/22;四日市@08/29-08/31;豊橋@09/11-09/13;佐世保@09/20-09/22,,
012694,志村 達也,A3,67.66,奈良@08/20-08/22;いわき平@08/30-09/01;武雄@09/09-09/11;平塚@09/28-09/30,,
012705,那須 久幸,A1,91.33,松阪@08/25-08/27;立川@09/03-09/05;佐世保@09/20-09/22,京王,
012708,野木 義規,A2,82.00,松戸@09/01-09/03;青森@09/14-09/16,京王,
012710,大内 達也,A3,76.00,和歌山@08/23-08/25;松阪@09/05-09/07;大宮@09/21-09/23,,
012717,伊藤 一貴,A2,81.44,高知@08/18-08/20;和歌山@08/30-09/01;いわき平@09/15-09/17;岸和田@09/26-09/28,,
012718,大橋 徹,A1,84.41,大垣@08/21-08/23;松山@08/31-09/02;高知@09/09-09/11;伊東@09/23-09/25,,
012719,篠崎 高志,A2,78.22,大垣@08/21-08/23;西武園@08/31-09/02;前橋@09/11-09/13,京王,
012721,梅山 英樹,A1,86.00,前橋@08/15-08/17;岸和田@08/27-08/29;富山@09/10-09/12;いわき平@09/27-09/29,,
012725,浦山 一栄,A3,69.22,松阪@09/05-09/07;岸和田@09/14-09/16;平塚@09/28-09/30,西武,
012728,飯田 辰哉,A1,90.83,伊東@08/16-08/18;岸和田@08/27-08/29;松阪@09/05-09/07;大宮@09/13-09/15,,
012738,渡邊 一洋,A2,85.50,富山@08/20-08/22;岸和田@08/27-08/29;弥彦@09/07-09/09;立川@09/16-09/18,青森,
012742,山田 雅之,A2,85.33,富山@08/20-08/22;四日市@08/29-08/31;松阪@09/05-09/07;岸和田@09/14-09/16,,
012747,布居 寛幸,A1,84.66,玉野@08/20-08/22;和歌山@08/30-09/01;四日市@09/09-09/11;立川@09/22-09/24,,
012753,柳澤 達也,A3,70.14,和歌山@08/23-08/25;弥彦@09/02-09/04;武雄@09/16-09/18,,
012754,小野 祐作,A3,67.37,玉野@08/20-08/22;伊東@08/27-08/29;武雄@09/16-09/18;弥彦@09/24-09/26,,
012757,市本 隆司,A2,89.77,佐世保@08/18-08/20;川崎@08/30-09/01;いわき平@09/07-09/09;別府@09/16-09/18;岸和田@09/26-09/28,,
012759,金山 栄治,A1,90.55,玉野@08/20-08/22;松山@08/31-09/02;大垣@09/07-09/09;岸和田@09/26-09/28,,
012760,櫻井 宏智,A2,85.33,玉野@08/20-08/22;防府@09/04-09/06;広島@09/28-09/30,,
012763,内村 泰三,A2,86.58,小松島@08/27-08/29;玉野@09/08-09/10;熊本@09/24-09/26,,
012766,立石 拓也,A1,86.33,武雄@08/21-08/23;松山@09/19-09/21;玉野@09/27-09/29,,
012779,田川 辰二,A2,81.88,富山@08/20-08/22;川崎@09/10-09/12;久留米@09/17-09/19,武雄,
012783,平澤 秀信,A3,67.66,いわき平@08/30-09/01;川崎@09/10-09/12;広島@09/20-09/22,西武,
012785,小橋 明紀,A1,93.66,松戸@09/01-09/03;四日市@09/09-09/11,青森,
012794,宇賀神 浩幸,A2,80.83,佐世保@08/18-08/20;伊東@09/07-09/09;川崎@09/17-09/19,,
012795,黒田 充,A3,71.44,熊本@08/24-08/26;弥彦@09/02-09/04;立川@09/16-09/18,,
012800,豊田 一馬,A2,80.83,前橋@08/15-08/17;伊東@09/07-09/09;大垣@09/22-09/24,,
012809,高峰 賢治,A2,87.25,大垣@08/21-08/23;四日市@08/29-08/31;西武園@09/06-09/08;平塚@09/28-09/30,,
012811,江守 昇,A1,89.77,伊東@08/16-08/18;奈良@08/26-08/28;立川@09/03-09/05;川崎@09/17-09/19,,
012819,齊藤 竜也,A1,91.77,立川@08/17-08/19;岸和田@08/27-08/29;松阪@09/05-09/07;弥彦@09/19-09/21,,
012823,遠藤 勝行,A2,84.16,大垣@08/21-08/23;川崎@08/30-09/01;富山@09/10-09/12;伊東@09/23-09/25,,
012826,渡邉 晴智,A1,93.00,富山@09/10-09/12;青森@09/26-09/28,,
012827,光岡 義洋,A3,71.06,静岡@08/30-09/01;武雄@09/09-09/11;大垣@09/22-09/24,,
012829,西浦 仙哉,A1,92.44,玉野@08/26-08/28;四日市@09/09-09/11;別府@09/16-09/18,,
012832,仙石 淳,A3,73.22,玉野@08/20-08/22;武雄@09/09-09/11;松山@09/19-09/21,,
012838,三木 健治,A2,80.44,松山@08/21-08/23;防府@09/04-09/06;佐世保@09/20-09/22,武雄,
012844,米澤 大輔,A2,,久留米@09/05-09/07;弥彦@09/19-09/21,,
012845,林 成人,A2,79.66,高知@08/25-08/27;松山@09/19-09/21;平塚@09/28-09/30,,
012847,古閑 良介,A3,66.00,松山@08/21-08/23;いわき平@08/30-09/01;大垣@09/13-09/15;広島@09/20-09/22,,
012850,渡邉 満,A2,78.44,奈良@08/20-08/22;別府@09/16-09/18;伊東@09/23-09/25,岐阜,
012858,亀井 宏佳,A3,68.33,伊東@08/16-08/18;立川@08/22-08/24;弥彦@09/02-09/04;武雄@09/09-09/11;広島@09/20-09/22,,
012861,小坂 敏之,A2,79.66,前橋@08/15-08/17;岐阜@08/24-08/26;宇都宮@08/31-09/02;弥彦@09/07-09/09;青森@09/14-09/16,,
012875,中曽 直彦,A2,78.33,立川@08/17-08/19;岐阜@08/30-09/01;弥彦@09/07-09/09;青森@09/26-09/28,,
012876,湯浅 弘光,A3,72.11,立川@08/22-08/24;静岡@08/30-09/01;豊橋@09/11-09/13;広島@09/20-09/22,,
012878,安藤 宜明,A3,74.00,熊本@08/24-08/26;松阪@09/05-09/07;川崎@09/17-09/19,,
012879,石井 毅,A2,81.50,伊東@08/16-08/18;富山@09/03-09/05;豊橋@09/11-09/13;いわき平@09/27-09/29,,
012882,鈴木 愼二,A2,80.77,立川@08/17-08/19;小松島@08/27-08/29;武雄@09/03-09/05;いわき平@09/15-09/17;広島@09/28-09/30,,
012883,大沼 孝行,A3,67.88,別府@08/16-08/18;伊東@09/02-09/04;大垣@09/13-09/15;大宮@09/21-09/23,,
012885,田中 智也,A3,68.25,宇都宮@08/24-08/26;静岡@08/30-09/01;立川@09/16-09/18;川崎@09/24-09/26,,
012886,中井 達郎,A1,89.66,大垣@08/21-08/23;静岡@09/18-09/20;平塚@09/28-09/30,青森,
012891,朝日 勇,A2,80.88,高知@08/18-08/20;松阪@08/25-08/27;四日市@09/09-09/11;静岡@09/18-09/20;防府@09/29-10/01,,
012893,吉野 猛,A3,71.41,松山@08/21-08/23;西武園@09/06-09/08;大垣@09/13-09/15;広島@09/20-09/22,,
012895,小嶋 敬二,A1,93.83,川崎@08/19-08/21;立川@09/03-09/05;富山@09/10-09/12;広島@09/28-09/30,,
012899,中井 護,A2,,,,
012906,太田 良政,A3,65.50,奈良@08/20-08/22;静岡@08/30-09/01;松山@09/19-09/21;平塚@09/28-09/30,,
012910,塩川 真一郎,A3,74.66,別府@08/16-08/18;宇都宮@08/24-08/26;弥彦@09/02-09/04;いわき平@09/15-09/17,,
012913,増田 鉄男,A3,64.80,熊本@08/24-08/26;松山@09/19-09/21;平塚@09/28-09/30,,
012914,武市 和人,A2,76.00,高知@08/18-08/20;玉野@08/26-08/28;防府@09/04-09/06;大宮@09/13-09/15,,
012920,山崎 岳志,A2,85.11,武雄@08/21-08/23;四日市@09/09-09/11;久留米@09/17-09/19,,
012924,太田黒 大心,A2,88.44,佐世保@08/18-08/20;松阪@08/25-08/27;松山@09/19-09/21;防府@09/29-10/01,,
012930,浦崎 貴史,A3,68.66,いわき平@08/30-09/01;大垣@09/13-09/15;大宮@09/21-09/23,西武,
012934,煤賀 隆幸,A3,66.16,宇都宮@08/24-08/26;立川@09/16-09/18;平塚@09/28-09/30,,
012937,十文字 菊雄,A1,83.33,高知@09/09-09/11;静岡@09/18-09/20,,
012938,鈴木 規純,A3,72.11,立川@08/17-08/19;静岡@08/30-09/01;西武園@09/06-09/08;大垣@09/22-09/24,,
012940,小室 貴広,A2,82.23,弥彦@08/18-08/20;岐阜@08/30-09/01;いわき平@09/07-09/09;岸和田@09/14-09/16,,
012944,渡邊 恭典,A2,,立川@08/17-08/19;岐阜@08/30-09/01;西武園@09/06-09/08;岸和田@09/14-09/16;武雄@09/27-09/29,,
012946,亀井 雅斗,A3,72.33,別府@08/16-08/18;宇都宮@08/24-08/26;川崎@09/10-09/12;小松島@09/17-09/19;弥彦@09/24-09/26,,
012953,矢内 良和,A2,81.33,西武園@08/21-08/23;松阪@08/31-09/02;富山@09/10-09/12;いわき平@09/27-09/29,,
012955,太田 真一,A2,79.22,武雄@08/21-08/23;西武園@08/31-09/02;大垣@09/07-09/09,青森,
012956,鈴木 孝征,A2,80.00,前橋@08/15-08/17;高知@08/25-08/27;立川@09/16-09/18;小松島@09/23-09/25,,
012957,宮澤 晃,A2,82.91,四日市@08/17-08/19;西武園@08/31-09/02;川崎@09/10-09/12,,
012960,水書 義弘,A2,86.08,佐世保@08/18-08/20;松山@08/31-09/02;京王閣@09/08-09/10,,
012963,荻野 哲,A2,87.33,西武園@08/21-08/23;豊橋@09/11-09/13;弥彦@09/19-09/21,,
012965,成田 健児,A1,,川崎@09/17-09/19;武雄@09/27-09/29,,
012966,石川 英昭,A3,70.88,立川@08/22-08/24;いわき平@08/30-09/01;武雄@09/16-09/18;弥彦@09/24-09/26,,
012970,山内 大作,A3,64.14,立川@08/22-08/24;いわき平@08/30-09/01;京王閣@09/08-09/10;大宮@09/21-09/23,,
012971,小川 将人,A2,81.83,静岡@08/15-08/17;玉野@08/26-08/28;防府@09/04-09/06;大垣@09/22-09/24,,
012972,金子 貴志,A1,90.11,岸和田@08/27-08/29;防府@09/04-09/06;大垣@09/22-09/24,奈良,
012976,中井 修,A3,69.33,松阪@08/25-08/27;大垣@09/13-09/15;弥彦@09/24-09/26,,
012981,片山 弘城,A1,90.00,松山@08/21-08/23;高知@09/20-09/22;武雄@09/27-09/29,京王,
012982,上原 直樹,A3,67.58,大垣@09/13-09/15;広島@09/20-09/22,,
012986,近藤 直幹,A3,65.35,松山@08/21-08/23;いわき平@08/30-09/01;川崎@09/10-09/12;広島@09/20-09/22,,
012989,森岡 正臣,A1,83.22,松山@08/21-08/23;高知@09/20-09/22;玉野@09/27-09/29,京王,
012992,吉良 勝信,A2,80.37,佐世保@08/18-08/20;松阪@08/25-08/27;玉野@09/08-09/10;弥彦@09/19-09/21,,
012997,後田 康成,A3,68.22,奈良@08/20-08/22;静岡@08/30-09/01;武雄@09/09-09/11;小松島@09/17-09/19,,
013005,小笠原 昭太,A1,87.08,前橋@08/15-08/17;青森@09/14-09/16;大垣@09/22-09/24,,
013006,佐々木 健司,A2,80.60,前橋@08/15-08/17;小倉@08/28-08/30;豊橋@09/04-09/06;青森@09/21-09/23,,
013013,武田 靖夫,A3,,青森@08/24-08/26;西武園@09/06-09/08;川崎@09/17-09/19;弥彦@09/24-09/26,,
013014,江連 和洋,A1,85.11,大垣@08/21-08/23;和歌山@08/30-09/01;弥彦@09/07-09/09;広島@09/28-09/30,,
013023,吉田 英二,A3,68.52,立川@08/22-08/24;松阪@09/05-09/07;いわき平@09/15-09/17;大垣@09/22-09/24,,
013027,戸ノ下 太郎,A3,69.33,別府@08/16-08/18;四日市@08/29-08/31;松阪@09/05-09/07;武雄@09/16-09/18,,
013029,藤田 晃英,A3,66.16,立川@08/17-08/19;青森@08/24-08/26;京王閣@09/08-09/10;小松島@09/17-09/19,,
013030,梶山 大輔,A3,69.75,伊東@08/27-08/29;大垣@09/13-09/15;川崎@09/24-09/26,西武,
013036,深澤 伸介,A2,80.55,立川@08/17-08/19;奈良@08/26-08/28;松阪@09/05-09/07;青森@09/26-09/28,,
013037,町田 勝志,A3,67.11,伊東@08/16-08/18;四日市@08/29-08/31;松阪@09/05-09/07;松山@09/12-09/14,,
013039,松山 正和,A2,77.44,小松島@08/27-08/29;弥彦@09/07-09/09;岸和田@09/14-09/16,青森,
013040,服部 竜二,A3,62.75,奈良@08/20-08/22;武雄@09/16-09/18;別府@09/24-09/26,,
013041,三浦 稔希,A1,83.25,玉野@08/20-08/22;松山@08/31-09/02;いわき平@09/07-09/09,,
013042,渡邊 健,A1,87.11,富山@08/20-08/22;岐阜@08/30-09/01;西武園@09/06-09/08;伊東@09/23-09/25,,
013047,田中 俊充,A1,88.33,四日市@08/17-08/19;岸和田@08/27-08/29;立川@09/03-09/05;富山@09/10-09/12,,
013049,南 大輔,A3,72.44,伊東@08/27-08/29;豊橋@09/11-09/13;大宮@09/21-09/23,西武,
013054,石丸 寛之,A1,89.44,玉野@08/20-08/22;川崎@09/10-09/12;別府@09/24-09/26,岐阜,
013056,山本 貴章,A2,80.44,高知@08/18-08/20;立川@09/03-09/05;久留米@09/17-09/19,,
013058,富 弥昭,A1,89.66,佐世保@08/18-08/20;小松島@08/27-08/29;高知@09/20-09/22;防府@09/29-10/01,,
013061,小磯 知也,A3,69.58,玉野@08/20-08/22;伊東@08/27-08/29;武雄@09/09-09/11;松山@09/19-09/21,,
013062,藤原 義浩,A3,66.33,熊本@08/24-08/26;久留米@09/05-09/07;松山@09/12-09/14,,
013063,赤松 秀展,A3,72.66,豊橋@08/18-08/20;松阪@08/25-08/27;弥彦@09/02-09/04;武雄@09/16-09/18,,
013068,城戸崎 隆史,A2,80.50,富山@08/20-08/22;玉野@09/02-09/04;静岡@09/18-09/20,,
013069,白川 有司,A2,80.58,玉野@09/02-09/04;伊東@09/23-09/25,武雄,
013075,平 総一,A2,82.80,川崎@08/19-08/21;久留米@09/05-09/07;熊本@09/24-09/26,,
013080,阿部 利光,A3,69.66,立川@08/17-08/19;青森@08/24-08/26;弥彦@09/02-09/04;富山@09/10-09/12;川崎@09/17-09/19,,
013082,小泉 俊也,A3,68.00,松阪@09/05-09/07;岸和田@09/14-09/16;大宮@09/21-09/23,,
013086,坂本 毅,A2,78.25,武雄@08/21-08/23;和歌山@08/30-09/01;玉野@09/08-09/10;いわき平@09/15-09/17,,
013099,大橋 直人,A2,82.77,大垣@08/21-08/23;松戸@09/01-09/03;玉野@09/08-09/10,青森,
013105,松本 一成,A3,67.20,伊東@08/16-08/18;松戸@09/01-09/03;松山@09/12-09/14,,
013106,赤井 学,,,,,
013109,志村 正洋,A3,70.14,豊橋@08/18-08/20;いわき平@08/30-09/01;武雄@09/09-09/11;立川@09/16-09/18,,
013110,法月 成祐,A1,86.55,弥彦@08/18-08/20;川崎@08/30-09/01;玉野@09/08-09/10;いわき平@09/15-09/17,,
013112,佐藤 明,A2,81.00,四日市@08/17-08/19;宇都宮@08/31-09/02;玉野@09/08-09/10;青森@09/26-09/28,,
013117,鳥越 靖弘,A1,87.08,松山@08/21-08/23;四日市@08/29-08/31;大宮@09/13-09/15;高知@09/20-09/22,,
013119,松尾 淳,A2,79.55,防府@09/04-09/06;前橋@09/11-09/13;静岡@09/18-09/20,,
013120,宮越 大,A1,,,,
013121,山田 晃久,A1,82.25,防府@08/23-08/25;富山@09/03-09/05;佐世保@09/20-09/22,,
013127,北浦 弘幹,A2,77.33,四日市@08/17-08/19;松阪@09/05-09/07;岸和田@09/14-09/16;大垣@09/22-09/24,,
013128,梶原 秀庸,A3,70.33,熊本@08/24-08/26;松戸@09/01-09/03;松山@09/12-09/14;奈良@09/24-09/26,,
013129,原田 隆,A2,,,,
013131,藤野 一良,A3,77.16,松山@08/21-08/23;松阪@09/05-09/07;小松島@09/17-09/19;弥彦@09/24-09/26,,
013142,黒田 大介,A2,79.66,玉野@08/20-08/22;松山@08/31-09/02;大垣@09/07-09/09,岐阜,
013143,鳥生 知八,A2,,武雄@09/03-09/05;岸和田@09/26-09/28,,
013145,瓦田 勝也,A3,70.33,立川@08/22-08/24;いわき平@08/30-09/01;武雄@09/16-09/18;弥彦@09/24-09/26,,
013146,八谷 誠賢,A1,92.25,高知@08/18-08/20;岐阜@08/24-08/26;青森@09/14-09/16;熊本@09/24-09/26,,
013147,米嶋 賢二,A2,78.87,奈良@08/20-08/22;松山@08/31-09/02;玉野@09/08-09/10;伊東@09/23-09/25,武雄,
013155,四元 慎也,A2,83.66,玉野@08/26-08/28;京王閣@09/08-09/10;小松島@09/23-09/25,岐阜,
013161,齋藤 和也,A3,68.07,豊橋@08/18-08/20;宇都宮@08/24-08/26;弥彦@09/07-09/09;岸和田@09/14-09/16,,
013171,岩橋 則明,A2,80.88,いわき平@09/15-09/17;平塚@09/28-09/30,,
013172,金子 周一郎,A2,80.66,弥彦@08/18-08/20;小松島@08/27-08/29;岐阜@09/13-09/15;いわき平@09/27-09/29,,
013175,峠 祐介,A2,76.77,岸和田@08/27-08/29;武雄@09/03-09/05;川崎@09/10-09/12,奈良,
013176,早川 成矢,A3,71.91,伊東@08/27-08/29;松阪@09/05-09/07;川崎@09/17-09/19,,
013179,飯島 淳,A2,80.16,高知@08/25-08/27;前橋@09/11-09/13;静岡@09/18-09/20,,
013183,坂木田 雄介,A2,82.38,前橋@08/15-08/17;小倉@08/28-08/30;大宮@09/13-09/15;立川@09/22-09/24,,
013184,相樂 修,A3,67.25,京王閣@09/08-09/10;いわき平@09/15-09/17;平塚@09/28-09/30,,
013186,永山 英司,A3,,,,
013188,山田 幸司,A1,88.83,高知@08/18-08/20;和歌山@08/30-09/01;西武園@09/06-09/08;青森@09/26-09/28,,
013192,平田 徹,A2,82.91,佐世保@08/18-08/20;松戸@09/01-09/03;四日市@09/09-09/11,,
013196,竹田 和幸,A1,83.00,前橋@08/15-08/17;岐阜@08/24-08/26;松阪@08/31-09/02;久留米@09/17-09/19,,
013197,鈴木 幸紀,A1,86.83,高知@08/18-08/20;宇都宮@08/31-09/02;岸和田@09/14-09/16,,
013199,北野 武史,A1,94.22,防府@08/23-08/25;松阪@09/05-09/07;青森@09/21-09/23,岐阜,
013201,北川 紋部,A2,78.75,奈良@08/20-08/22;防府@09/04-09/06;豊橋@09/11-09/13,,
013206,岡崎 和久,A3,73.11,松山@08/21-08/23;静岡@08/30-09/01;西武園@09/06-09/08;奈良@09/24-09/26,,
013207,葉狩 伸泰,A2,,川崎@08/19-08/21;前橋@09/11-09/13;松山@09/19-09/21,岐阜,
013209,奥谷 広巳,A2,87.55,西武園@08/21-08/23;武雄@09/03-09/05;青森@09/21-09/23,,
013210,川本 恵二,A3,70.16,宇都宮@08/24-08/26;西武園@08/31-09/02;岸和田@09/14-09/16;大垣@09/22-09/24,,
013212,岡田 浩太,A3,68.28,立川@08/22-08/24;弥彦@09/02-09/04;別府@09/24-09/26,,
013214,水本 博行,A3,78.00,松阪@08/25-08/27;伊東@09/02-09/04;奈良@09/24-09/26,,
013216,古城 英之,A3,71.28,松山@08/21-08/23;いわき平@08/30-09/01;京王閣@09/08-09/10;弥彦@09/24-09/26,,
013217,佐々木 英之,A3,65.75,松山@08/21-08/23;静岡@08/30-09/01;小松島@09/17-09/19;別府@09/24-09/26,,
013219,宮本 佳樹,A2,78.16,奈良@08/26-08/28;防府@09/15-09/17;岸和田@09/26-09/28,,
013232,柳 充,A3,68.63,伊東@08/16-08/18;立川@08/22-08/24;弥彦@09/02-09/04;武雄@09/16-09/18,,
013233,小松 剛之,A2,82.77,立川@08/17-08/19;高知@08/25-08/27;富山@09/10-09/12;青森@09/26-09/28,,
013235,榊枝 輝文,A3,71.00,立川@08/17-08/19;宇都宮@08/24-08/26;西武園@08/31-09/02;大垣@09/13-09/15,,
013242,尾崎 剛,A1,93.44,岐阜@08/30-09/01;京王閣@09/08-09/10;大垣@09/22-09/24,,
013244,小林 高志,A3,66.25,青森@08/24-08/26;静岡@08/30-09/01;西武園@09/06-09/08;弥彦@09/24-09/26,,
013246,山崎 充央,A2,80.50,玉野@08/26-08/28;松阪@09/05-09/07;立川@09/22-09/24,,
013253,柴田 功一郎,A2,79.71,伊東@08/16-08/18;岐阜@08/30-09/01;玉野@09/08-09/10;川崎@09/17-09/19,,
013255,安坂 洋一,A3,70.66,宇都宮@08/24-08/26;弥彦@09/02-09/04;広島@09/20-09/22,,
013259,望月 紀男,A2,88.88,弥彦@08/18-08/20;四日市@08/29-08/31;前橋@09/11-09/13;大垣@09/22-09/24,,
013261,柴田 昌樹,A3,70.08,豊橋@08/18-08/20;松阪@08/25-08/27;弥彦@09/02-09/04;松山@09/12-09/14,,
013263,田中 雅史,A2,84.83,大垣@08/17-08/19;松山@08/31-09/02;いわき平@09/07-09/09;岸和田@09/14-09/16,,
013264,山中 貴雄,A3,70.91,別府@08/16-08/18;松阪@08/25-08/27;伊東@09/02-09/04;大宮@09/21-09/23,,
013266,伊藤 嘉浩,A3,70.66,玉野@08/20-08/22;松阪@09/05-09/07;豊橋@09/11-09/13;松山@09/19-09/21,西武,
013267,鷲見 逸喜,A1,88.41,玉野@08/20-08/22;松阪@08/31-09/02;岐阜@09/13-09/15;佐世保@09/20-09/22,,
013270,中川 貴史,A1,82.83,大垣@08/21-08/23;富山@09/03-09/05;高知@09/20-09/22,,
013271,鮒田 博文,A2,83.91,大垣@08/21-08/23;川崎@08/30-09/01;富山@09/10-09/12;高知@09/20-09/22,,
013272,古田 義明,A3,66.64,豊橋@08/18-08/20;久留米@09/05-09/07;岸和田@09/14-09/16,,
013273,西 徹,A2,82.22,和歌山@08/30-09/01;西武園@09/06-09/08;防府@09/15-09/17,,
013275,渡辺 航平,A1,85.77,富山@08/20-08/22;和歌山@08/30-09/01;伊東@09/07-09/09;川崎@09/17-09/19,,
013283,小林 卓人,A1,88.75,静岡@08/15-08/17;前橋@09/11-09/13;伊東@09/23-09/25,,
013285,吉川 悟,A2,81.55,前橋@08/15-08/17;岐阜@08/24-08/26;弥彦@09/19-09/21;岸和田@09/26-09/28,,
013294,木村 勉,A2,82.77,防府@08/23-08/25;佐世保@09/20-09/22;広島@09/28-09/30,,
013296,林 明宏,A1,85.55,高知@09/09-09/11;岸和田@09/26-09/28,,
013298,井手 健,A2,77.00,玉野@08/20-08/22;高知@09/20-09/22;武雄@09/27-09/29,岐阜,
013303,須々田 大昇,A3,69.33,別府@08/16-08/18;青森@08/24-08/26;川崎@09/10-09/12;小松島@09/17-09/19;奈良@09/24-09/26,,
013307,浦川 尊明,A1,91.00,高知@09/09-09/11;青森@09/26-09/28,奈良,
013308,木村 貴宏,A1,90.33,前橋@08/15-08/17;防府@08/23-08/25;四日市@09/09-09/11;静岡@09/18-09/20;青森@09/26-09/28,,
013311,根本 雄紀,A1,87.88,静岡@08/15-08/17;伊東@09/07-09/09;別府@09/16-09/18,,
013314,鈴木 宏章,A3,73.11,立川@08/22-08/24;西武園@08/31-09/02;豊橋@09/11-09/13,,
013320,村上 順規,A3,66.00,青森@08/24-08/26;伊東@09/02-09/04;岸和田@09/14-09/16;弥彦@09/24-09/26,,
013324,市川 博章,A3,68.91,豊橋@08/18-08/20;西武園@09/06-09/08;平塚@09/28-09/30,,
013327,高橋 健太,A3,69.20,熊本@08/24-08/26;伊東@09/02-09/04;武雄@09/16-09/18,,
013330,舘 泰守,A1,89.57,前橋@08/15-08/17;松阪@08/25-08/27;松戸@09/01-09/03;高知@09/20-09/22,,
013331,橋本 大祐,A3,70.41,松阪@08/25-08/27;松戸@09/01-09/03;富山@09/10-09/12;弥彦@09/24-09/26,,
013332,吉村 和之,A1,88.50,奈良@08/26-08/28;前橋@09/11-09/13;大垣@09/22-09/24,,
013333,小西 誠也,A2,82.77,静岡@08/15-08/17;西武園@08/31-09/02;富山@09/10-09/12,,
013345,中村 美千隆,A2,82.07,防府@08/23-08/25;松阪@08/31-09/02;久留米@09/17-09/19,,
013348,内藤 敦,A2,80.83,松阪@08/25-08/27;川崎@09/10-09/12;別府@09/24-09/26,,
013349,三宅 旬,A2,79.83,西武園@08/21-08/23;立川@09/03-09/05;大宮@09/13-09/15;玉野@09/27-09/29,,
013352,吉永 和生,A1,85.18,武雄@08/21-08/23;佐世保@09/12-09/14;防府@09/29-10/01,岐阜,
013353,吉永 好宏,A1,85.00,小松島@08/27-08/29;防府@09/04-09/06;岐阜@09/13-09/15,,
013354,國村 洋,A1,89.33,高知@08/25-08/27;防府@09/04-09/06;玉野@09/27-09/29,,
013358,行成 大祐,A2,80.36,四日市@08/17-08/19;いわき平@09/07-09/09;武雄@09/27-09/29,,
013359,吉田 彰久,A3,74.53,松山@08/21-08/23;静岡@08/30-09/01;松山@09/12-09/14;奈良@09/24-09/26,,
013363,宇根 秀俊,A2,85.33,玉野@08/26-08/28;豊橋@09/04-09/06;別府@09/16-09/18,,
013366,加藤 昌平,A3,74.60,青森@08/24-08/26;弥彦@09/02-09/04;小松島@09/17-09/19;川崎@09/24-09/26,,
013370,三槻 智清,A2,86.00,小倉@08/28-08/30;佐世保@09/20-09/22,,
013371,足達 重満,A2,81.66,佐世保@08/18-08/20;奈良@08/26-08/28;いわき平@09/07-09/09;玉野@09/27-09/29,,
013374,川野 正芳,A2,84.08,佐世保@08/18-08/20;玉野@09/02-09/04;武雄@09/27-09/29,,
013375,五反田 豊和,A3,71.91,立川@08/22-08/24;久留米@09/05-09/07;大垣@09/13-09/15;奈良@09/24-09/26,,
013378,小田桐 義継,A3,70.16,立川@08/17-08/19;西武園@08/31-09/02;武雄@09/16-09/18;弥彦@09/24-09/26,,
013382,成田 直喜,A1,90.08,武雄@08/21-08/23;松阪@09/05-09/07;川崎@09/17-09/19,,
013384,金子 兼久,A2,82.22,西武園@08/21-08/23;伊東@09/07-09/09;岸和田@09/14-09/16;大垣@09/22-09/24,京王,
013385,鎌田 聡,A2,80.00,玉野@08/26-08/28;松阪@09/05-09/07;伊東@09/23-09/25,,
013398,関 敬,A3,72.40,静岡@08/30-09/01;弥彦@09/07-09/09;川崎@09/17-09/19,,
013399,塚本 勝士,A2,78.77,川崎@08/19-08/21;四日市@09/09-09/11;静岡@09/18-09/20;いわき平@09/27-09/29,青森,
013400,稲村 好将,A1,82.25,玉野@09/02-09/04;立川@09/22-09/24,,
013402,沼川 夢久,A3,67.28,伊東@08/27-08/29;松阪@09/05-09/07;川崎@09/17-09/19,西武,
013405,宮下 貴之,A1,87.33,弥彦@08/18-08/20;小倉@08/28-08/30;豊橋@09/04-09/06;青森@09/26-09/28,,
013408,川村 昭弘,A3,77.50,宇都宮@08/24-08/26;弥彦@09/02-09/04;松山@09/12-09/14;大宮@09/21-09/23,,
013413,鶴岡 與之,A3,71.33,和歌山@08/23-08/25;松戸@09/01-09/03;大垣@09/13-09/15;弥彦@09/24-09/26,,
013415,山崎 明寛,A3,67.50,立川@08/22-08/24;松戸@09/01-09/03;川崎@09/17-09/19;奈良@09/24-09/26,,
013416,飯尾 主税,A1,84.88,和歌山@08/23-08/25;松阪@08/31-09/02;川崎@09/10-09/12;いわき平@09/27-09/29,青森,
013417,梅原 大治,A2,83.41,松阪@08/31-09/02;川崎@09/17-09/19,,
013421,富澤 洋祐,A3,72.44,青森@08/24-08/26;西武園@08/31-09/02;松山@09/12-09/14,,
013423,増田 利明,A1,84.41,富山@08/20-08/22;小倉@08/28-08/30;松阪@09/05-09/07;大宮@09/13-09/15,,
013426,本村 隆文,A2,82.33,富山@08/20-08/22;豊橋@09/04-09/06;岐阜@09/13-09/15;佐世保@09/20-09/22,京王,
013434,石黒 健,A2,86.16,西武園@08/21-08/23;玉野@09/02-09/04;四日市@09/09-09/11;熊本@09/24-09/26,武雄,
013435,中石 昌芳,A1,89.16,松山@08/21-08/23;大垣@09/07-09/09;防府@09/15-09/17,,
013439,青井 賢治,A1,93.77,奈良@08/26-08/28;防府@09/15-09/17;平塚@09/28-09/30,,
013445,中村 良二,A1,92.00,玉野@08/20-08/22;大垣@09/07-09/09;久留米@09/17-09/19;武雄@09/27-09/29,,
013446,丸林 一孝,A3,68.13,熊本@08/24-08/26;伊東@09/02-09/04;いわき平@09/15-09/17,,
013447,坂本 晃輝,A1,89.75,武雄@08/21-08/23;高知@09/09-09/11;静岡@09/18-09/20,,
013451,松本 大地,A3,76.66,立川@08/22-08/24;静岡@08/30-09/01;川崎@09/10-09/12;松山@09/19-09/21,,
013452,齊藤 紳一朗,A3,69.25,四日市@08/29-08/31;立川@09/16-09/18;川崎@09/24-09/26,,
013453,阿部 宏之,A2,79.00,松戸@09/01-09/03;四日市@09/09-09/11;広島@09/28-09/30,,
013454,関戸 努,A3,65.11,立川@08/17-08/19;熊本@08/24-08/26,,
013456,小林 和彦,A3,74.66,伊東@08/27-08/29;豊橋@09/11-09/13;大宮@09/21-09/23,西武,
013461,市川 健太,A2,,,,
013465,春日 勇人,A1,85.83,武雄@08/21-08/23;弥彦@09/07-09/09;大垣@09/22-09/24,京王,
013468,勝俣 亮,A2,79.41,大垣@08/21-08/23;川崎@08/30-09/01;いわき平@09/07-09/09;岸和田@09/26-09/28,,
013469,野村 純宏,A2,81.30,弥彦@08/18-08/20;松山@08/31-09/02;川崎@09/10-09/12,,
013470,畠山 裕行,A3,68.25,いわき平@08/30-09/01;大宮@09/21-09/23;平塚@09/28-09/30,西武,
013471,松坂 英司,A1,86.83,静岡@08/15-08/17;松山@08/31-09/02;川崎@09/10-09/12,,
013473,大塚 英伸,,,,,
013477,宮司 周郎,A1,88.22,岸和田@08/27-08/29;久留米@09/05-09/07;佐世保@09/20-09/22,岐阜,
013479,田中 秀治,A2,86.83,奈良@08/20-08/22;岸和田@08/27-08/29;富山@09/10-09/12;久留米@09/17-09/19,,
013480,林 洋二,A3,72.75,熊本@08/24-08/26;伊東@09/02-09/04;松山@09/12-09/14,西武,
013482,松崎 貴久,A2,86.00,岐阜@08/30-09/01;富山@09/10-09/12;佐世保@09/20-09/22,奈良,
013483,宮越 孝治,A1,89.50,岐阜@08/30-09/01;いわき平@09/07-09/09;久留米@09/17-09/19;別府@09/24-09/26,,
013484,表 大暁,A2,81.40,四日市@08/17-08/19;富山@09/03-09/05;豊橋@09/11-09/13,,
013485,善利 裕生,A2,86.77,玉野@08/20-08/22;岸和田@08/27-08/29;いわき平@09/07-09/09;佐世保@09/20-09/22,,
013489,藤井 孝則,A3,70.44,玉野@08/20-08/22;四日市@08/29-08/31;久留米@09/05-09/07;松山@09/19-09/21,,
013491,近藤 範昌,A1,85.73,豊橋@09/04-09/06;高知@09/20-09/22,,
013492,坂本 智哉,A3,,玉野@08/20-08/22;大垣@09/13-09/15;別府@09/24-09/26,,
013493,立花 成泰,A1,85.55,玉野@08/20-08/22;小倉@08/28-08/30;松山@09/19-09/21;広島@09/28-09/30,,
013494,土井 勲,A2,80.21,佐世保@08/18-08/20;大垣@09/07-09/09;青森@09/14-09/16;小松島@09/23-09/25,,
013505,住村 実,A3,69.61,立川@08/22-08/24;弥彦@09/02-09/04;小松島@09/17-09/19;川崎@09/24-09/26,,
013506,田村 浩章,A2,79.60,武雄@08/21-08/23;玉野@09/02-09/04;青森@09/21-09/23;平塚@09/28-09/30,,
013507,吉岡 篤志,A1,85.58,防府@08/23-08/25;いわき平@09/15-09/17;別府@09/24-09/26,,
013508,曽我部 匡史,A3,74.00,宇都宮@08/24-08/26;伊東@09/02-09/04;川崎@09/10-09/12,,
013512,長野 和弘,A2,82.66,松山@08/21-08/23;京王閣@09/08-09/10;高知@09/20-09/22,,
013513,南 和夫,A3,65.53,松阪@08/25-08/27;久留米@09/05-09/07;いわき平@09/15-09/17;弥彦@09/24-09/26,,
013521,中野 良,A3,73.00,伊東@08/16-08/18;青森@08/24-08/26;松戸@09/01-09/03;川崎@09/10-09/12,,
013525,亀井 道佳,A3,68.37,いわき平@08/30-09/01;弥彦@09/07-09/09;小松島@09/17-09/19,,
013526,三澤 勝成,A3,72.66,豊橋@08/18-08/20;四日市@08/29-08/31;弥彦@09/07-09/09;大垣@09/22-09/24,,
013531,伊藤 司,A3,65.40,京王閣@09/08-09/10;川崎@09/17-09/19;奈良@09/24-09/26,,
013535,平沼 由充,A1,87.77,高知@08/18-08/20;小倉@08/28-08/30;西武園@09/06-09/08;広島@09/28-09/30,,
013538,小林 圭介,A1,,富山@09/03-09/05;川崎@09/17-09/19;いわき平@09/27-09/29,,
013541,高森 圭介,A3,69.11,別府@08/16-08/18;宇都宮@08/24-08/26;伊東@09/02-09/04;立川@09/16-09/18,,
013543,内海 雅夫,A3,70.42,和歌山@08/23-08/25;いわき平@08/30-09/01;京王閣@09/08-09/10;川崎@09/17-09/19,,
013546,田村 真広,A1,86.75,弥彦@09/07-09/09;岸和田@09/14-09/16,,
013547,土屋 宏,A2,83.58,伊東@08/16-08/18;岐阜@08/30-09/01;弥彦@09/07-09/09;川崎@09/17-09/19,,
013548,手島 志誠,A2,,富山@08/20-08/22;玉野@09/02-09/04;いわき平@09/27-09/29,青森,
013549,堀 勝政,A3,73.00,いわき平@08/30-09/01;弥彦@09/07-09/09;立川@09/16-09/18;川崎@09/24-09/26,西武,
013550,安部 達也,A1,88.60,小松島@08/27-08/29;立川@09/03-09/05;岸和田@09/14-09/16,,
013551,女屋 文伸,A3,71.83,西武園@08/31-09/02;立川@09/16-09/18,,
013553,小島 雅章,A2,81.33,静岡@08/15-08/17;松阪@08/31-09/02;弥彦@09/07-09/09,,
013555,台 和紀,A1,88.66,静岡@08/15-08/17;松戸@09/01-09/03;玉野@09/08-09/10,,
013556,山信田 学,A2,81.20,佐世保@08/18-08/20;伊東@09/07-09/09;広島@09/28-09/30,,
013560,小佐野 文秀,A2,85.33,高知@09/09-09/11;別府@09/16-09/18;いわき平@09/27-09/29,奈良,
013567,吉原 友彦,A3,65.00,弥彦@09/07-09/09;川崎@09/17-09/19,,
013568,大木 雅也,A1,89.22,防府@08/23-08/25;宇都宮@08/31-09/02;四日市@09/09-09/11,奈良,
013570,加藤 寛治,A1,87.44,松山@08/21-08/23;西武園@08/31-09/02;前橋@09/11-09/13,京王,
013571,小林 信晴,A1,93.25,大垣@08/17-08/19;防府@09/04-09/06;久留米@09/17-09/19,,
013575,渡会 啓介,A2,80.11,防府@08/23-08/25;岐阜@08/30-09/01;松山@09/19-09/21;玉野@09/27-09/29,,
013576,土岐 幹多,A2,83.50,奈良@08/20-08/22;武雄@09/03-09/05;青森@09/21-09/23,,
013580,河村 章憲,A2,83.09,前橋@08/15-08/17;奈良@08/26-08/28;豊橋@09/11-09/13;高知@09/20-09/22,,
013581,薮 謙治,A2,79.00,大垣@08/21-08/23;岐阜@08/30-09/01;佐世保@09/12-09/14;岸和田@09/26-09/28,,
013582,肥後 尚己,A1,91.33,川崎@08/19-08/21;岐阜@09/13-09/15;小松島@09/23-09/25,,
013584,坂田 学,A2,78.35,前橋@08/15-08/17;和歌山@08/23-08/25;松阪@08/31-09/02;松山@09/19-09/21,,
013587,船曳 義之,A2,79.66,佐世保@08/18-08/20;松阪@08/25-08/27;玉野@09/02-09/04;四日市@09/09-09/11,,
013588,齋藤 仁,A3,68.50,奈良@08/20-08/22;伊東@08/27-08/29;京王閣@09/08-09/10;川崎@09/24-09/26,,
013589,佐竹 和也,A1,88.33,高知@08/25-08/27;武雄@09/03-09/05;広島@09/28-09/30,,
013591,山本 宏明,A3,,弥彦@09/02-09/04;松山@09/12-09/14,,
013594,高田 真幸,A1,82.90,松山@08/21-08/23;いわき平@09/15-09/17;小松島@09/23-09/25,,
013595,別所 英幸,A2,77.83,川崎@08/19-08/21;防府@09/15-09/17;別府@09/24-09/26,武雄,
013601,工藤 政志,A2,84.11,伊東@08/16-08/18;岐阜@08/24-08/26;玉野@09/02-09/04;川崎@09/10-09/12,,
013608,鈴木 誠,A1,83.00,西武園@08/21-08/23;青森@09/21-09/23,,
013610,土屋 仁,A1,88.83,伊東@08/16-08/18;和歌山@08/30-09/01;大宮@09/13-09/15;大垣@09/22-09/24,,
013613,宗景 祐樹,A2,,,,
013615,山口 貴弘,A2,84.66,岸和田@08/27-08/29;弥彦@09/07-09/09;立川@09/16-09/18;いわき平@09/27-09/29,青森,
013616,渡邉 高志,A1,86.16,立川@08/17-08/19;岐阜@08/24-08/26;松阪@09/05-09/07;弥彦@09/19-09/21,,
013621,國廣 哲治,A2,82.22,立川@08/17-08/19;川崎@08/30-09/01;京王閣@09/08-09/10;川崎@09/17-09/19;青森@09/26-09/28,,
013629,福森 慎太郎,A2,76.55,立川@08/17-08/19;西武園@08/31-09/02;伊東@09/07-09/09;大垣@09/22-09/24,,
013632,川口 直人,A1,92.66,静岡@08/15-08/17;高知@08/25-08/27;伊東@09/07-09/09;立川@09/16-09/18,,
013635,柏木 伸介,A2,,岐阜@08/30-09/01;弥彦@09/07-09/09;別府@09/16-09/18,,
013638,村上 卓茂,A2,86.44,玉野@08/20-08/22;川崎@08/30-09/01;西武園@09/06-09/08;岸和田@09/14-09/16,岐阜,
013640,西村 豊,A1,91.88,大垣@08/21-08/23;豊橋@09/11-09/13;玉野@09/27-09/29,,
013641,竹内 一暢,A1,83.66,奈良@08/26-08/28;防府@09/04-09/06;岸和田@09/26-09/28,岐阜,
013645,川木 敬大,A1,84.83,松阪@08/25-08/27;久留米@09/05-09/07;青森@09/21-09/23,岐阜,
013646,日浅 保幸,A2,78.10,大垣@08/17-08/19;玉野@08/26-08/28;防府@09/04-09/06;静岡@09/18-09/20;岸和田@09/26-09/28,,
013647,光畑 政志,A3,71.11,松山@08/21-08/23;静岡@08/30-09/01;いわき平@09/15-09/17;弥彦@09/24-09/26,,
013650,吉本 哲郎,A1,93.00,西武園@08/21-08/23;宇都宮@08/31-09/02;久留米@09/17-09/19,武雄,
013651,井山 和裕,A3,68.00,久留米@09/05-09/07;川崎@09/24-09/26,,
013652,隅 直幸,A1,82.28,佐世保@08/18-08/20;玉野@09/02-09/04;岸和田@09/26-09/28,,
013653,森安 崇之,A1,92.88,川崎@08/19-08/21;立川@09/03-09/05;佐世保@09/12-09/14;伊東@09/23-09/25,武雄,
013654,滝山 実,A2,81.66,川崎@08/19-08/21;松山@08/31-09/02;四日市@09/09-09/11,武雄,
013659,高比良 豪,A2,79.50,高知@08/18-08/20;小倉@08/28-08/30;佐世保@09/12-09/14;熊本@09/24-09/26,,
013660,徳吉 広紀,A2,84.40,玉野@08/20-08/22;青森@09/14-09/16;別府@09/24-09/26,,
013663,中野 功史,A3,69.33,熊本@08/24-08/26;小松島@09/17-09/19;川崎@09/24-09/26,,
013667,田中 洋輔,A1,85.22,佐世保@08/18-08/20;松阪@08/25-08/27;松山@09/19-09/21;防府@09/29-10/01,,
013668,佐々木 孝司,A2,81.33,前橋@08/15-08/17;岸和田@08/27-08/29;松阪@09/05-09/07;川崎@09/17-09/19,,
013676,塚本 諭,A3,70.22,別府@08/16-08/18;青森@08/24-08/26;いわき平@09/15-09/17;川崎@09/24-09/26,,
013678,菊池 崇訓,A3,67.83,伊東@09/02-09/04;武雄@09/09-09/11,西武,
013684,吉橋 秀城,A3,65.66,別府@08/16-08/18;宇都宮@08/24-08/26;立川@09/16-09/18;弥彦@09/24-09/26,,
013690,伊藤 大理,A2,83.83,奈良@08/26-08/28;松阪@09/05-09/07;立川@09/16-09/18,,
013692,佐野 多喜男,A3,70.00,熊本@08/24-08/26;西武園@08/31-09/02;松山@09/12-09/14;広島@09/20-09/22,,
013693,藤原 憲征,A1,93.00,佐世保@08/18-08/20;川崎@09/10-09/12;熊本@09/24-09/26,,
013695,岡本 英之,A1,88.41,西武園@08/21-08/23;宇都宮@08/31-09/02;青森@09/14-09/16,,
013705,佐藤 有輝,A3,73.35,伊東@08/16-08/18;青森@08/24-08/26;岸和田@09/14-09/16;平塚@09/28-09/30,,
013710,榎本 光男,A2,,,,
013711,小林 則之,A1,91.00,岸和田@08/27-08/29;大垣@09/07-09/09;いわき平@09/15-09/17;武雄@09/27-09/29,青森,
013713,丸山 勝也,A3,67.33,別府@08/16-08/18;和歌山@08/23-08/25;川崎@09/10-09/12;小松島@09/17-09/19,,
013716,佐藤 亙,A1,88.75,小倉@08/28-08/30;岸和田@09/14-09/16;別府@09/24-09/26,,
013723,高谷 進太郎,A2,,岸和田@08/27-08/29;松阪@09/05-09/07;佐世保@09/20-09/22;玉野@09/27-09/29,,
013728,伊狩 知人,A3,70.66,豊橋@08/18-08/20;伊東@08/27-08/29;久留米@09/05-09/07;松山@09/12-09/14,,
013729,堺 文人,A2,81.11,大垣@08/17-08/19;豊橋@09/04-09/06;防府@09/15-09/17;別府@09/24-09/26,,
013735,井上 剛,A3,72.88,弥彦@09/02-09/04;広島@09/20-09/22,,
013736,榊原 洋,A2,81.30,松山@08/21-08/23;武雄@09/03-09/05;立川@09/22-09/24,,
013738,眞鍋 伸也,A2,76.45,岐阜@08/24-08/26;立川@09/03-09/05;佐世保@09/12-09/14;高知@09/20-09/22,武雄,
013740,大久保 直也,A3,,立川@08/22-08/24;いわき平@08/30-09/01;武雄@09/16-09/18;奈良@09/24-09/26,,
013742,葛西 雄太郎,A2,82.30,川崎@08/30-09/01;久留米@09/17-09/19;玉野@09/27-09/29,,
013743,藤田 剣次,A3,74.00,青森@08/24-08/26;川崎@09/10-09/12;弥彦@09/24-09/26,,
013747,伊藤 大志,A1,95.77,防府@08/23-08/25;富山@09/10-09/12;青森@09/21-09/23,京王,
013748,佐々木 省司,A1,90.00,小松島@08/27-08/29;弥彦@09/07-09/09;いわき平@09/27-09/29,奈良,
013749,及川 裕奨,A3,74.88,岸和田@09/14-09/16;川崎@09/24-09/26,西武,
013755,佐藤 悦夫,A1,,奈良@08/26-08/28;岐阜@09/13-09/15;平塚@09/28-09/30,,
013760,矢口 啓一郎,A2,88.22,小松島@08/27-08/29;京王閣@09/08-09/10;川崎@09/17-09/19,奈良,
013761,新井 剛央,A2,80.00,松阪@08/31-09/02;弥彦@09/07-09/09,,
013763,川上 真二郎,A3,71.58,立川@08/22-08/24;京王閣@09/08-09/10;大宮@09/21-09/23,,
013766,武井 大介,A1,89.70,大垣@08/17-08/19,,
013767,松丸 裕紀,A3,71.08,豊橋@08/18-08/20;伊東@08/27-08/29;武雄@09/09-09/11;別府@09/24-09/26,,
013768,旭 啓介,A3,70.33,立川@08/17-08/19;西武園@08/31-09/02;大垣@09/22-09/24,,
013771,吉川 誠,A3,,岸和田@09/14-09/16;弥彦@09/24-09/26,,
013775,鈴木 良太,A1,85.66,玉野@09/02-09/04;前橋@09/11-09/13;青森@09/26-09/28,,
013776,小塚 潤,A3,70.41,静岡@08/30-09/01;松山@09/12-09/14;大宮@09/21-09/23,,
013781,服部 正継,A3,68.57,玉野@08/20-08/22;伊東@08/27-08/29;松阪@09/05-09/07;岸和田@09/14-09/16,,
013782,原 真司,A1,87.25,奈良@08/20-08/22;岐阜@08/30-09/01;四日市@09/09-09/11;玉野@09/27-09/29,,
013784,太田 雅之,A2,78.22,大垣@08/21-08/23;富山@09/03-09/05;久留米@09/17-09/19;玉野@09/27-09/29,,
013788,白崎 芳典,A3,67.55,別府@08/16-08/18;松阪@08/25-08/27;豊橋@09/11-09/13;弥彦@09/24-09/26,,
013792,辰己 豊,A1,84.00,玉野@08/20-08/22;和歌山@08/30-09/01;大垣@09/07-09/09;岸和田@09/14-09/16,,
013794,川西 亮介,A3,66.40,熊本@08/24-08/26;松阪@09/05-09/07;小松島@09/17-09/19,,
013796,陶器 一馬,A3,71.09,奈良@08/20-08/22;西武園@08/31-09/02;富山@09/10-09/12;弥彦@09/24-09/26,,
013799,真田 晃,A2,83.44,富山@08/20-08/22;岸和田@08/27-08/29;西武園@09/06-09/08;熊本@09/24-09/26,,
013802,大林 亮介,A3,73.60,立川@08/22-08/24;伊東@09/02-09/04;奈良@09/24-09/26,,
013809,杉山 剛,A2,82.76,武雄@08/21-08/23;岐阜@09/13-09/15;高知@09/20-09/22,,
013810,良永 浩一,A1,88.80,高知@08/25-08/27;富山@09/03-09/05;松山@09/19-09/21;防府@09/29-10/01,,
013811,池田 浩士,A2,87.00,松阪@08/25-08/27;京王閣@09/08-09/10;防府@09/15-09/17,,
013817,吉川 裕二,A2,83.44,西武園@08/21-08/23;青森@09/14-09/16;広島@09/28-09/30,京王,
013818,赤星 俊光,A3,63.28,玉野@08/20-08/22;いわき平@08/30-09/01;小松島@09/17-09/19;弥彦@09/24-09/26,,
013822,米原 大輔,A2,81.22,小松島@08/27-08/29;玉野@09/08-09/10;佐世保@09/20-09/22;防府@09/29-10/01,,
013824,上吹越 直樹,A1,93.00,武雄@08/21-08/23;玉野@09/02-09/04;別府@09/16-09/18,,
013826,田原 大広,A1,87.88,伊東@08/16-08/18;岸和田@08/27-08/29;青森@09/14-09/16;いわき平@09/27-09/29,,
013827,佐藤 雅彦,A1,88.44,立川@08/17-08/19;四日市@08/29-08/31;京王閣@09/08-09/10;武雄@09/27-09/29,,
013828,引地 正人,A1,83.66,佐世保@08/18-08/20;玉野@09/08-09/10,,
013830,田崎 良太郎,A3,,豊橋@08/18-08/20;伊東@08/27-08/29;武雄@09/09-09/11;立川@09/16-09/18,,
013834,平石 浩之,A1,88.22,弥彦@08/18-08/20;玉野@09/08-09/10;青森@09/21-09/23,青森,
013838,山田 武,A2,78.00,伊東@08/16-08/18;西武園@08/31-09/02;青森@09/21-09/23,,
013839,若林 耕司,A2,78.63,弥彦@08/18-08/20;武雄@09/03-09/05;佐世保@09/12-09/14;青森@09/26-09/28,,
013840,高瀬 卓,A3,64.33,立川@08/17-08/19;宇都宮@08/24-08/26;大垣@09/13-09/15;広島@09/20-09/22,,
013845,加賀美 智史,A2,82.40,佐世保@08/18-08/20;西武園@08/31-09/02;伊東@09/07-09/09;青森@09/14-09/16,,
013847,小林 大能,A3,64.00,伊東@08/16-08/18;宇都宮@08/24-08/26;弥彦@09/02-09/04;武雄@09/16-09/18,,
013853,長田 祐弥,A1,90.00,岐阜@08/30-09/01;高知@09/09-09/11;いわき平@09/27-09/29,,
013854,川田 忍,A2,84.33,静岡@08/15-08/17;和歌山@08/23-08/25;松戸@09/01-09/03;青森@09/21-09/23,,
013857,浅沼 聖士,A2,83.61,前橋@08/15-08/17;小倉@08/28-08/30;大垣@09/07-09/09;青森@09/26-09/28,,
013859,荒木 伸哉,A1,86.70,弥彦@08/18-08/20;岐阜@08/30-09/01;立川@09/16-09/18;岸和田@09/26-09/28,,
013860,藤原 清隆,,,,,
013861,岡田 大門,A3,68.80,奈良@08/20-08/22;伊東@08/27-08/29;大垣@09/13-09/15;弥彦@09/24-09/26,,
013863,吉田 健市,A1,88.50,大垣@08/21-08/23;豊橋@09/04-09/06;松山@09/19-09/21,,
013867,樋口 奨平,A3,69.25,別府@08/16-08/18;和歌山@08/23-08/25;富山@09/10-09/12;奈良@09/24-09/26,,
013884,守谷 陽介,A1,91.41,四日市@08/17-08/19;京王閣@09/08-09/10;高知@09/20-09/22;玉野@09/27-09/29,,
013885,柳谷 崇,A1,91.25,高知@08/18-08/20;富山@09/03-09/05;佐世保@09/20-09/22,,
013887,沖本 尚織,A3,74.66,別府@08/16-08/18;熊本@08/24-08/26;松山@09/12-09/14;平塚@09/28-09/30,,
013888,細川 貴史,A1,83.25,佐世保@08/18-08/20;高知@08/25-08/27;玉野@09/02-09/04;青森@09/21-09/23,,
013890,藤原 浩,A1,86.33,高知@08/18-08/20;川崎@08/30-09/01;青森@09/14-09/16;熊本@09/24-09/26,,
013892,梶山 裕次郎,A2,80.63,松山@08/21-08/23;富山@09/03-09/05;久留米@09/17-09/19;熊本@09/24-09/26,,
013893,片山 直人,A2,76.50,富山@09/03-09/05;玉野@09/27-09/29,岐阜,
013895,松尾 大樹,A2,79.16,玉野@08/20-08/22;佐世保@09/20-09/22;防府@09/29-10/01,岐阜,
013896,安東 英博,A2,81.60,大垣@08/17-08/19;玉野@09/08-09/10;高知@09/20-09/22,,
013897,加藤 大輔,A3,72.53,別府@08/16-08/18;青森@08/24-08/26;京王閣@09/08-09/10;いわき平@09/15-09/17;平塚@09/28-09/30,,
013899,山田 和巧,A2,87.22,伊東@08/16-08/18;四日市@08/29-08/31;松阪@09/05-09/07;立川@09/16-09/18,,
013901,山田 敦也,A1,95.25,玉野@08/26-08/28;武雄@09/03-09/05;青森@09/26-09/28,,
013902,岩崎 将士,A1,84.25,佐世保@08/18-08/20;豊橋@09/11-09/13;青森@09/26-09/28,,
013903,川崎 健次,A1,93.11,小松島@08/27-08/29;武雄@09/03-09/05;立川@09/16-09/18;平塚@09/28-09/30,青森,
013907,佐藤 正吾,A2,84.66,四日市@08/17-08/19;武雄@09/03-09/05;豊橋@09/11-09/13;青森@09/26-09/28,,
013908,菅田 和宏,A2,83.33,伊東@08/16-08/18;西武園@08/31-09/02;立川@09/22-09/24,,
013910,高橋 秀吉,A1,85.91,立川@08/17-08/19;奈良@08/26-08/28;伊東@09/07-09/09;青森@09/26-09/28,,
013914,小谷田 公則,A1,85.33,大垣@08/21-08/23;伊東@09/07-09/09;別府@09/16-09/18;平塚@09/28-09/30,青森,
013915,坂口 卓士,A2,87.33,伊東@08/16-08/18;宇都宮@08/31-09/02;佐世保@09/12-09/14,,
013916,白石 大輔,A1,86.25,四日市@08/17-08/19;岸和田@08/27-08/29;伊東@09/07-09/09;防府@09/15-09/17,,
013924,阿久津 修,A1,87.88,岸和田@08/27-08/29;松阪@09/05-09/07;青森@09/21-09/23,,
013925,黒田 篤,A2,81.50,前橋@08/15-08/17;玉野@09/02-09/04;大宮@09/13-09/15;青森@09/26-09/28,,
013926,早坂 道義,A3,71.41,伊東@08/16-08/18;立川@08/22-08/24;弥彦@09/02-09/04;武雄@09/16-09/18;川崎@09/24-09/26,,
013927,高橋 由記,A3,68.55,青森@08/24-08/26;弥彦@09/07-09/09;いわき平@09/15-09/17;奈良@09/24-09/26,,
013929,宮内 善光,A2,89.50,大垣@08/17-08/19;松阪@08/31-09/02;前橋@09/11-09/13,,
013932,井上 雄三,A1,80.75,四日市@08/17-08/19;宇都宮@08/31-09/02;高知@09/09-09/11,,
013933,藤田 竜矢,A1,88.16,弥彦@08/18-08/20;川崎@09/10-09/12;熊本@09/24-09/26,,
013936,小埜 正義,A1,90.54,四日市@08/17-08/19;富山@09/03-09/05;青森@09/14-09/16;いわき平@09/27-09/29,,
013942,大西 健士,A2,83.28,佐世保@08/18-08/20;弥彦@09/07-09/09;防府@09/15-09/17,,
013947,石橋 慎太郎,A1,94.66,伊東@09/07-09/09;平塚@09/28-09/30,,
013950,松山 桂輔,A1,88.83,西武園@08/21-08/23;富山@09/03-09/05;久留米@09/17-09/19;熊本@09/24-09/26,,
013951,永井 清史,A2,80.33,川崎@08/19-08/21;防府@09/15-09/17;別府@09/24-09/26,,
013952,東 鉄也,A2,82.08,岸和田@08/27-08/29;久留米@09/17-09/19;防府@09/29-10/01,,
013953,坂元 洋行,A2,80.33,四日市@08/17-08/19;大垣@09/07-09/09;松山@09/19-09/21,,
013955,三宅 裕武,A1,92.91,松山@08/21-08/23;松阪@08/31-09/02;豊橋@09/11-09/13;大垣@09/22-09/24,,
013957,堂村 知哉,A2,84.66,防府@08/23-08/25;松山@08/31-09/02;富山@09/10-09/12;小松島@09/23-09/25,岐阜,
013959,鷲田 佳史,A1,90.11,富山@08/20-08/22;和歌山@08/30-09/01;松山@09/19-09/21;広島@09/28-09/30,,
013964,高田 大輔,A3,71.22,奈良@08/20-08/22;伊東@08/27-08/29;小松島@09/17-09/19;平塚@09/28-09/30,,
013965,岡田 雅也,A3,73.33,松山@08/21-08/23;川崎@09/10-09/12;小松島@09/17-09/19;弥彦@09/24-09/26,,
013968,越智 展孝,A2,84.00,富山@08/20-08/22;玉野@08/26-08/28;高知@09/09-09/11;弥彦@09/19-09/21,,
013969,武田 良太,A2,79.63,四日市@08/17-08/19;松阪@08/25-08/27;富山@09/03-09/05;玉野@09/27-09/29,,
013970,三好 陽一,A1,81.25,小松島@08/27-08/29;富山@09/03-09/05;武雄@09/27-09/29,岐阜,
013971,内山 拓,A1,87.22,玉野@09/02-09/04;青森@09/21-09/23,武雄,
013972,富永 昌久,A3,67.41,別府@08/16-08/18;京王閣@09/08-09/10;弥彦@09/24-09/26,,
013974,大竹野 裕樹,A3,76.66,立川@08/22-08/24;静岡@08/30-09/01;京王閣@09/08-09/10;武雄@09/16-09/18,,
013979,竹内 優也,A2,85.83,富山@09/03-09/05;大宮@09/13-09/15,奈良,
013980,森田 康嗣,A2,87.16,弥彦@08/18-08/20;小松島@08/27-08/29;武雄@09/03-09/05;いわき平@09/27-09/29,,
013983,大崎 智久,A2,82.16,小松島@08/27-08/29;富山@09/03-09/05;いわき平@09/27-09/29,,
013984,栗林 巧,A1,,立川@09/16-09/18;熊本@09/24-09/26,,
013985,高橋 陽介,A1,85.00,武雄@09/27-09/29,,
013988,阿部 英光,A2,84.50,川崎@08/19-08/21;西武園@09/06-09/08;岐阜@09/13-09/15;小松島@09/23-09/25,青森,
013989,大泉 英則,A2,78.33,前橋@08/15-08/17;防府@08/23-08/25;岐阜@08/30-09/01;伊東@09/07-09/09;平塚@09/28-09/30,,
013993,佐藤 朋也,A1,88.80,弥彦@08/18-08/20;豊橋@09/04-09/06;前橋@09/11-09/13,,
013994,杉山 悠也,A1,96.00,川崎@08/19-08/21;松山@08/31-09/02;弥彦@09/07-09/09;岸和田@09/26-09/28,武雄,
013996,丸山 貴秀,A1,95.11,和歌山@08/23-08/25;立川@09/03-09/05;いわき平@09/15-09/17,,
013998,桂馬 将人,A3,71.33,いわき平@08/30-09/01;豊橋@09/11-09/13;広島@09/20-09/22;平塚@09/28-09/30,西武,
014003,須賀 和彦,A2,86.11,伊東@08/16-08/18;和歌山@08/23-08/25;松阪@08/31-09/02;京王閣@09/08-09/10;立川@09/22-09/24,,
014005,山本 健也,A1,89.66,弥彦@08/18-08/20;岸和田@08/27-08/29;前橋@09/11-09/13;大垣@09/22-09/24,,
014006,青木 亮太,A3,69.30,静岡@08/30-09/01;松山@09/12-09/14;大宮@09/21-09/23,,
014008,甲斐 康昭,A2,80.33,静岡@08/15-08/17;松戸@09/01-09/03;豊橋@09/11-09/13;熊本@09/24-09/26,,
014010,長谷川 辰徳,A3,66.16,和歌山@08/23-08/25;四日市@08/29-08/31;岸和田@09/14-09/16;川崎@09/24-09/26,,
014011,細沼 健治,A2,78.25,青森@09/26-09/28,,
014012,関 智晴,A2,82.22,伊東@08/16-08/18;和歌山@08/23-08/25;富山@09/03-09/05;弥彦@09/19-09/21,,
014014,須藤 雄太,A3,,伊東@08/27-08/29;大垣@09/13-09/15;大宮@09/21-09/23,西武,
014015,米倉 剛志,A3,69.41,四日市@08/29-08/31;弥彦@09/07-09/09;立川@09/16-09/18;川崎@09/24-09/26,,
014019,長崎 達也,A3,68.00,四日市@08/29-08/31;西武園@09/06-09/08;大垣@09/22-09/24,西武,
014021,森川 剛,A2,78.12,伊東@08/16-08/18;岐阜@09/13-09/15;いわき平@09/27-09/29,,
014024,櫻井 丈,A1,86.33,前橋@08/15-08/17;玉野@09/02-09/04;青森@09/14-09/16,,
014027,臼井 昌巨,A3,73.50,別府@08/16-08/18;西武園@08/31-09/02;武雄@09/09-09/11,,
014031,筒井 裕哉,A1,89.66,高知@08/18-08/20;西武園@08/31-09/02;防府@09/29-10/01,,
014032,藤田 真,A1,86.66,高知@08/18-08/20;玉野@08/26-08/28;武雄@09/03-09/05;豊橋@09/11-09/13;別府@09/24-09/26,,
014033,藤縄 洋介,A3,70.77,和歌山@08/23-08/25;伊東@09/02-09/04;豊橋@09/11-09/13,西武,
014034,鳥丸 晃順,A3,73.00,豊橋@08/18-08/20;松阪@08/25-08/27;京王閣@09/08-09/10;松山@09/19-09/21,,
014035,伊藤 大彦,A1,88.60,松山@08/21-08/23;いわき平@09/07-09/09;熊本@09/24-09/26,,
014036,篠原 龍馬,A1,89.91,武雄@08/21-08/23;久留米@09/05-09/07;いわき平@09/15-09/17,,
014037,橋本 勝弘,A2,80.40,小松島@08/27-08/29;富山@09/03-09/05;立川@09/22-09/24;防府@09/29-10/01,,
014040,竹内 真一,A2,82.00,武雄@08/21-08/23;宇都宮@08/31-09/02;玉野@09/27-09/29,奈良,
014042,徳吉 正治,A3,70.26,奈良@08/20-08/22;松山@09/12-09/14;川崎@09/24-09/26,,
014044,八尋 英輔,A1,86.00,松阪@08/25-08/27;青森@09/14-09/16;別府@09/24-09/26,,
014046,秋山 貴宏,A3,73.25,奈良@08/20-08/22;弥彦@09/02-09/04;いわき平@09/15-09/17;川崎@09/24-09/26,,
014048,川島 勝,A2,86.25,奈良@08/20-08/22;岐阜@09/13-09/15;高知@09/20-09/22,,
014049,廣田 樹里,A3,74.33,豊橋@08/18-08/20;伊東@08/27-08/29;武雄@09/09-09/11;川崎@09/24-09/26,,
014056,橋本 紀彰,A2,82.77,武雄@08/21-08/23;四日市@09/09-09/11;いわき平@09/27-09/29,青森,
014057,松田 優一,A2,85.41,立川@08/17-08/19;松戸@09/01-09/03;防府@09/15-09/17,,
014058,佐藤 謙,A2,86.41,松戸@09/01-09/03;玉野@09/08-09/10;川崎@09/17-09/19,,
014059,高塩 讓次,A1,94.08,宇都宮@08/31-09/02;玉野@09/08-09/10,青森,
014061,塚本 和宏,A2,,西武園@08/21-08/23;四日市@08/29-08/31;いわき平@09/07-09/09;青森@09/21-09/23,,
014062,齋藤 昌弘,A2,79.83,岸和田@08/27-08/29;富山@09/03-09/05;川崎@09/10-09/12,,
014064,吉松 賢二,A3,71.36,伊東@08/16-08/18;大垣@09/13-09/15;大宮@09/21-09/23,,
014066,池田 勇人,A1,93.22,弥彦@08/18-08/20;西武園@09/06-09/08;岸和田@09/14-09/16;平塚@09/28-09/30,,
014067,工藤 考生,A3,71.50,伊東@08/16-08/18;いわき平@08/30-09/01;大垣@09/13-09/15;大宮@09/21-09/23,,
014069,渡邊 政幸,A3,69.90,伊東@08/16-08/18;青森@08/24-08/26;弥彦@09/07-09/09;大宮@09/21-09/23,,
014070,秋葉 大輔,A2,86.11,立川@08/17-08/19;川崎@08/30-09/01;玉野@09/08-09/10;青森@09/26-09/28,,
014072,伊藤 之人,A3,73.66,伊東@08/16-08/18;西武園@08/31-09/02;川崎@09/10-09/12;大宮@09/21-09/23,,
014075,松根 真,A2,79.08,高知@08/18-08/20;松山@08/31-09/02;弥彦@09/19-09/21,,
014077,古屋 琢晶,A1,89.11,川崎@08/19-08/21;富山@09/03-09/05;大宮@09/13-09/15;大垣@09/22-09/24,,
014078,植草 亮介,A1,81.66,前橋@08/15-08/17;松阪@08/31-09/02;大垣@09/07-09/09;川崎@09/17-09/19,,
014079,江本 博明,A2,80.41,高知@08/18-08/20;富山@09/03-09/05;いわき平@09/27-09/29,,
014080,近藤 隆司,A1,96.16,弥彦@08/18-08/20;松阪@08/31-09/02;立川@09/22-09/24,,
014082,高橋 雅之,A1,94.11,富山@08/20-08/22;松戸@09/01-09/03;岸和田@09/14-09/16;大垣@09/22-09/24,,
014083,成清 謙二郎,A1,78.16,大垣@08/21-08/23;四日市@08/29-08/31;伊東@09/07-09/09;岸和田@09/14-09/16,青森,
014084,小菅 誠,A1,89.62,和歌山@08/23-08/25;西武園@08/31-09/02;玉野@09/08-09/10,青森,
014086,齋藤 友幸,A1,86.80,岐阜@08/30-09/01;大宮@09/13-09/15;熊本@09/24-09/26,,
014087,高橋 隆太,A2,79.00,前橋@08/15-08/17;岐阜@08/24-08/26;松阪@08/31-09/02;伊東@09/07-09/09;熊本@09/24-09/26,,
014091,伊原 弘幸,A1,82.66,松阪@08/25-08/27;松戸@09/01-09/03;弥彦@09/19-09/21,,
014092,山出 裕幸,A2,80.44,静岡@08/15-08/17;小倉@08/28-08/30;大垣@09/22-09/24;防府@09/29-10/01,,
014093,窪田 陽介,A3,72.00,別府@08/16-08/18;松戸@09/01-09/03;松山@09/19-09/21,,
014094,有馬 雄二,A2,81.75,和歌山@08/30-09/01;富山@09/10-09/12;静岡@09/18-09/20,奈良,
014098,菊谷 信一,A1,92.00,四日市@08/29-08/31;富山@09/10-09/12;久留米@09/17-09/19,,
014099,坂本 佳憲,A3,66.36,玉野@08/20-08/22;伊東@08/27-08/29;大垣@09/13-09/15;広島@09/20-09/22,,
014101,永橋 武司,A3,68.55,立川@08/22-08/24;四日市@08/29-08/31;豊橋@09/11-09/13;松山@09/19-09/21,,
014102,篠塚 光一,A1,81.50,大垣@08/21-08/23;松阪@09/05-09/07;佐世保@09/20-09/22,京王,
014104,池田 憲昭,A1,93.33,佐世保@08/18-08/20;松阪@08/25-08/27;玉野@09/02-09/04;四日市@09/09-09/11,,
014110,廣川 泰昭,A2,83.20,高知@08/25-08/27;豊橋@09/04-09/06;大宮@09/13-09/15;小松島@09/23-09/25,,
014115,原田 礼,A2,84.50,松山@08/21-08/23;武雄@09/03-09/05;川崎@09/10-09/12;青森@09/21-09/23,,
014116,安東 宏高,A1,86.00,玉野@08/26-08/28;高知@09/09-09/11;広島@09/28-09/30,,
014119,中村 雅仁,A1,90.44,大垣@08/17-08/19;岐阜@08/24-08/26;佐世保@09/12-09/14;青森@09/21-09/23,,
014120,永田 修一,A3,73.41,熊本@08/24-08/26;伊東@09/02-09/04;松山@09/19-09/21,,
014124,石田 宏樹,A3,72.66,立川@08/22-08/24;松阪@09/05-09/07;大垣@09/22-09/24,西武,
014125,坂本 昌宏,A2,80.20,富山@08/20-08/22;松阪@08/31-09/02;伊東@09/07-09/09;静岡@09/18-09/20,,
014126,高谷 敏史,A3,73.41,宇都宮@08/24-08/26;弥彦@09/02-09/04;小松島@09/17-09/19,,
014128,嶋貫 高大,A3,,伊東@08/16-08/18;熊本@08/24-08/26;西武園@09/06-09/08;岸和田@09/14-09/16;川崎@09/24-09/26,,
014130,竹山 陵太,A1,94.11,前橋@08/15-08/17;和歌山@08/30-09/01;いわき平@09/07-09/09;立川@09/16-09/18,,
014132,三澤 康人,A1,90.44,武雄@08/21-08/23;西武園@08/31-09/02;大垣@09/07-09/09;川崎@09/17-09/19,青森,
014133,高橋 紀史,A2,80.66,防府@08/23-08/25;高知@09/09-09/11;松山@09/19-09/21,武雄,
014135,金澤 幸司,A1,95.33,伊東@08/16-08/18;岐阜@08/30-09/01;前橋@09/11-09/13;平塚@09/28-09/30,,
014136,金澤 竜二,A1,96.66,立川@08/17-08/19;奈良@08/26-08/28;富山@09/03-09/05;川崎@09/17-09/19,,
014139,小田倉 勇二,A1,93.33,佐世保@08/18-08/20;岐阜@08/30-09/01;いわき平@09/07-09/09;大垣@09/22-09/24,,
014144,石川 雅望,A1,89.16,大垣@08/17-08/19;富山@09/03-09/05;立川@09/22-09/24,,
014145,篠原 忍,A1,93.00,静岡@08/15-08/17;西武園@08/31-09/02;佐世保@09/20-09/22,,
014153,伊藤 太一,A1,86.00,立川@08/17-08/19;奈良@08/26-08/28;豊橋@09/11-09/13;弥彦@09/19-09/21,,
014154,長岡 豪,A3,69.85,立川@08/17-08/19;青森@08/24-08/26;松阪@09/05-09/07;武雄@09/16-09/18;弥彦@09/24-09/26,,
014155,佐藤 政利,A2,83.33,松山@08/31-09/02;伊東@09/07-09/09,青森,
014157,原田 泰志,A1,85.00,松山@08/31-09/02;伊東@09/23-09/25,青森,
014158,本間 慎吾,A3,74.33,青森@08/24-08/26;いわき平@09/15-09/17;平塚@09/28-09/30,,
014161,藤田 大輔,A1,85.25,宇都宮@08/31-09/02;前橋@09/11-09/13;熊本@09/24-09/26,武雄,
014164,田中 孝彦,A1,86.16,前橋@08/15-08/17;西武園@08/31-09/02;佐世保@09/12-09/14,,
014166,倉野 隆太郎,A2,82.00,岸和田@08/27-08/29;武雄@09/03-09/05;前橋@09/11-09/13;小松島@09/23-09/25,,
014169,富安 保充,A2,83.50,和歌山@08/23-08/25;前橋@09/11-09/13;弥彦@09/19-09/21,,
014171,深見 仁哉,A2,79.20,奈良@08/20-08/22;松阪@08/31-09/02;大垣@09/22-09/24,岐阜,
014172,山田 隼司,A2,80.55,前橋@08/15-08/17;小倉@08/28-08/30;富山@09/10-09/12;久留米@09/17-09/19,,
014178,伊原 克彦,A1,93.77,富山@08/20-08/22;川崎@08/30-09/01;佐世保@09/12-09/14;熊本@09/24-09/26,,
014179,肥後 公允,A3,66.20,玉野@08/20-08/22;伊東@09/02-09/04;広島@09/20-09/22,,
014180,坂本 匡洋,A2,90.58,静岡@08/15-08/17;岐阜@08/24-08/26;西武園@09/06-09/08;玉野@09/27-09/29,,
014181,藤原 悠斗,A2,82.84,武雄@08/21-08/23;玉野@09/02-09/04;四日市@09/09-09/11;青森@09/21-09/23,,
014183,隅田 幸助,A3,64.00,玉野@08/20-08/22;伊東@08/27-08/29;久留米@09/05-09/07;松山@09/12-09/14,,
014185,隅 貴史,A1,89.55,防府@08/23-08/25;玉野@09/08-09/10;弥彦@09/19-09/21,,
014187,大西 祐,A1,90.75,松山@08/21-08/23;小倉@08/28-08/30;川崎@09/10-09/12;玉野@09/27-09/29,,
014192,野本 翔太,A1,83.66,奈良@08/20-08/22;佐世保@09/20-09/22;平塚@09/28-09/30,武雄,
014193,玉手 翔,A1,88.16,前橋@08/15-08/17;岐阜@08/24-08/26;松阪@08/31-09/02;高知@09/09-09/11,,
014194,桑原 亮,A1,90.44,玉野@08/20-08/22;京王閣@09/08-09/10;別府@09/24-09/26,岐阜,
014195,田中 孝法,A2,79.41,高知@08/25-08/27;大垣@09/07-09/09;防府@09/29-10/01,京王,
014202,島田 茂希,A3,71.66,伊東@08/16-08/18;いわき平@08/30-09/01;弥彦@09/07-09/09;武雄@09/16-09/18,,
014204,大崎 和也,A1,86.88,静岡@08/15-08/17;岐阜@08/24-08/26;玉野@09/02-09/04;立川@09/16-09/18,,
014205,日当 泰之,A2,80.50,京王閣@09/08-09/10;大垣@09/22-09/24,青森,
014206,金野 俊秋,A1,88.00,静岡@08/15-08/17;西武園@08/31-09/02;高知@09/09-09/11,,
014209,加美山 隆行,A3,67.50,豊橋@08/18-08/20;静岡@08/30-09/01;いわき平@09/15-09/17;大垣@09/22-09/24,,
014213,岡田 哲夫,A3,67.77,和歌山@08/23-08/25;伊東@09/02-09/04;富山@09/10-09/12,,
014216,田村 純一,A3,75.50,伊東@08/16-08/18;四日市@08/29-08/31;富山@09/10-09/12;奈良@09/24-09/26,,
014218,邊見 斎,A3,71.78,四日市@08/29-08/31;松山@09/12-09/14;大宮@09/21-09/23,,
014220,山崎 悟,A2,79.91,立川@08/17-08/19;西武園@09/06-09/08;青森@09/14-09/16,,
014223,瀧野 勝太,A2,83.75,小倉@08/28-08/30;伊東@09/07-09/09;防府@09/15-09/17,青森,
014224,矢島 一弥,A1,81.33,富山@08/20-08/22;前橋@09/11-09/13;青森@09/26-09/28,,
014225,伊藤 亮,A1,87.71,西武園@08/21-08/23;大垣@09/07-09/09;青森@09/14-09/16,武雄,
014226,大畑 裕貴,A2,84.22,西武園@08/21-08/23;四日市@08/29-08/31;前橋@09/11-09/13;青森@09/21-09/23,,
014227,緒方 剛,A2,80.11,川崎@08/19-08/21;玉野@09/02-09/04;高知@09/09-09/11;立川@09/16-09/18,武雄,
014230,山田 義彦,A1,87.83,大垣@08/21-08/23;伊東@09/07-09/09;防府@09/15-09/17,,
014235,鈴木 庸之,A1,95.44,四日市@08/17-08/19;松阪@09/05-09/07;青森@09/14-09/16,,
014236,本田 拓也,A2,81.16,川崎@08/19-08/21;松阪@08/31-09/02;青森@09/14-09/16,,
014240,須藤 誠,A2,80.66,大垣@08/17-08/19;松阪@08/31-09/02;立川@09/16-09/18,,
014242,亀谷 隆一,A2,78.18,立川@08/17-08/19;伊東@09/07-09/09;青森@09/14-09/16,,
014243,齊藤 健人,A2,80.53,立川@08/17-08/19;松戸@09/01-09/03;富山@09/10-09/12,,
014245,後藤 彰仁,A2,85.00,玉野@08/20-08/22;岸和田@08/27-08/29;豊橋@09/04-09/06;大宮@09/13-09/15;大垣@09/22-09/24,,
014251,関谷 哲平,A3,67.66,奈良@08/20-08/22;伊東@08/27-08/29;西武園@09/06-09/08;岸和田@09/14-09/16,,
014254,武田 和也,A3,69.75,松阪@08/25-08/27;久留米@09/05-09/07;武雄@09/16-09/18,,
014255,西本 直大,A2,84.66,松阪@08/25-08/27;豊橋@09/04-09/06;前橋@09/11-09/13;小松島@09/23-09/25,,
014257,岡崎 克政,A3,73.61,青森@08/24-08/26;伊東@09/02-09/04;武雄@09/16-09/18;平塚@09/28-09/30,,
014258,片山 智晴,A1,89.75,奈良@08/20-08/22;久留米@09/05-09/07;別府@09/24-09/26,,
014261,作田 悦章,A3,78.83,青森@08/24-08/26;武雄@09/09-09/11;広島@09/20-09/22,,
014263,樫山 恭柄,A1,93.00,松山@08/21-08/23;豊橋@09/04-09/06;小松島@09/23-09/25,奈良,
014265,松永 真太,A3,78.50,松山@08/21-08/23;いわき平@08/30-09/01;広島@09/20-09/22;平塚@09/28-09/30,,
014266,宮本 龍一,A3,72.90,宇都宮@08/24-08/26;大垣@09/13-09/15;奈良@09/24-09/26,,
014267,一ノ瀬 匠,A1,87.00,西武園@08/21-08/23;松山@09/19-09/21;防府@09/29-10/01,武雄,
014269,梶原 恵介,A1,82.77,松山@08/21-08/23;富山@09/03-09/05;久留米@09/17-09/19,奈良,
014270,小原 将通,A1,90.33,玉野@08/26-08/28;防府@09/04-09/06;高知@09/20-09/22,岐阜,
014272,松田 直也,A3,68.36,別府@08/16-08/18;宇都宮@08/24-08/26;大垣@09/13-09/15;川崎@09/24-09/26,,
014274,吉成 晃一,A3,71.12,伊東@08/27-08/29;川崎@09/10-09/12;広島@09/20-09/22,,
014275,喜納 隆志,A3,67.90,松山@08/21-08/23;武雄@09/16-09/18;別府@09/24-09/26,,
014276,坂本 敏也,A3,71.77,立川@08/17-08/19;伊東@08/27-08/29;弥彦@09/07-09/09;大宮@09/21-09/23,,
014277,山口 慎吾,A2,85.41,和歌山@08/23-08/25;伊東@09/07-09/09;青森@09/26-09/28,,
014280,井上 公利,A2,84.60,武雄@08/21-08/23;四日市@08/29-08/31;前橋@09/11-09/13;静岡@09/18-09/20,青森,
014281,寺林 正秋,A1,87.08,静岡@08/15-08/17;高知@08/25-08/27;玉野@09/02-09/04;大宮@09/13-09/15,,
014282,石川 恭規,A2,81.22,大垣@08/21-08/23;西武園@08/31-09/02;高知@09/09-09/11;いわき平@09/27-09/29,青森,
014287,齋藤 昌太,A3,67.91,立川@08/17-08/19;松戸@09/01-09/03;豊橋@09/11-09/13;大宮@09/21-09/23,,
014289,羽石 国臣,A3,68.44,和歌山@08/23-08/25;いわき平@08/30-09/01;川崎@09/17-09/19;奈良@09/24-09/26,,
014295,山崎 寛巳,A3,67.88,宇都宮@08/24-08/26;武雄@09/09-09/11;立川@09/16-09/18,,
014296,佐藤 清之,A2,80.09,静岡@08/15-08/17;高知@08/25-08/27;西武園@09/06-09/08;別府@09/16-09/18,,
014297,田中 勝仁,A2,81.83,大垣@08/21-08/23;玉野@09/02-09/04;立川@09/16-09/18,武雄,
014298,蒔田 英彦,A1,95.55,大垣@08/21-08/23;小倉@08/28-08/30;弥彦@09/07-09/09;小松島@09/23-09/25,,
014300,上野 真吾,A1,80.66,伊東@08/16-08/18;和歌山@08/23-08/25;大宮@09/13-09/15;大垣@09/22-09/24,,
014301,齋藤 輝彦,A3,70.37,静岡@08/30-09/01;武雄@09/09-09/11;川崎@09/17-09/19,,
014302,武田 憲祐,A1,88.33,松山@08/31-09/02;伊東@09/07-09/09,,
014303,小川 達也,A1,79.75,和歌山@08/30-09/01;四日市@09/09-09/11;伊東@09/23-09/25,京王,
014304,大竹 哲也,A2,84.33,防府@08/23-08/25;西武園@08/31-09/02;大垣@09/07-09/09;武雄@09/27-09/29,,
014305,大谷 靖茂,A1,88.85,岐阜@08/30-09/01;西武園@09/06-09/08;岸和田@09/14-09/16,,
014314,中川 繁樹,A2,87.66,玉野@08/26-08/28;豊橋@09/11-09/13;弥彦@09/19-09/21,,
014315,西谷 岳文,A2,83.41,前橋@08/15-08/17;和歌山@08/23-08/25;松戸@09/01-09/03;武雄@09/27-09/29,,
014316,山崎 光展,A3,72.76,伊東@08/27-08/29;久留米@09/05-09/07;岸和田@09/14-09/16;別府@09/24-09/26,,
014319,中野 彰人,A3,71.00,玉野@08/20-08/22;武雄@09/09-09/11;別府@09/24-09/26,,
014320,在本 直樹,A2,85.16,岐阜@08/24-08/26;宇都宮@08/31-09/02;玉野@09/08-09/10;いわき平@09/15-09/17,武雄,
014321,石坂 永伍,A1,85.41,武雄@08/21-08/23;川崎@08/30-09/01;大宮@09/13-09/15;防府@09/29-10/01,,
014323,連佛 康浩,A1,76.66,富山@08/20-08/22;京王閣@09/08-09/10;久留米@09/17-09/19,武雄,
014324,内村 竜也,A2,79.00,防府@08/23-08/25;宇都宮@08/31-09/02;高知@09/20-09/22,岐阜,
014326,福島 栄一,A1,88.41,防府@08/23-08/25;久留米@09/05-09/07;青森@09/14-09/16,,
014328,藤田 洋平,A2,79.33,玉野@08/20-08/22;小松島@08/27-08/29;静岡@09/18-09/20;防府@09/29-10/01,,
014329,阿部 功,A2,81.44,いわき平@09/15-09/17;玉野@09/27-09/29,京王,
014331,栗田 貴徳,A1,86.22,富山@08/20-08/22;玉野@09/08-09/10;松山@09/19-09/21,,
014332,芳野 匠,A1,85.41,玉野@08/20-08/22;京王閣@09/08-09/10;別府@09/16-09/18,,
014333,阿部 兼士,A1,89.88,西武園@08/21-08/23;松山@08/31-09/02;四日市@09/09-09/11,武雄,
014334,高倉 俊宏,A2,82.91,大垣@08/17-08/19;玉野@09/08-09/10;弥彦@09/19-09/21,,
014335,中園 朋亨,A2,79.00,奈良@08/20-08/22;小松島@08/27-08/29;佐世保@09/12-09/14;青森@09/21-09/23,,
014336,八尋 翔平,A2,85.00,玉野@08/20-08/22;大宮@09/13-09/15;佐世保@09/20-09/22,岐阜,
014339,成松 春樹,A1,95.08,奈良@08/20-08/22;防府@09/04-09/06;松山@09/19-09/21,,
014340,古川 貴之,A1,90.44,奈良@08/20-08/22;高知@09/20-09/22;武雄@09/27-09/29,,
014341,松尾 玄太,A1,81.42,玉野@08/20-08/22;いわき平@09/07-09/09;防府@09/29-10/01,岐阜,
014342,南部 亮太,A3,75.77,豊橋@08/18-08/20;伊東@08/27-08/29;武雄@09/09-09/11;松山@09/19-09/21,,
014344,園田 鉄兵,A2,81.00,奈良@08/20-08/22;久留米@09/17-09/19;玉野@09/27-09/29,武雄,
014347,外崎 一成,A2,85.33,弥彦@08/18-08/20;岐阜@09/13-09/15;いわき平@09/27-09/29,,
014349,佐藤 純嘉,,,,,
014351,田口 守,A2,76.75,岐阜@09/13-09/15;玉野@09/27-09/29,,
014353,宇佐見 裕輝,A1,88.16,立川@08/17-08/19;西武園@08/31-09/02;広島@09/28-09/30,,
014354,大島 将人,A1,85.22,前橋@08/15-08/17;岐阜@08/30-09/01;玉野@09/08-09/10;いわき平@09/27-09/29,,
014357,佐藤 康恭,A3,71.25,和歌山@08/23-08/25;武雄@09/09-09/11;立川@09/16-09/18;弥彦@09/24-09/26,西武,
014359,関根 彰人,A2,86.50,高知@08/18-08/20;小松島@08/27-08/29;別府@09/16-09/18;武雄@09/27-09/29,,
014360,関根 崇人,A3,70.44,豊橋@08/18-08/20;松山@09/12-09/14;弥彦@09/24-09/26,,
014361,真船 圭一郎,A1,94.00,大垣@08/21-08/23;川崎@08/30-09/01;弥彦@09/07-09/09;岸和田@09/14-09/16,奈良,
014362,岩崎 大和,A2,80.83,伊東@08/16-08/18;防府@08/23-08/25;前橋@09/11-09/13;青森@09/26-09/28,,
014363,中川 昌久,A3,73.33,伊東@08/27-08/29;西武園@09/06-09/08;川崎@09/17-09/19,,
014364,野間 司,A2,82.08,弥彦@08/18-08/20;宇都宮@08/31-09/02;伊東@09/07-09/09;青森@09/26-09/28,,
014365,薮田 貴幸,A3,66.14,弥彦@09/07-09/09;岸和田@09/14-09/16,,
014366,阿久津 浩之,A2,78.26,弥彦@08/18-08/20;岐阜@08/30-09/01;立川@09/16-09/18;広島@09/28-09/30,,
014369,中川 拓也,A3,75.77,伊東@08/16-08/18;宇都宮@08/24-08/26;西武園@09/06-09/08;立川@09/16-09/18,,
014373,鈴木 雄一朗,A3,67.00,いわき平@08/30-09/01;富山@09/10-09/12;平塚@09/28-09/30,,
014374,屋良 朝春,A2,79.83,防府@08/23-08/25;久留米@09/05-09/07;松山@09/19-09/21;玉野@09/27-09/29,武雄,
014378,加賀山 淳,A1,91.00,岐阜@08/30-09/01;静岡@09/18-09/20;平塚@09/28-09/30,,
014381,吉澤 賢,A3,69.00,別府@08/16-08/18;青森@08/24-08/26;川崎@09/10-09/12;大垣@09/22-09/24,,
014382,伊藤 翼,A3,67.73,別府@08/16-08/18;松戸@09/01-09/03;小松島@09/17-09/19,,
014383,河野 要,A2,83.33,松阪@08/31-09/02;青森@09/26-09/28,武雄,
014385,山本 淳,A3,76.50,伊東@08/16-08/18;四日市@08/29-08/31;西武園@09/06-09/08;立川@09/16-09/18,,
014386,伊藤 拓人,A2,79.00,武雄@08/21-08/23;玉野@09/02-09/04;立川@09/16-09/18,,
014387,佐野 恭太,A2,83.83,弥彦@08/18-08/20;豊橋@09/04-09/06;大宮@09/13-09/15,,
014388,水野 悟志,A3,69.37,立川@08/17-08/19;四日市@08/29-08/31;川崎@09/10-09/12;大宮@09/21-09/23,,
014389,村本 慎吾,A3,74.00,伊東@08/27-08/29;弥彦@09/07-09/09;小松島@09/17-09/19,,
014390,愛敬 博之,A1,89.41,川崎@08/30-09/01;岐阜@09/13-09/15;佐世保@09/20-09/22,,
014392,北村 篤,A3,73.66,熊本@08/24-08/26;西武園@08/31-09/02;大垣@09/13-09/15;大宮@09/21-09/23,,
014393,柴田 祐也,A2,77.44,松山@08/21-08/23;宇都宮@08/31-09/02;四日市@09/09-09/11,岐阜,
014395,竹田 慎一,A3,66.55,別府@08/16-08/18;小松島@09/17-09/19,,
014400,志水 祐彦,A2,87.62,松山@08/21-08/23;四日市@08/29-08/31;岸和田@09/14-09/16;大垣@09/22-09/24,,
014402,泉谷 直哉,A2,88.20,静岡@08/15-08/17;玉野@08/26-08/28;防府@09/04-09/06;前橋@09/11-09/13;高知@09/20-09/22,,
014403,櫻井 太士,A1,85.58,高知@08/25-08/27;いわき平@09/07-09/09;小松島@09/23-09/25,,
014404,岩本 純,A1,90.91,西武園@08/21-08/23;小倉@08/28-08/30;京王閣@09/08-09/10;高知@09/20-09/22,,
014407,森 佑樹,A3,68.08,熊本@08/24-08/26;弥彦@09/02-09/04;武雄@09/09-09/11,,
014408,守安 政雄,A2,83.50,四日市@08/17-08/19;小松島@08/27-08/29,,
014410,桶谷 明誉,A1,80.75,小松島@08/27-08/29;弥彦@09/19-09/21;広島@09/28-09/30,,
014411,小谷 文康,A2,80.00,大垣@09/07-09/09;防府@09/15-09/17,,
014412,宮崎 康司,A2,81.66,小倉@08/28-08/30;青森@09/14-09/16;別府@09/24-09/26,奈良,
014413,松本 充生,A3,67.75,青森@08/24-08/26;弥彦@09/02-09/04;広島@09/20-09/22,,
014414,是永 幸寛,A1,83.66,武雄@08/21-08/23;玉野@09/08-09/10;佐世保@09/20-09/22;平塚@09/28-09/30,,
014415,楢原 由将,A2,80.22,四日市@08/17-08/19;小松島@08/27-08/29;立川@09/03-09/05;玉野@09/27-09/29,,
014416,矢田 晋,A3,67.37,立川@08/22-08/24;静岡@08/30-09/01;京王閣@09/08-09/10;小松島@09/17-09/19;弥彦@09/24-09/26,,
014418,安部 龍文,A3,74.00,青森@08/24-08/26;弥彦@09/02-09/04;大垣@09/13-09/15,,
014422,前田 義和,A1,89.08,武雄@08/21-08/23;宇都宮@08/31-09/02;佐世保@09/20-09/22;玉野@09/27-09/29,,
014424,大澤 哉太,A3,66.36,青森@08/24-08/26;大垣@09/13-09/15;広島@09/20-09/22;平塚@09/28-09/30,,
014425,前川 裕希,A3,70.28,立川@08/22-08/24;静岡@08/30-09/01;西武園@09/06-09/08;大宮@09/21-09/23,,
014428,鹿内 翔,A1,87.77,和歌山@08/23-08/25;松阪@08/31-09/02;伊東@09/07-09/09,,
014429,千澤 大輔,A3,70.66,和歌山@08/23-08/25;松戸@09/01-09/03;武雄@09/16-09/18;弥彦@09/24-09/26,,
014430,橋本 祐司,A3,76.33,立川@08/22-08/24;川崎@09/17-09/19;奈良@09/24-09/26,西武,
014432,相澤 恵一,A3,72.00,和歌山@08/23-08/25;静岡@08/30-09/01;武雄@09/09-09/11;広島@09/20-09/22,,
014433,長田 彰人,A3,68.36,別府@08/16-08/18;青森@08/24-08/26;伊東@09/02-09/04;松山@09/12-09/14,,
014434,山崎 功也,A3,74.00,いわき平@08/30-09/01;京王閣@09/08-09/10;小松島@09/17-09/19;平塚@09/28-09/30,,
014438,緑川 修平,A2,79.22,伊東@08/16-08/18;岐阜@08/30-09/01;弥彦@09/07-09/09;青森@09/14-09/16;岸和田@09/26-09/28,,
014439,山崎 司,A1,85.22,静岡@08/15-08/17;玉野@08/26-08/28;富山@09/03-09/05;いわき平@09/15-09/17,,
014443,堀内 昇,A3,71.77,和歌山@08/23-08/25;西武園@08/31-09/02;豊橋@09/11-09/13;広島@09/20-09/22,,
014444,星野 辰也,A1,88.50,伊東@09/07-09/09;いわき平@09/27-09/29,青森,
014446,菅藤 智,A3,67.00,宇都宮@08/24-08/26;松戸@09/01-09/03;岸和田@09/14-09/16;大垣@09/22-09/24,,
014447,三木 翔太,A3,71.44,立川@08/17-08/19;西武園@08/31-09/02;いわき平@09/15-09/17;川崎@09/24-09/26,,
014449,片折 勇輝,A2,77.12,奈良@08/20-08/22;青森@09/14-09/16;熊本@09/24-09/26,武雄,
014452,長井 優斗,A1,88.66,高知@08/18-08/20;玉野@09/02-09/04;川崎@09/10-09/12;青森@09/26-09/28,,
014454,上原 龍,A1,90.66,弥彦@08/18-08/20;岸和田@08/27-08/29;伊東@09/07-09/09;立川@09/16-09/18,,
014455,小野 裕次,A1,90.25,立川@08/17-08/19;松阪@08/31-09/02;京王閣@09/08-09/10;いわき平@09/27-09/29,,
014456,亀井 久幸,A2,80.08,弥彦@08/18-08/20;松戸@09/01-09/03;川崎@09/17-09/19,青森,
014457,北野 良栄,A2,80.77,武雄@08/21-08/23;富山@09/03-09/05;前橋@09/11-09/13,青森,
014459,根藤 浩二,A2,85.41,四日市@08/17-08/19;宇都宮@08/31-09/02;熊本@09/24-09/26,,
014460,矢口 大樹,A1,89.66,高知@08/25-08/27;玉野@09/02-09/04;川崎@09/10-09/12,武雄,
014461,山中 秀将,A1,92.28,佐世保@08/18-08/20;和歌山@08/30-09/01;静岡@09/18-09/20;広島@09/28-09/30,,
014463,久保 将史,A3,63.40,宇都宮@08/24-08/26;松戸@09/01-09/03;大宮@09/21-09/23,,
014464,中西 司,A2,83.88,大垣@08/21-08/23;松阪@08/31-09/02;川崎@09/17-09/19,青森,
014466,二藤 元太,A1,93.83,松阪@08/31-09/02;弥彦@09/07-09/09,京王,
014470,板橋 慎治,A2,81.75,西武園@08/21-08/23;松山@08/31-09/02;豊橋@09/11-09/13,,
014473,重倉 高史,A1,87.08,富山@09/03-09/05;大宮@09/13-09/15;玉野@09/27-09/29,岐阜,
014474,山崎 晃,A2,84.09,奈良@08/20-08/22;西武園@08/31-09/02;武雄@09/27-09/29,岐阜,
014475,高間 悠平,A1,92.55,奈良@08/20-08/22;西武園@09/06-09/08;佐世保@09/20-09/22;玉野@09/27-09/29,,
014476,乾 庄平,A2,84.16,松山@08/21-08/23;大垣@09/07-09/09;熊本@09/24-09/26,岐阜,
014477,白上 翔,A1,93.77,大垣@08/17-08/19;四日市@08/29-08/31;松阪@09/05-09/07;松山@09/19-09/21,,
014479,金子 浩貴,A2,82.50,高知@08/18-08/20;久留米@09/05-09/07;岸和田@09/14-09/16;大垣@09/22-09/24,,
014482,松本 琢也,A3,69.77,宇都宮@08/24-08/26;松戸@09/01-09/03;富山@09/10-09/12;大宮@09/21-09/23,,
014483,竜門 孝宗,A3,69.00,松阪@08/25-08/27;武雄@09/16-09/18;別府@09/24-09/26,,
014486,大瀬戸 潤一郎,A1,91.16,松山@08/31-09/02;青森@09/14-09/16,,
014487,才迫 勇馬,A3,79.20,青森@08/24-08/26;武雄@09/09-09/11;弥彦@09/24-09/26,,
014489,高鍋 邦彰,A2,78.58,小松島@08/27-08/29;川崎@09/10-09/12;防府@09/29-10/01,,
014490,永田 隼一,A3,67.00,,,
014492,飯塚 隼人,A2,80.09,四日市@08/17-08/19;高知@08/25-08/27;久留米@09/05-09/07;佐世保@09/20-09/22,,
014494,山崎 翼,A1,85.16,武雄@08/21-08/23;川崎@08/30-09/01;青森@09/14-09/16;別府@09/24-09/26,岐阜,
014495,下沖 功児,A1,89.86,富山@08/20-08/22;静岡@09/18-09/20;玉野@09/27-09/29,,
014496,天沼 雅貴,A3,71.66,豊橋@08/18-08/20;松阪@09/05-09/07;松山@09/12-09/14;奈良@09/24-09/26,,
014502,相笠 翔太,A2,85.66,前橋@08/15-08/17;小倉@08/28-08/30;豊橋@09/04-09/06;別府@09/16-09/18;伊東@09/23-09/25,,
014503,真船 拓磨,A3,66.75,宇都宮@08/24-08/26;松戸@09/01-09/03;松山@09/12-09/14;奈良@09/24-09/26,,
014510,菅谷 隆司,A1,89.40,立川@09/16-09/18;いわき平@09/27-09/29,,
014513,樋口 絢土,A2,80.83,武雄@08/21-08/23;川崎@09/17-09/19;いわき平@09/27-09/29,,
014516,村松 俊弥,A3,71.66,静岡@08/30-09/01;弥彦@09/07-09/09;武雄@09/16-09/18,西武,
014519,湯浅 大輔,A3,76.66,伊東@08/16-08/18;宇都宮@08/24-08/26;弥彦@09/02-09/04;豊橋@09/11-09/13,,
014520,伊藤 彰規,A2,80.83,弥彦@08/18-08/20;玉野@09/02-09/04;前橋@09/11-09/13,,
014522,高橋 佑輔,A2,82.11,大垣@08/21-08/23;和歌山@08/30-09/01;伊東@09/07-09/09;青森@09/26-09/28,京王,
014525,三ッ井 武,A2,87.66,前橋@08/15-08/17;防府@08/23-08/25;伊東@09/07-09/09;青森@09/26-09/28,,
014526,渡辺 馨,A3,71.66,豊橋@08/18-08/20;伊東@08/27-08/29;富山@09/10-09/12;大垣@09/22-09/24,,
014527,飯田 憲司,A1,87.77,伊東@08/16-08/18;四日市@08/29-08/31;別府@09/16-09/18;いわき平@09/27-09/29,,
014528,落合 達彦,A1,86.60,静岡@08/15-08/17;大垣@08/21-08/23;豊橋@09/04-09/06;前橋@09/11-09/13;熊本@09/24-09/26,,
014530,栗田 雄矢,A1,86.00,弥彦@08/18-08/20;松戸@09/01-09/03;豊橋@09/11-09/13,,
014532,柴田 竜史,A2,81.11,弥彦@08/18-08/20;岸和田@08/27-08/29;伊東@09/07-09/09;小松島@09/23-09/25,,
014533,加藤 正法,A2,79.55,前橋@08/15-08/17;和歌山@08/30-09/01;高知@09/09-09/11;伊東@09/23-09/25,,
014549,戸伏 康夫,A1,83.40,奈良@08/26-08/28;防府@09/15-09/17;平塚@09/28-09/30,,
014550,龍門 慎太郎,A3,71.26,玉野@08/20-08/22;武雄@09/16-09/18;川崎@09/24-09/26,,
014555,水木 裕聡,A3,68.66,静岡@08/30-09/01;大垣@09/13-09/15;別府@09/24-09/26,,
014556,小川 祐司,A2,89.22,佐世保@08/18-08/20;玉野@09/08-09/10;青森@09/21-09/23,,
014559,田山 誠,A3,68.66,奈良@08/20-08/22;伊東@08/27-08/29;久留米@09/05-09/07;松山@09/12-09/14,,
014561,高橋 義秋,A1,90.11,佐世保@08/18-08/20;小松島@08/27-08/29;いわき平@09/15-09/17;玉野@09/27-09/29,,
014563,興呂木 雄治,A2,79.00,松山@08/21-08/23;富山@09/03-09/05;佐世保@09/20-09/22,,
014565,中村 健志,A1,92.55,奈良@08/20-08/22;防府@09/04-09/06;高知@09/20-09/22,,
014566,安谷屋 将志,A2,82.33,佐世保@08/18-08/20;高知@08/25-08/27;防府@09/04-09/06;久留米@09/17-09/19,,
014567,仲松 勝太,A2,84.00,小松島@08/27-08/29;玉野@09/08-09/10;久留米@09/17-09/19;熊本@09/24-09/26,,
014570,松澤 敬輔,A1,94.44,弥彦@08/18-08/20;小松島@08/27-08/29;富山@09/03-09/05;川崎@09/10-09/12,,
014572,赤塚 悠人,A1,79.44,富山@08/20-08/22;松戸@09/01-09/03;豊橋@09/11-09/13,青森,
014575,鈴木 達也,A2,86.41,富山@08/20-08/22;西武園@08/31-09/02;別府@09/16-09/18,青森,
014578,大越 啓介,A3,76.00,別府@08/16-08/18;伊東@08/27-08/29;西武園@09/06-09/08;大宮@09/21-09/23,,
014579,齋藤 一茂,A2,84.75,奈良@08/26-08/28;弥彦@09/07-09/09;青森@09/26-09/28,,
014581,佐山 俊樹,A1,87.55,大垣@08/21-08/23;四日市@08/29-08/31;西武園@09/06-09/08;小松島@09/23-09/25,京王,
014583,吉田 昌弘,A3,68.50,立川@08/22-08/24;伊東@09/02-09/04;広島@09/20-09/22,,
014584,井上 嵩,A2,77.22,玉野@09/02-09/04;前橋@09/11-09/13,奈良,
014586,近藤 寛央,A2,85.75,大垣@08/17-08/19;立川@09/03-09/05;富山@09/10-09/12;武雄@09/27-09/29,,
014587,鈴木 謙二,A1,85.22,静岡@08/15-08/17;岐阜@08/24-08/26;立川@09/03-09/05;佐世保@09/12-09/14;いわき平@09/27-09/29,,
014589,西巻 秀太,A3,69.66,青森@08/24-08/26;松戸@09/01-09/03;大垣@09/13-09/15,,
014590,近藤 夏樹,A1,89.33,武雄@08/21-08/23;川崎@08/30-09/01;豊橋@09/11-09/13;伊東@09/23-09/25,,
014591,本多 哲也,A1,89.66,川崎@08/30-09/01;弥彦@09/07-09/09;岸和田@09/14-09/16;青森@09/26-09/28,,
014594,太田 剛司,A1,92.00,和歌山@08/23-08/25;松阪@08/31-09/02;静岡@09/18-09/20;玉野@09/27-09/29,岐阜,
014595,瀧本 匡平,A3,69.16,松阪@08/25-08/27;久留米@09/05-09/07;松山@09/19-09/21,,
014596,中村 賢二,A2,79.00,大垣@08/21-08/23;和歌山@08/30-09/01;弥彦@09/19-09/21;玉野@09/27-09/29,京王,
014597,上田 隼,A2,82.00,大垣@08/21-08/23;四日市@08/29-08/31;久留米@09/05-09/07;高知@09/20-09/22;広島@09/28-09/30,,
014598,岡崎 祥伍,A2,78.83,富山@09/03-09/05;岸和田@09/26-09/28,岐阜,
014600,山田 祥明,A1,82.66,静岡@08/15-08/17;松阪@08/25-08/27;高知@09/09-09/11;松山@09/19-09/21,,
014601,小竹 洋平,A1,86.66,大垣@08/17-08/19;高知@08/25-08/27;久留米@09/05-09/07;佐世保@09/20-09/22,,
014603,佐野 洋継,A2,81.10,大垣@08/21-08/23;岐阜@08/30-09/01;前橋@09/11-09/13;高知@09/20-09/22,,
014610,山村 慮太,A3,75.33,立川@08/22-08/24;弥彦@09/02-09/04;武雄@09/09-09/11;大宮@09/21-09/23,,
014612,工藤 文彦,A1,90.33,高知@08/25-08/27;玉野@09/02-09/04;久留米@09/17-09/19;武雄@09/27-09/29,,
014614,高橋 清太郎,A1,85.91,佐世保@08/18-08/20;玉野@09/08-09/10;青森@09/21-09/23,,
014615,藤原 亮太,A2,78.33,佐世保@08/18-08/20;松山@08/31-09/02;いわき平@09/15-09/17,,
014619,木村 浩宣,A1,89.50,佐世保@08/18-08/20;松阪@08/25-08/27;武雄@09/03-09/05;岐阜@09/13-09/15,,
014620,二條 祐也,A1,85.75,大垣@08/17-08/19;小松島@08/27-08/29;静岡@09/18-09/20;防府@09/29-10/01,,
014623,飯田 裕次,A1,89.00,佐世保@08/18-08/20;久留米@09/05-09/07;大宮@09/13-09/15;立川@09/22-09/24,武雄,
014625,藤野 貴章,A2,78.66,大垣@08/17-08/19;小松島@08/27-08/29;武雄@09/03-09/05;いわき平@09/15-09/17,,
014630,利根 正明,A1,88.00,久留米@09/05-09/07;青森@09/14-09/16,,
014634,寺崎 祐樹,A1,85.00,奈良@08/20-08/22;宇都宮@08/31-09/02;久留米@09/17-09/19,,
014637,吉成 貴博,A2,81.86,武雄@08/21-08/23;佐世保@09/20-09/22;平塚@09/28-09/30,,
014638,川又 裕樹,A2,83.25,武雄@08/21-08/23;いわき平@09/15-09/17;別府@09/24-09/26,奈良,
014643,菅原 洋輔,A3,69.88,別府@08/16-08/18;西武園@08/31-09/02;豊橋@09/11-09/13,,
014644,高橋 明久,A3,72.00,立川@08/22-08/24;四日市@08/29-08/31;松山@09/12-09/14;大宮@09/21-09/23,,
014646,三浦 雄大,A1,95.33,伊東@08/16-08/18;防府@08/23-08/25;西武園@09/06-09/08;岐阜@09/13-09/15;立川@09/22-09/24,,
014650,佐藤 裕輝,A3,67.33,立川@08/17-08/19;宇都宮@08/24-08/26;松阪@09/05-09/07;大宮@09/21-09/23,,
014651,須永 勝太,A2,83.25,松阪@08/31-09/02;佐世保@09/12-09/14;青森@09/26-09/28,武雄,
014652,原 清孝,A3,68.08,松山@08/21-08/23;久留米@09/05-09/07;小松島@09/17-09/19;別府@09/24-09/26,,
014654,舘 真成,A2,87.16,静岡@08/15-08/17;和歌山@08/23-08/25;松山@08/31-09/02;弥彦@09/07-09/09;いわき平@09/15-09/17,,
014657,野中 祐志,A1,91.83,西武園@08/21-08/23;四日市@08/29-08/31;前橋@09/11-09/13;武雄@09/27-09/29,,
014658,馬場 和広,A1,91.83,高知@08/25-08/27;武雄@09/03-09/05;川崎@09/17-09/19;いわき平@09/27-09/29,,
014662,櫻井 宏樹,A3,67.77,別府@08/16-08/18;松戸@09/01-09/03;富山@09/10-09/12;大宮@09/21-09/23,,
014665,小峰 烈,A1,83.00,高知@08/18-08/20;西武園@08/31-09/02;富山@09/10-09/12,,
014666,等々力 久就,A3,71.77,豊橋@08/18-08/20;静岡@08/30-09/01;いわき平@09/15-09/17;川崎@09/24-09/26,,
014667,藤本 龍也,A3,67.16,熊本@08/24-08/26;岸和田@09/14-09/16;弥彦@09/24-09/26,西武,
014669,植木 和広,A1,85.80,立川@08/17-08/19;いわき平@09/07-09/09;小松島@09/23-09/25,,
014671,山田 裕哉,A2,86.66,前橋@08/15-08/17;和歌山@08/23-08/25;大垣@09/07-09/09;別府@09/24-09/26,,
014672,吉田 茂生,A1,,大垣@08/17-08/19;奈良@08/26-08/28;武雄@09/03-09/05;前橋@09/11-09/13,,
014673,松田 大,A1,86.00,前橋@08/15-08/17;和歌山@08/23-08/25;西武園@08/31-09/02;別府@09/24-09/26,,
014674,丹波 孝佑,A1,85.50,四日市@09/09-09/11;別府@09/16-09/18;伊東@09/23-09/25,岐阜,
014676,柳原 司,A2,85.55,大垣@08/21-08/23;いわき平@09/07-09/09;久留米@09/17-09/19,奈良,
014678,樋口 有樹郎,A3,69.92,松山@08/21-08/23;四日市@08/29-08/31;大垣@09/13-09/15;別府@09/24-09/26,,
014679,小玉 拓真,A1,97.22,玉野@08/26-08/28;いわき平@09/15-09/17;武雄@09/27-09/29,京王,
014684,松本 卓也,A1,88.25,立川@09/03-09/05;松山@09/19-09/21;岸和田@09/26-09/28,武雄,
014686,秋永 昂人,A3,71.16,松阪@08/25-08/27;伊東@09/02-09/04;松山@09/12-09/14;別府@09/24-09/26,,
014687,井上 将志,A2,81.75,高知@08/25-08/27;豊橋@09/04-09/06;松山@09/19-09/21,,
014688,西田 大志,A1,88.75,川崎@08/19-08/21;弥彦@09/19-09/21;玉野@09/27-09/29,,
014690,好永 晃,A1,89.00,四日市@08/17-08/19;高知@08/25-08/27;久留米@09/05-09/07;玉野@09/27-09/29,,
014693,高田 大輔,A3,68.36,熊本@08/24-08/26;伊東@09/02-09/04;松山@09/12-09/14;川崎@09/24-09/26,,
014694,前島 恭平,A3,66.30,立川@08/17-08/19;和歌山@08/23-08/25;弥彦@09/02-09/04;武雄@09/16-09/18,,
014695,山口 茂,A2,78.66,大垣@08/17-08/19;前橋@09/11-09/13;熊本@09/24-09/26,,
014697,相川 巧,A3,68.09,豊橋@08/18-08/20;青森@08/24-08/26;伊東@09/02-09/04;岸和田@09/14-09/16;奈良@09/24-09/26,,
014699,小川 大地,A3,77.66,立川@08/22-08/24;伊東@09/02-09/04;富山@09/10-09/12;別府@09/24-09/26,,
014703,一ノ瀬 貴将,A2,78.53,岐阜@09/13-09/15;佐世保@09/20-09/22,,
014704,阿部 充宏,A2,82.55,川崎@08/30-09/01;京王閣@09/08-09/10;弥彦@09/19-09/21;防府@09/29-10/01,,
014705,沢田 勇治,A3,73.00,静岡@08/30-09/01;京王閣@09/08-09/10;武雄@09/16-09/18,,
014707,飯塚 直人,A2,82.00,防府@09/04-09/06;青森@09/14-09/16,,
014709,松岡 孝高,A1,85.75,小松島@08/27-08/29;玉野@09/08-09/10;防府@09/29-10/01,,
014711,相澤 政宏,A1,89.83,弥彦@08/18-08/20;高知@08/25-08/27;松阪@09/05-09/07;佐世保@09/12-09/14;いわき平@09/27-09/29,,
014713,鈴木 裕斗,A2,78.08,静岡@08/15-08/17;いわき平@09/07-09/09;青森@09/14-09/16,,
014714,橋本 智昭,A1,95.00,和歌山@08/23-08/25;西武園@09/06-09/08;いわき平@09/15-09/17,,
014715,高橋 幸司,A1,86.22,佐世保@08/18-08/20;高知@08/25-08/27;久留米@09/05-09/07;別府@09/16-09/18,,
014716,猪狩 祐樹,A1,92.50,静岡@08/15-08/17;岐阜@08/24-08/26;西武園@08/31-09/02;佐世保@09/12-09/14,,
014717,泉 文人,A2,87.85,弥彦@08/18-08/20;奈良@08/26-08/28;伊東@09/07-09/09;岸和田@09/14-09/16,,
014719,佐川 拓也,A3,70.22,伊東@08/16-08/18;静岡@08/30-09/01;京王閣@09/08-09/10;川崎@09/17-09/19,,
014728,三好 恵一郎,A1,92.55,前橋@08/15-08/17;岐阜@08/30-09/01;富山@09/10-09/12;川崎@09/17-09/19,,
014731,山崎 輝夫,A1,88.33,伊東@08/16-08/18;岐阜@08/24-08/26;西武園@08/31-09/02;立川@09/16-09/18,,
014732,和田 禎嗣,A2,79.16,伊東@08/16-08/18;玉野@08/26-08/28;豊橋@09/04-09/06;青森@09/14-09/16,,
014734,長沼 謙太,A1,81.33,川崎@08/19-08/21;豊橋@09/11-09/13;青森@09/26-09/28,武雄,
014735,今村 俊雄,A3,74.00,伊東@08/27-08/29;武雄@09/09-09/11;広島@09/20-09/22,,
014737,河上 陽一,A2,83.66,岸和田@08/27-08/29;富山@09/03-09/05;前橋@09/11-09/13;伊東@09/23-09/25,青森,
014738,櫻川 雅彦,A3,72.66,豊橋@08/18-08/20;いわき平@08/30-09/01;立川@09/16-09/18;川崎@09/24-09/26,,
014739,里見 恒平,A3,78.33,富山@09/10-09/12;広島@09/20-09/22,,
014740,須藤 悟,A1,92.22,前橋@08/15-08/17;和歌山@08/30-09/01;西武園@09/06-09/08;岐阜@09/13-09/15;青森@09/21-09/23,,
014742,河野 淳吾,A2,82.00,弥彦@08/18-08/20;高知@08/25-08/27;伊東@09/07-09/09;立川@09/16-09/18;平塚@09/28-09/30,,
014743,鈴木 広人,A3,72.26,豊橋@08/18-08/20;青森@08/24-08/26;伊東@09/02-09/04;武雄@09/16-09/18,,
014747,猪俣 康一,A1,80.88,松阪@08/25-08/27;豊橋@09/11-09/13;防府@09/29-10/01,岐阜,
014748,山口 智弘,A1,90.00,静岡@08/15-08/17;岐阜@08/30-09/01;富山@09/10-09/12;武雄@09/27-09/29,,
014749,山田 哲也,A2,83.81,大垣@08/17-08/19;奈良@08/26-08/28;いわき平@09/07-09/09;高知@09/20-09/22,,
014753,山田 純也,A2,78.88,静岡@08/15-08/17;和歌山@08/30-09/01;西武園@09/06-09/08;松山@09/19-09/21,,
014755,奥出 健士郎,A2,77.00,大垣@08/17-08/19;四日市@08/29-08/31;松阪@09/05-09/07;玉野@09/27-09/29,,
014758,中野 智公,A2,82.50,宇都宮@08/31-09/02;佐世保@09/12-09/14;防府@09/29-10/01,,
014765,樫村 伸平,A3,70.00,奈良@08/20-08/22;松戸@09/01-09/03;大垣@09/13-09/15,西武,
014772,細田 純平,A3,69.35,奈良@08/20-08/22;伊東@08/27-08/29;川崎@09/10-09/12;広島@09/20-09/22,,
014774,阿部 弘,A3,72.44,豊橋@08/18-08/20;松阪@08/25-08/27;伊東@09/02-09/04;武雄@09/16-09/18;弥彦@09/24-09/26,,
014775,小原 周祐,A1,92.66,奈良@08/26-08/28;久留米@09/17-09/19;熊本@09/24-09/26,,
014776,川上 修平,A3,75.16,熊本@08/24-08/26;武雄@09/09-09/11;松山@09/19-09/21;平塚@09/28-09/30,,
014777,竹村 達也,A3,64.22,玉野@08/20-08/22;川崎@09/10-09/12;別府@09/24-09/26,,
014778,宮崎 一彰,A3,76.66,熊本@08/24-08/26;久留米@09/05-09/07;大垣@09/13-09/15;川崎@09/24-09/26,,
014779,名川 豊,A1,89.22,佐世保@08/18-08/20;小松島@08/27-08/29;防府@09/04-09/06;岐阜@09/13-09/15,,
014780,古川 大輔,A3,73.58,松山@08/21-08/23;弥彦@09/02-09/04;大垣@09/13-09/15;別府@09/24-09/26,,
014781,船倉 卓郎,A3,74.90,玉野@08/20-08/22;静岡@08/30-09/01;松山@09/12-09/14;川崎@09/24-09/26,,
014782,山口 幸太郎,A2,82.37,玉野@08/26-08/28;川崎@09/10-09/12;青森@09/21-09/23;広島@09/28-09/30,奈良,
014783,魚屋 周成,A2,88.00,高知@08/25-08/27;久留米@09/05-09/07;玉野@09/27-09/29,,
014784,萱島 大介,A2,86.25,武雄@08/21-08/23;玉野@09/02-09/04;四日市@09/09-09/11,,
014787,瀬口 匠,A3,72.50,豊橋@08/18-08/20;松阪@08/25-08/27;伊東@09/02-09/04;武雄@09/16-09/18,,
014788,上吹越 俊一,A1,86.00,玉野@08/20-08/22;久留米@09/17-09/19;熊本@09/24-09/26,岐阜,
014789,茅野 寛史,A1,78.83,高知@08/25-08/27;佐世保@09/20-09/22;防府@09/29-10/01,岐阜,
014796,保科 千春,A1,92.41,伊東@09/07-09/09;小松島@09/23-09/25,,
014797,佐々木 吉徳,A1,84.86,和歌山@08/23-08/25;松山@08/31-09/02;京王閣@09/08-09/10;青森@09/26-09/28,,
014801,山本 恵介,A1,87.33,佐世保@08/18-08/20;松阪@08/31-09/02;川崎@09/10-09/12;弥彦@09/19-09/21,,
014802,渡邉 正人,A3,69.55,松戸@09/01-09/03;富山@09/10-09/12;大宮@09/21-09/23,,
014805,吉田 元輝,A2,88.40,弥彦@08/18-08/20;松戸@09/01-09/03;小松島@09/23-09/25,,
014807,福田 拓也,A1,93.41,佐世保@08/18-08/20;大宮@09/13-09/15;平塚@09/28-09/30,,
014808,村上 貴彦,A3,76.16,豊橋@08/18-08/20;いわき平@08/30-09/01;弥彦@09/07-09/09;立川@09/16-09/18,,
014810,小川 辰徳,A3,68.76,立川@08/17-08/19;弥彦@09/02-09/04;川崎@09/10-09/12;大垣@09/22-09/24,,
014813,新井 僚太郎,A2,85.63,大垣@08/21-08/23;岸和田@08/27-08/29;弥彦@09/07-09/09;立川@09/16-09/18;熊本@09/24-09/26,,
014816,齋藤 宗徳,A2,79.77,武雄@08/21-08/23;青森@09/14-09/16;広島@09/28-09/30,,
014818,田口 裕一,A1,88.88,大垣@08/21-08/23;西武園@09/06-09/08;川崎@09/17-09/19,青森,
014819,太刀川 一成,A1,91.33,弥彦@08/18-08/20;京王閣@09/08-09/10;防府@09/15-09/17;岸和田@09/26-09/28,,
014820,中井 勇介,A1,88.80,岸和田@08/27-08/29;佐世保@09/12-09/14;弥彦@09/19-09/21,,
014821,原岡 泰志郎,A2,88.58,弥彦@08/18-08/20;伊東@09/07-09/09;いわき平@09/27-09/29,,
014822,関根 健太郎,A1,87.57,立川@08/17-08/19;奈良@08/26-08/28;いわき平@09/07-09/09;青森@09/21-09/23,,
014823,渡辺 聖,A2,83.00,川崎@08/19-08/21;京王閣@09/08-09/10;いわき平@09/15-09/17;平塚@09/28-09/30,,
014826,菅原 裕太,A1,95.91,岐阜@08/24-08/26;玉野@09/02-09/04;豊橋@09/11-09/13;伊東@09/23-09/25,,
014828,川口 聖翔,A2,78.16,松阪@08/25-08/27;高知@09/20-09/22;防府@09/29-10/01,,
014829,桜井 雄太,A3,74.80,玉野@08/20-08/22;弥彦@09/02-09/04;豊橋@09/11-09/13,,
014832,宮西 翼,A2,80.50,小倉@08/28-08/30;久留米@09/05-09/07;別府@09/16-09/18,,
014840,石貞 有基,A3,70.77,松山@08/21-08/23;静岡@08/30-09/01;富山@09/10-09/12;大垣@09/22-09/24,,
014841,井上 将志,A2,81.00,岸和田@08/27-08/29;松阪@09/05-09/07;大宮@09/13-09/15;佐世保@09/20-09/22,,
014842,川本 琢也,A3,70.33,宇都宮@08/24-08/26;いわき平@08/30-09/01;久留米@09/05-09/07;大垣@09/13-09/15,,
014843,峰重 祐之介,A2,83.22,高知@08/25-08/27;佐世保@09/12-09/14;青森@09/21-09/23,奈良,
014844,三登 誉哲,A3,65.50,宇都宮@08/24-08/26;伊東@09/02-09/04;大垣@09/13-09/15,,
014845,表原 周,A1,82.11,武雄@08/21-08/23;大宮@09/13-09/15;高知@09/20-09/22,,
014849,宗崎 世連,A1,92.88,高知@08/25-08/27;防府@09/04-09/06;青森@09/14-09/16,奈良,
014850,岡田 啓渡,A2,88.22,佐世保@08/18-08/20;奈良@08/26-08/28;玉野@09/08-09/10;いわき平@09/15-09/17,,
014851,横内 裕人,A2,85.00,佐世保@08/18-08/20;松阪@08/25-08/27;川崎@09/10-09/12;防府@09/29-10/01,,
014853,中山 敬太郎,A3,63.00,豊橋@08/18-08/20;松阪@08/25-08/27;久留米@09/05-09/07;大垣@09/13-09/15,,
014855,東 隆之,A3,70.83,奈良@08/20-08/22;静岡@08/30-09/01;川崎@09/10-09/12;松山@09/19-09/21,,
014858,小原 唯志,A1,91.27,四日市@08/17-08/19;岐阜@08/30-09/01;伊東@09/07-09/09;岸和田@09/14-09/16,,
014859,小林 申太,A2,88.22,四日市@08/17-08/19;岐阜@08/24-08/26;西武園@08/31-09/02;伊東@09/07-09/09,,
014862,坂本 将太郎,A1,87.75,和歌山@08/23-08/25;玉野@09/02-09/04;いわき平@09/15-09/17,,
014866,櫻井 利之,A3,,青森@08/24-08/26;松阪@09/05-09/07;広島@09/20-09/22,,
014867,巴 直也,A1,88.66,川崎@08/19-08/21;四日市@08/29-08/31;弥彦@09/07-09/09;青森@09/14-09/16,,
014868,小林 寛弥,A3,68.22,熊本@08/24-08/26;西武園@08/31-09/02;いわき平@09/15-09/17;大垣@09/22-09/24,,
014869,泉谷 元樹,A2,87.88,大垣@08/21-08/23;岐阜@08/30-09/01;富山@09/10-09/12;松山@09/19-09/21,,
014872,玉村 元気,A3,,伊東@09/02-09/04;小松島@09/17-09/19,,
014876,冨尾 享平,A1,81.00,高知@08/18-08/20;玉野@08/26-08/28;別府@09/16-09/18;小松島@09/23-09/25,,
014880,野見 泰要,A3,69.68,豊橋@08/18-08/20;伊東@08/27-08/29;京王閣@09/08-09/10;いわき平@09/15-09/17,,
014884,友永 龍介,A3,68.33,松阪@08/25-08/27;川崎@09/10-09/12;松山@09/19-09/21,,
014885,戸田 康平,A3,76.00,立川@08/22-08/24;静岡@08/30-09/01;久留米@09/05-09/07;松山@09/12-09/14,,
014887,板崎 佑矢,A2,82.83,松山@08/21-08/23;宇都宮@08/31-09/02;佐世保@09/12-09/14,,
014891,小岩 哲也,A2,80.75,岐阜@08/24-08/26;豊橋@09/04-09/06;青森@09/14-09/16;小松島@09/23-09/25,,
014931,横田 政直,A3,67.55,伊東@08/27-08/29;川崎@09/10-09/12;小松島@09/17-09/19,,
014932,浦野 慈生,A3,67.11,宇都宮@08/24-08/26;西武園@08/31-09/02;松山@09/12-09/14;広島@09/20-09/22,,
014933,奥原 亨,A2,87.50,岐阜@08/24-08/26;松阪@08/31-09/02;弥彦@09/07-09/09,,
014934,渋谷 錬,A1,88.33,佐世保@08/18-08/20;松阪@08/31-09/02;いわき平@09/15-09/17;広島@09/28-09/30,,
014937,田中 誇士,A2,84.33,静岡@08/15-08/17;玉野@08/26-08/28;武雄@09/03-09/05;いわき平@09/27-09/29,,
014938,夏目 新吾,A2,81.33,富山@08/20-08/22;松阪@08/31-09/02;川崎@09/17-09/19,青森,
014941,江端 隆司,A2,80.00,西武園@08/21-08/23;武雄@09/03-09/05;岸和田@09/26-09/28,,
014948,斎藤 敦,A3,68.22,玉野@08/20-08/22;西武園@08/31-09/02;松山@09/12-09/14;奈良@09/24-09/26,,
014949,石口 慶多,A1,84.75,大垣@08/17-08/19;岐阜@08/24-08/26;松戸@09/01-09/03;別府@09/24-09/26,,
014950,市村 昌樹,A1,83.91,西武園@08/21-08/23;武雄@09/03-09/05;立川@09/22-09/24,,
014951,後藤 祐貴,A2,82.16,豊橋@09/11-09/13;立川@09/22-09/24,岐阜,
014952,多田 晃紀,A1,90.08,小松島@08/27-08/29;高知@09/20-09/22;玉野@09/27-09/29,,
014953,和田 誠寿,A1,91.41,西武園@08/21-08/23;武雄@09/03-09/05;佐世保@09/20-09/22,,
014954,日野 博幸,A1,87.50,西武園@08/21-08/23;別府@09/16-09/18;玉野@09/27-09/29,,
014958,新納 大輝,A1,,,,
014979,黒川 渉,A3,69.00,松山@08/21-08/23;伊東@09/02-09/04;富山@09/10-09/12,,
014980,田原 宥明,A2,89.66,静岡@08/15-08/17;防府@08/23-08/25;松阪@08/31-09/02;青森@09/26-09/28,,
014981,磯島 康祐,A1,92.66,和歌山@08/30-09/01;伊東@09/07-09/09;小松島@09/23-09/25,青森,
014984,會澤 龍,A1,86.16,四日市@08/17-08/19;岐阜@08/30-09/01;弥彦@09/07-09/09;伊東@09/23-09/25,,
014985,竹山 慶太,A1,82.75,伊東@08/16-08/18;玉野@09/02-09/04;前橋@09/11-09/13,,
014986,三浦 綾,A3,70.44,別府@08/16-08/18;いわき平@08/30-09/01;西武園@09/06-09/08;川崎@09/17-09/19,,
014987,門馬 琢麿,A3,72.66,伊東@08/27-08/29;武雄@09/16-09/18;弥彦@09/24-09/26,,
014988,伊早坂 駿一,A2,84.90,富山@08/20-08/22;和歌山@08/30-09/01;大垣@09/07-09/09;弥彦@09/19-09/21,,
014989,鈴木 豪,A2,76.55,和歌山@08/23-08/25;川崎@08/30-09/01;玉野@09/08-09/10;弥彦@09/19-09/21,,
014991,中島 将尊,A1,94.11,立川@08/17-08/19;青森@09/14-09/16;平塚@09/28-09/30,,
014992,楠野 史尭,A2,81.42,,,
014993,副島 和人,A1,87.11,岸和田@08/27-08/29;別府@09/16-09/18;青森@09/26-09/28,,
014994,野口 修平,A3,,和歌山@08/23-08/25;武雄@09/09-09/11;川崎@09/24-09/26,,
014997,下岡 優季,A1,87.91,大垣@08/21-08/23;松山@08/31-09/02;豊橋@09/11-09/13,,
014999,水谷 将司,A2,90.25,岸和田@08/27-08/29;立川@09/03-09/05;久留米@09/17-09/19;熊本@09/24-09/26,,
015000,藤井 準也,A3,78.33,和歌山@08/23-08/25;静岡@08/30-09/01;富山@09/10-09/12;広島@09/20-09/22,,
015003,小笹 隼人,A1,91.33,西武園@08/21-08/23;川崎@08/30-09/01;高知@09/09-09/11;武雄@09/27-09/29,奈良,
015005,野口 正則,A1,92.22,奈良@08/20-08/22;富山@09/03-09/05;岸和田@09/14-09/16,,
015007,岸川 哲也,A3,76.66,松阪@08/25-08/27;武雄@09/09-09/11;小松島@09/17-09/19;奈良@09/24-09/26,,
015010,吉川 嘉斗,A1,91.66,松山@08/21-08/23;防府@09/04-09/06;高知@09/20-09/22,岐阜,
015011,吉岡 伸太郎,A2,80.16,奈良@08/20-08/22;防府@09/15-09/17;別府@09/24-09/26,,
015012,勝部 貴博,A2,78.66,玉野@08/20-08/22;立川@09/03-09/05;防府@09/15-09/17;平塚@09/28-09/30,,
015015,野口 大誠,A1,87.00,佐世保@08/18-08/20;小倉@08/28-08/30;いわき平@09/07-09/09;玉野@09/27-09/29,,
015042,高橋 泰裕,A1,93.00,岸和田@08/27-08/29;四日市@09/09-09/11;川崎@09/17-09/19,,
015044,平川 雅晃,A3,70.50,別府@08/16-08/18;伊東@09/02-09/04;立川@09/16-09/18,,
015045,大関 祐也,A2,80.13,大垣@08/17-08/19;立川@09/03-09/05;佐世保@09/12-09/14,,
015047,加藤 健一,A3,70.16,立川@08/22-08/24;いわき平@08/30-09/01;西武園@09/06-09/08;弥彦@09/24-09/26,,
015048,志佐 明,A1,89.66,川崎@08/19-08/21;岐阜@08/30-09/01;西武園@09/06-09/08;岸和田@09/14-09/16,,
015053,廣田 敦士,A3,67.58,松山@08/21-08/23;富山@09/10-09/12;小松島@09/17-09/19,,
015054,谷本 奨輝,A2,88.44,和歌山@08/23-08/25;松山@08/31-09/02;豊橋@09/11-09/13,奈良,
015056,田村 風起,A1,83.00,小倉@08/28-08/30;豊橋@09/04-09/06;静岡@09/18-09/20;広島@09/28-09/30,,
015057,小林 史也,A2,84.91,玉野@08/20-08/22;岐阜@09/13-09/15;青森@09/21-09/23;防府@09/29-10/01,,
015059,畝木 努,A1,94.55,武雄@08/21-08/23;宇都宮@08/31-09/02;四日市@09/09-09/11;久留米@09/17-09/19,岐阜,
015060,滝本 泰行,A1,93.33,松阪@08/25-08/27;防府@09/04-09/06;久留米@09/17-09/19,,
015062,大室 翔,A3,69.88,松山@08/21-08/23;いわき平@08/30-09/01;武雄@09/09-09/11;広島@09/20-09/22,,
015083,中村 弘之輔,A1,91.58,立川@08/17-08/19;伊東@09/07-09/09;防府@09/15-09/17,,
015084,菅田 謙仁,A2,82.91,高知@08/18-08/20;奈良@08/26-08/28,,
015085,奈良 基,A2,80.91,大垣@08/17-08/19;玉野@09/02-09/04;いわき平@09/27-09/29,,
015087,本馬 鎌,A3,76.88,伊東@08/27-08/29;岸和田@09/14-09/16;川崎@09/24-09/26,,
015088,神山 尚,A1,79.92,防府@08/23-08/25;岐阜@08/30-09/01;西武園@09/06-09/08;青森@09/14-09/16,,
015091,樋口 瑛土,A2,84.44,静岡@08/15-08/17;和歌山@08/30-09/01;京王閣@09/08-09/10;岸和田@09/26-09/28,,
015095,遠藤 勝弥,A1,85.66,立川@08/17-08/19;岐阜@08/24-08/26;松阪@08/31-09/02;静岡@09/18-09/20,,
015099,吉竹 尚城,A1,89.66,武雄@08/21-08/23;京王閣@09/08-09/10;防府@09/15-09/17,青森,
015100,渡邊 颯太,A2,,,,
015101,松岡 晋乃介,A2,79.00,大垣@08/17-08/19;奈良@08/26-08/28;富山@09/10-09/12;高知@09/20-09/22;広島@09/28-09/30,,
015102,奥出 良,A2,81.00,弥彦@08/18-08/20;四日市@08/29-08/31;静岡@09/18-09/20;いわき平@09/27-09/29,,
015105,大崎 龍一郎,A3,71.75,豊橋@08/18-08/20;松阪@08/25-08/27;松山@09/12-09/14;広島@09/20-09/22,,
015107,田頭 寛之,A1,85.00,大垣@08/21-08/23;伊東@09/07-09/09;青森@09/14-09/16,,
015108,吉田 篤史,A2,84.77,奈良@08/20-08/22;富山@09/03-09/05;佐世保@09/12-09/14;玉野@09/27-09/29,,
015109,大利 航平,A1,84.12,川崎@08/19-08/21;立川@09/03-09/05;久留米@09/17-09/19,,
015110,小出 慎也,A3,72.80,西武園@08/31-09/02;小松島@09/17-09/19,,
015111,布居 翼,A3,70.26,和歌山@08/23-08/25;武雄@09/09-09/11;大垣@09/22-09/24,,
015112,日浦 崇道,A2,75.33,四日市@08/17-08/19;岐阜@08/30-09/01;岸和田@09/14-09/16;伊東@09/23-09/25,,
015114,谷口 友真,A1,88.53,和歌山@08/23-08/25;いわき平@09/07-09/09;防府@09/15-09/17,,
015115,堀 僚介,A2,78.46,岐阜@08/30-09/01;大宮@09/13-09/15;青森@09/21-09/23,,
015116,池野 健太,A1,95.66,静岡@08/15-08/17;松阪@08/25-08/27;防府@09/04-09/06;別府@09/16-09/18;小松島@09/23-09/25,,
015119,佐伯 辰哉,A1,,武雄@08/21-08/23;久留米@09/05-09/07;伊東@09/23-09/25,,
015120,竹内 翼,A1,94.66,川崎@08/30-09/01;いわき平@09/07-09/09;高知@09/20-09/22,,
015126,高山 雄丞,A2,85.00,富山@08/20-08/22;玉野@09/08-09/10;別府@09/16-09/18;伊東@09/23-09/25,,
015131,池部 壮太,A1,85.33,佐世保@08/18-08/20;松阪@08/25-08/27;玉野@09/02-09/04;武雄@09/27-09/29,,
015155,三浦 大輝,A3,76.88,立川@08/17-08/19;和歌山@08/23-08/25;伊東@09/02-09/04;いわき平@09/15-09/17;川崎@09/24-09/26,,
015156,門脇 翼,A2,77.77,静岡@08/15-08/17;松阪@08/31-09/02;四日市@09/09-09/11;青森@09/26-09/28,,
015157,高橋 大輝,A2,82.33,川崎@08/30-09/01;立川@09/16-09/18;熊本@09/24-09/26,武雄,
015158,猪野 泰介,A3,67.09,伊東@08/16-08/18;弥彦@09/02-09/04;豊橋@09/11-09/13;川崎@09/24-09/26,,
015159,坂本 拓也,A1,88.50,宇都宮@08/31-09/02;豊橋@09/11-09/13;いわき平@09/27-09/29,青森,
015160,牧田 賢也,A3,70.66,伊東@09/02-09/04;川崎@09/17-09/19,西武,
015162,蕗澤 鴻太郎,A1,95.66,弥彦@08/18-08/20;岐阜@08/30-09/01;西武園@09/06-09/08;青森@09/21-09/23,,
015163,戸塚 涼介,A2,82.50,高知@08/18-08/20;京王閣@09/08-09/10;いわき平@09/27-09/29,,
015164,菱沼 元樹,A3,76.13,立川@08/22-08/24;いわき平@08/30-09/01;弥彦@09/07-09/09;大宮@09/21-09/23,,
015165,寺沼 将彦,A1,89.77,大垣@08/21-08/23;伊東@09/07-09/09,青森,
015166,内田 淳,A3,72.88,和歌山@08/23-08/25;伊東@09/02-09/04;いわき平@09/15-09/17,,
015167,小林 裕一朗,A1,77.00,前橋@08/15-08/17;和歌山@08/23-08/25;宇都宮@08/31-09/02;富山@09/10-09/12,,
015172,能代谷 元,A1,,玉野@08/26-08/28;伊東@09/07-09/09;弥彦@09/19-09/21,,
015175,桜井 大地,A2,79.33,伊東@08/16-08/18;玉野@09/08-09/10;青森@09/26-09/28,,
015176,望月 一成,A1,93.33,佐世保@08/18-08/20;宇都宮@08/31-09/02;青森@09/14-09/16,,
015177,森川 康輔,,,,,
015180,下岡 将也,A2,81.33,大垣@08/21-08/23;宇都宮@08/31-09/02;前橋@09/11-09/13;静岡@09/18-09/20,,
015181,栗田 万生,A2,82.16,西武園@08/21-08/23;四日市@08/29-08/31;岸和田@09/14-09/16;青森@09/26-09/28,,
015182,吉川 希望,A1,90.88,四日市@08/17-08/19;川崎@08/30-09/01;岸和田@09/14-09/16;立川@09/22-09/24,,
015184,中野 雄喜,A1,91.50,奈良@08/20-08/22;西武園@08/31-09/02;前橋@09/11-09/13;岸和田@09/26-09/28,,
015185,布居 大地,A2,81.33,和歌山@08/23-08/25;松山@08/31-09/02;大垣@09/22-09/24,,
015187,鮫島 康治,A2,86.77,静岡@08/15-08/17;岸和田@08/27-08/29;久留米@09/05-09/07;大垣@09/22-09/24,,
015188,浜田 翔平,A3,67.00,別府@08/16-08/18;宇都宮@08/24-08/26;久留米@09/05-09/07;大垣@09/13-09/15;弥彦@09/24-09/26,,
015189,山本 隼人,A2,89.70,和歌山@08/30-09/01;富山@09/10-09/12;松山@09/19-09/21,,
015190,大中 拓磨,A3,74.00,玉野@08/20-08/22;弥彦@09/02-09/04;豊橋@09/11-09/13,西武,
015192,藤原 俊太郎,A1,85.00,玉野@09/02-09/04;別府@09/24-09/26,岐阜,
015193,藏本 徹二,A1,92.77,大垣@08/17-08/19;玉野@08/26-08/28;高知@09/09-09/11;防府@09/29-10/01,,
015194,船瀬 惇平,A1,93.33,川崎@08/19-08/21;玉野@09/08-09/10;青森@09/21-09/23,,
015200,谷口 幸司,A2,80.33,奈良@08/26-08/28;いわき平@09/07-09/09;高知@09/20-09/22,,
015202,今野 大輔,A1,96.22,玉野@08/20-08/22;防府@09/04-09/06;大宮@09/13-09/15;平塚@09/28-09/30,,
015204,吉田 智哉,A1,95.25,玉野@08/20-08/22;松山@08/31-09/02;大宮@09/13-09/15,,
015208,金ヶ江 勇気,A1,92.25,防府@08/23-08/25;武雄@09/03-09/05;久留米@09/17-09/19,岐阜,
015209,中野 真吾,A2,75.62,小松島@08/27-08/29;立川@09/03-09/05;青森@09/14-09/16;武雄@09/27-09/29,,
015210,白濱 一平,A2,87.00,高知@08/18-08/20;松阪@08/25-08/27;佐世保@09/12-09/14;弥彦@09/19-09/21,,
015212,山口 龍也,A1,88.50,高知@08/18-08/20;奈良@08/26-08/28;佐世保@09/12-09/14;伊東@09/23-09/25,,
015214,境 啓亨,A2,82.88,玉野@08/20-08/22;川崎@08/30-09/01;大垣@09/07-09/09;別府@09/24-09/26,,
015215,照屋 将貴,A3,73.28,別府@08/16-08/18;松山@09/12-09/14;広島@09/20-09/22,,
015233,渋谷 海,A1,82.66,岐阜@08/24-08/26;いわき平@09/07-09/09;静岡@09/18-09/20;武雄@09/27-09/29,,
015234,八嶋 稔真,A1,87.00,弥彦@08/18-08/20;立川@09/03-09/05;豊橋@09/11-09/13,,
015237,太田 将成,A2,90.00,弥彦@08/18-08/20;和歌山@08/30-09/01;高知@09/09-09/11;立川@09/16-09/18;岸和田@09/26-09/28,青森,
015238,井寺 亮太,A1,82.00,玉野@08/26-08/28;久留米@09/05-09/07;熊本@09/24-09/26,武雄,
015240,前川 大輔,A1,93.33,大垣@08/21-08/23;松戸@09/01-09/03;前橋@09/11-09/13;青森@09/26-09/28,,
015241,山田 祐太,A3,71.41,立川@08/17-08/19;四日市@08/29-08/31;西武園@09/06-09/08;広島@09/20-09/22,,
015245,尾崎 悠生,A1,86.88,静岡@08/15-08/17;小松島@08/27-08/29;前橋@09/11-09/13;大垣@09/22-09/24,,
015247,小玉 勇一,A2,85.33,立川@08/17-08/19;松戸@09/01-09/03;豊橋@09/11-09/13;大垣@09/22-09/24,,
015253,清水 健次,A3,66.50,立川@08/17-08/19;西武園@08/31-09/02;弥彦@09/07-09/09;大垣@09/22-09/24,,
015254,鈴木 輝大,A1,94.58,伊東@08/16-08/18;豊橋@09/11-09/13;静岡@09/18-09/20;青森@09/26-09/28,,
015255,樋口 開土,A1,80.91,弥彦@08/18-08/20;前橋@09/11-09/13;小松島@09/23-09/25,,
015257,舟山 佑京,A3,76.66,豊橋@08/18-08/20;伊東@08/27-08/29;いわき平@09/15-09/17;大垣@09/22-09/24,,
015259,小林 稜武,A1,97.66,大垣@08/21-08/23;松戸@09/01-09/03;前橋@09/11-09/13,青森,
015260,國井 裕樹,A3,72.50,和歌山@08/23-08/25;西武園@08/31-09/02;豊橋@09/11-09/13,,
015262,内山 雅貴,A1,97.66,静岡@08/15-08/17;小松島@08/27-08/29;前橋@09/11-09/13;大垣@09/22-09/24,,
015264,渡邉 直弥,A2,85.55,玉野@08/26-08/28;西武園@09/06-09/08;岐阜@09/13-09/15,,
015265,井田 晶之,A2,80.53,静岡@08/15-08/17;四日市@09/09-09/11;別府@09/16-09/18;伊東@09/23-09/25,,
015266,福田 真平,A1,,奈良@08/20-08/22;岸和田@08/27-08/29;佐世保@09/12-09/14;防府@09/29-10/01,,
015267,橋本 英也,A1,94.00,豊橋@09/04-09/06,,
015270,元砂 海人,A3,72.66,静岡@08/30-09/01;武雄@09/16-09/18;奈良@09/24-09/26,,
015271,大城 慶之,A2,82.00,大垣@08/21-08/23;四日市@09/09-09/11;佐世保@09/20-09/22;玉野@09/27-09/29,岐阜,
015273,中武 三四郎,A2,86.50,前橋@08/15-08/17;別府@09/16-09/18;熊本@09/24-09/26,,
015275,伊藤 歩登,A2,85.00,和歌山@08/23-08/25;西武園@08/31-09/02;高知@09/09-09/11;久留米@09/17-09/19,,
015276,佐伯 亮輔,A1,96.22,大垣@08/17-08/19;高知@08/25-08/27;立川@09/03-09/05;佐世保@09/20-09/22,,
015277,高井 流星,A2,87.58,川崎@08/19-08/21;いわき平@09/07-09/09;高知@09/20-09/22,,
015278,田中 和磨,A1,94.44,高知@08/18-08/20;防府@09/04-09/06;立川@09/22-09/24,,
015279,山崎 駿哉,A2,87.16,武雄@08/21-08/23;京王閣@09/08-09/10;広島@09/28-09/30,,
015280,藤井 將,A1,93.77,富山@08/20-08/22;いわき平@09/15-09/17;熊本@09/24-09/26,武雄,
015281,増田 仁,A2,79.00,四日市@08/17-08/19;岐阜@08/24-08/26;高知@09/09-09/11;久留米@09/17-09/19,,
015283,安本 昇平,A3,69.33,川崎@09/10-09/12;小松島@09/17-09/19;奈良@09/24-09/26,,
015284,田村 裕也,A2,75.55,防府@08/23-08/25;大垣@09/07-09/09;小松島@09/23-09/25,奈良,
015285,久樹 克門,A1,91.58,岐阜@08/24-08/26;宇都宮@08/31-09/02;大垣@09/07-09/09;防府@09/29-10/01,,
015286,土居 佑次,A3,70.08,豊橋@08/18-08/20;武雄@09/09-09/11;小松島@09/17-09/19,,
015287,山中 崇弘,A2,78.66,大垣@08/17-08/19;高知@08/25-08/27;京王閣@09/08-09/10;佐世保@09/20-09/22,,
015288,薦田 将伍,A1,94.83,奈良@08/20-08/22;玉野@09/08-09/10;伊東@09/23-09/25,武雄,
015290,真崎 章徳,A3,65.88,玉野@08/20-08/22;武雄@09/09-09/11;川崎@09/24-09/26,,
015293,中里 福太郎,A2,81.77,岸和田@08/27-08/29;西武園@09/06-09/08;防府@09/15-09/17;平塚@09/28-09/30,,
015294,小原 亮哉,A1,86.16,高知@08/25-08/27;久留米@09/17-09/19;岸和田@09/26-09/28,,
015295,篠田 樹,A3,69.50,松山@08/21-08/23;京王閣@09/08-09/10;別府@09/24-09/26,,
015299,曽我 圭佑,A1,92.66,武雄@08/21-08/23;玉野@09/02-09/04;大宮@09/13-09/15,京王,
015300,ラモス レオ,A3,70.57,別府@08/16-08/18;武雄@09/09-09/11;広島@09/20-09/22,,
015327,阿部 架惟都,A1,91.08,大垣@08/17-08/19;松戸@09/01-09/03;四日市@09/09-09/11,,
015330,伊藤 奎,A1,85.77,大垣@08/21-08/23;川崎@08/30-09/01;いわき平@09/07-09/09;熊本@09/24-09/26,武雄,
015331,宇佐見 優介,A1,93.50,弥彦@08/18-08/20;四日市@08/29-08/31;富山@09/10-09/12;青森@09/26-09/28,,
015332,鈴木 涼介,A1,93.87,前橋@08/15-08/17;宇都宮@08/31-09/02;高知@09/09-09/11,,
015338,土田 栄二,A1,89.88,高知@08/25-08/27;松戸@09/01-09/03;豊橋@09/11-09/13,武雄,
015339,土田 武志,A1,86.40,伊東@08/16-08/18;西武園@08/31-09/02;高知@09/09-09/11;立川@09/16-09/18,,
015344,荒木 貴大,A1,91.66,川崎@08/19-08/21;防府@09/15-09/17;青森@09/26-09/28,,
015345,浅見 隼,A1,88.66,大垣@08/17-08/19;小倉@08/28-08/30;豊橋@09/04-09/06;松山@09/19-09/21,,
015346,鈴木 薫,A1,96.77,松阪@08/31-09/02;いわき平@09/07-09/09;弥彦@09/19-09/21,武雄,
015348,寺沼 伊織,A1,89.91,前橋@08/15-08/17;松阪@08/31-09/02;京王閣@09/08-09/10;いわき平@09/27-09/29,,
015350,山本 修平,A2,86.00,伊東@08/16-08/18;松阪@09/05-09/07;いわき平@09/15-09/17;青森@09/26-09/28,,
015351,宮下 一歩,A1,83.25,大垣@08/21-08/23;四日市@08/29-08/31;西武園@09/06-09/08;岐阜@09/13-09/15,,
015353,松坂 侑亮,A1,88.00,弥彦@08/18-08/20;西武園@08/31-09/02;玉野@09/08-09/10;立川@09/16-09/18,青森,
015355,磯村 蓮太,A3,67.33,宇都宮@08/24-08/26;松山@09/12-09/14;大垣@09/22-09/24,西武,
015357,藤井 稜也,A2,79.91,静岡@08/15-08/17;岐阜@08/24-08/26;立川@09/03-09/05;熊本@09/24-09/26,,
015359,山口 聖矢,A1,84.66,四日市@08/29-08/31;大垣@09/07-09/09;玉野@09/27-09/29,奈良,
015360,勝谷 勝治,A2,81.83,松山@08/21-08/23;四日市@08/29-08/31;久留米@09/05-09/07;大垣@09/22-09/24,,
015364,吉堂 将規,A1,94.22,奈良@08/26-08/28;岐阜@09/13-09/15;高知@09/20-09/22;玉野@09/27-09/29,,
015365,古賀 勝大,A1,94.22,和歌山@08/23-08/25;岐阜@08/30-09/01;大垣@09/07-09/09;防府@09/29-10/01,,
015367,南 蓮,A3,68.83,熊本@08/24-08/26;西武園@08/31-09/02;岸和田@09/14-09/16,,
015368,井坂 泰誓,A3,73.41,松山@08/21-08/23;静岡@08/30-09/01;西武園@09/06-09/08;大垣@09/22-09/24,,
015371,田上 晃也,A3,80.44,玉野@08/20-08/22;小松島@09/17-09/19;奈良@09/24-09/26,,
015372,野上 竜太,A2,89.16,玉野@08/20-08/22;久留米@09/05-09/07;静岡@09/18-09/20,,
015375,村上 竜馬,A1,95.50,防府@08/23-08/25;四日市@09/09-09/11;松山@09/19-09/21;岸和田@09/26-09/28,京王,
015377,蒋野 翔太,A1,87.16,高知@08/18-08/20;小松島@08/27-08/29;川崎@09/10-09/12;佐世保@09/20-09/22,,
015379,下野 義城,A2,81.50,川崎@08/19-08/21;小倉@08/28-08/30;久留米@09/05-09/07;岐阜@09/13-09/15,,
015382,竹元 健竜,A2,79.11,佐世保@08/18-08/20;松阪@08/25-08/27;久留米@09/05-09/07;防府@09/29-10/01,,
015384,天野 純平,A2,80.50,高知@08/25-08/27;久留米@09/17-09/19;玉野@09/27-09/29,,
015387,緒方 慎太朗,A2,87.11,佐世保@08/18-08/20;小松島@08/27-08/29;防府@09/04-09/06;別府@09/16-09/18,,
015388,松尾 勇吾,A1,92.16,小松島@08/27-08/29;玉野@09/08-09/10;防府@09/15-09/17;熊本@09/24-09/26,武雄,
015414,大森 光明,A2,84.77,岐阜@08/24-08/26;立川@09/03-09/05;岸和田@09/26-09/28,,
015415,坂本 紘規,A1,93.77,伊東@08/16-08/18;玉野@09/02-09/04;岸和田@09/14-09/16;青森@09/26-09/28,,
015419,黒滝 大翔,A1,79.50,武雄@08/21-08/23;岐阜@08/30-09/01;立川@09/16-09/18;岸和田@09/26-09/28,青森,
015421,秋本 耀太郎,A1,89.00,伊東@08/16-08/18;四日市@08/29-08/31;松阪@09/05-09/07;岸和田@09/14-09/16;いわき平@09/27-09/29,,
015423,上川 直紀,A1,89.88,富山@08/20-08/22;川崎@08/30-09/01;伊東@09/07-09/09;青森@09/26-09/28,,
015424,中村 隆生,A1,90.77,立川@08/17-08/19;小倉@08/28-08/30;京王閣@09/08-09/10;岸和田@09/26-09/28,,
015425,藤野 竜也,A3,69.83,四日市@08/29-08/31;立川@09/16-09/18;奈良@09/24-09/26,,
015427,戸邉 捺希,A1,90.58,和歌山@08/23-08/25;富山@09/03-09/05;いわき平@09/15-09/17,青森,
015428,藤田 周磨,A1,96.55,前橋@08/15-08/17;和歌山@08/23-08/25;松山@08/31-09/02;川崎@09/17-09/19;熊本@09/24-09/26,,
015429,山田 雄大,A1,87.58,弥彦@08/18-08/20;武雄@09/03-09/05;佐世保@09/12-09/14;いわき平@09/27-09/29,,
015432,水森 湧太,A1,85.33,玉野@08/26-08/28;豊橋@09/04-09/06;立川@09/22-09/24,京王,
015433,山本 勝利,A1,96.66,武雄@08/21-08/23;和歌山@08/30-09/01;四日市@09/09-09/11;立川@09/22-09/24,,
015434,片桐 善也,A1,92.77,松阪@08/31-09/02;弥彦@09/07-09/09;武雄@09/27-09/29,奈良,
015442,仁藤 秀,A1,95.75,四日市@08/17-08/19;松戸@09/01-09/03;立川@09/16-09/18,,
015445,内藤 久文,A1,91.77,玉野@08/20-08/22;富山@09/03-09/05;佐世保@09/12-09/14;別府@09/24-09/26,,
015446,林 敬宏,A1,92.16,松山@08/21-08/23;和歌山@08/30-09/01;いわき平@09/07-09/09;高知@09/20-09/22,,
015447,小浦 凪,A2,84.12,前橋@08/15-08/17;岐阜@08/30-09/01;高知@09/09-09/11;弥彦@09/19-09/21,,
015455,枠元 一葵,A2,80.91,松阪@08/25-08/27;富山@09/03-09/05;静岡@09/18-09/20,,
015456,安藤 直希,A2,81.33,岐阜@08/30-09/01;富山@09/10-09/12;別府@09/24-09/26,,
015457,村田 瑞季,A1,95.11,前橋@08/15-08/17;奈良@08/26-08/28;久留米@09/05-09/07;大垣@09/22-09/24,,
015459,中村 泰輔,A2,77.55,宇都宮@08/31-09/02;久留米@09/17-09/19;武雄@09/27-09/29,京王,
015460,仲野 結音,A1,94.50,大垣@08/21-08/23;松山@08/31-09/02;豊橋@09/11-09/13;青森@09/21-09/23,,
015461,土生 敦弘,A1,98.83,岸和田@08/27-08/29;豊橋@09/04-09/06;佐世保@09/20-09/22,奈良,
015462,溝口 葵,A1,90.25,四日市@08/17-08/19;西武園@08/31-09/02;大垣@09/07-09/09;佐世保@09/20-09/22,,
015467,倉松 涼,A3,75.66,奈良@08/20-08/22;いわき平@08/30-09/01;京王閣@09/08-09/10;松山@09/19-09/21,,
015469,犬塚 貴之,A1,90.80,西武園@08/21-08/23;静岡@09/18-09/20;岸和田@09/26-09/28,,
015471,中村 翔平,A2,88.20,松山@08/21-08/23;防府@09/04-09/06;青森@09/14-09/16;平塚@09/28-09/30,,
015472,吉田 勇気,A3,73.06,静岡@08/30-09/01;豊橋@09/11-09/13;広島@09/20-09/22,,
015481,山川 奨太,A2,81.33,武雄@08/21-08/23;玉野@09/02-09/04;松山@09/19-09/21;岸和田@09/26-09/28,,
015482,松本 一志,A3,71.28,立川@08/22-08/24;いわき平@08/30-09/01;大垣@09/13-09/15;広島@09/20-09/22,,
015483,谷元 奎心,A1,88.08,玉野@09/08-09/10;熊本@09/24-09/26,,
015505,荻原 寿嗣,A1,89.58,静岡@08/15-08/17;松阪@08/31-09/02;川崎@09/17-09/19,,
015506,佐藤 啓斗,A2,78.83,川崎@08/19-08/21;宇都宮@08/31-09/02;大垣@09/07-09/09,,
015507,上遠野 拓馬,A1,88.25,川崎@08/19-08/21;岐阜@09/13-09/15;いわき平@09/27-09/29,,
015508,菅野 航基,A1,96.66,四日市@08/29-08/31;弥彦@09/07-09/09;青森@09/14-09/16;大垣@09/22-09/24,,
015510,田口 勇介,A1,91.83,高知@08/25-08/27;玉野@09/08-09/10;平塚@09/28-09/30,,
015511,中込 健太,A3,76.00,豊橋@08/18-08/20;松戸@09/01-09/03;立川@09/16-09/18;弥彦@09/24-09/26,,
015512,大高 彰馬,A1,91.00,高知@08/18-08/20;岐阜@08/30-09/01;川崎@09/10-09/12;伊東@09/23-09/25,,
015513,菊池 翔,A2,84.00,佐世保@08/18-08/20;弥彦@09/07-09/09,,
015515,平山 優太,A2,80.61,立川@08/17-08/19;川崎@09/10-09/12;武雄@09/27-09/29,,
015523,邊見 祐太,A3,79.66,四日市@08/29-08/31;豊橋@09/11-09/13;大宮@09/21-09/23,,
015526,梅田 加津也,A1,85.58,前橋@08/15-08/17;松阪@08/31-09/02;川崎@09/17-09/19,,
015531,深瀬 泰我,A1,83.11,高知@08/18-08/20;岸和田@08/27-08/29;武雄@09/03-09/05;前橋@09/11-09/13,,
015532,石田 拓真,A1,94.00,富山@08/20-08/22;立川@09/03-09/05;小松島@09/23-09/25,,
015533,岩城 佑典,A2,82.00,川崎@08/19-08/21;岐阜@09/13-09/15;佐世保@09/20-09/22,,
015534,牛田 樹希斗,A2,76.14,大垣@08/21-08/23;四日市@08/29-08/31;豊橋@09/11-09/13;別府@09/24-09/26,,
015535,佐藤 竜太,A1,89.83,防府@08/23-08/25;武雄@09/03-09/05;久留米@09/17-09/19,,
015536,疋田 力也,A1,96.66,高知@08/18-08/20;宇都宮@08/31-09/02;四日市@09/09-09/11,,
015538,村瀬 大和,A2,83.50,奈良@08/20-08/22;西武園@09/06-09/08;岸和田@09/14-09/16,,
015542,中嶋 樹,A3,70.45,別府@08/16-08/18;熊本@08/24-08/26;富山@09/10-09/12;松山@09/19-09/21,,
015544,大槇 大介,A1,92.50,小松島@08/27-08/29;玉野@09/08-09/10;別府@09/16-09/18;防府@09/29-10/01,,
015545,橋本 凌汰,A1,91.00,大垣@09/07-09/09;松山@09/19-09/21,奈良,
015547,米嶋 恵介,A1,94.83,松阪@08/25-08/27;玉野@09/02-09/04;高知@09/09-09/11;静岡@09/18-09/20,武雄,
015548,白井 優太朗,A1,85.50,玉野@08/20-08/22;佐世保@09/12-09/14;広島@09/28-09/30,,
015549,阿部 龍也,A3,70.91,松阪@08/25-08/27;久留米@09/05-09/07;武雄@09/16-09/18;奈良@09/24-09/26,,
015550,山崎 航,A1,90.00,防府@08/23-08/25;玉野@09/02-09/04;松山@09/19-09/21,,
015554,近藤 翔馬,A1,89.87,小松島@08/27-08/29;富山@09/03-09/05;佐世保@09/12-09/14;弥彦@09/19-09/21,,
015556,上野 恭哉,A2,89.22,高知@08/25-08/27;玉野@09/02-09/04;大宮@09/13-09/15,,
015557,梶原 大地,A1,89.33,四日市@08/17-08/19;武雄@09/03-09/05;岐阜@09/13-09/15,,
015558,川野 深,A1,83.88,防府@08/23-08/25;京王閣@09/08-09/10;高知@09/20-09/22,,
015559,神開 一輝,A1,93.88,武雄@08/21-08/23;川崎@09/10-09/12;高知@09/20-09/22;玉野@09/27-09/29,,
015560,林 昴,A1,88.33,武雄@08/21-08/23;いわき平@09/07-09/09;高知@09/20-09/22,,
015561,原井 剣也,A1,90.85,富山@08/20-08/22;小松島@08/27-08/29;高知@09/09-09/11;久留米@09/17-09/19,,
015562,山本 浩成,A1,94.50,松山@08/21-08/23;小松島@08/27-08/29;玉野@09/08-09/10;高知@09/20-09/22,,
015563,久保 光司,A2,82.33,松阪@08/25-08/27;いわき平@09/07-09/09;高知@09/20-09/22;防府@09/29-10/01,武雄,
015564,高橋 綜一郎,A1,,弥彦@09/19-09/21;玉野@09/27-09/29,,
015565,入江 航太,A2,88.55,玉野@08/20-08/22;川崎@09/10-09/12;佐世保@09/20-09/22,,
015567,北川 大成,A2,78.50,奈良@08/26-08/28;玉野@09/02-09/04;大宮@09/13-09/15,岐阜,
015568,田川 翔琉,A1,86.57,玉野@08/20-08/22;立川@09/03-09/05;熊本@09/24-09/26,,
015569,谷口 力也,A1,89.50,玉野@08/20-08/22;大垣@09/07-09/09;いわき平@09/15-09/17;防府@09/29-10/01,,
015571,吉田 悟,A3,67.00,弥彦@09/02-09/04;大垣@09/13-09/15;別府@09/24-09/26,,
015594,金田 涼馬,A2,89.44,川崎@08/19-08/21;松阪@09/05-09/07;弥彦@09/19-09/21,,
015599,堀 航輝,A1,84.66,大垣@09/07-09/09;青森@09/14-09/16,,
015600,照井 力斗,A1,85.25,前橋@08/15-08/17;立川@09/03-09/05;富山@09/10-09/12,,
015602,比佐 宝太,A1,90.55,大垣@08/17-08/19;岸和田@08/27-08/29;豊橋@09/04-09/06;大宮@09/13-09/15,,
015603,小坂 丈,A2,87.22,立川@08/17-08/19;青森@09/14-09/16;平塚@09/28-09/30,,
015606,近藤 圭佑,A3,78.66,伊東@08/16-08/18;いわき平@08/30-09/01;西武園@09/06-09/08;川崎@09/17-09/19,,
015607,中山 拓人,A2,88.00,伊東@08/16-08/18;立川@09/03-09/05;川崎@09/17-09/19,,
015611,長谷川 飛向,A1,86.50,立川@08/17-08/19;岐阜@08/30-09/01;弥彦@09/07-09/09;青森@09/14-09/16,,
015617,添田 龍児,A1,86.16,静岡@08/15-08/17;四日市@08/29-08/31;伊東@09/07-09/09;平塚@09/28-09/30,,
015618,高本 和也,A1,87.83,伊東@08/16-08/18;防府@08/23-08/25;富山@09/03-09/05;川崎@09/10-09/12;いわき平@09/27-09/29,,
015621,長谷川 裕一,A2,76.83,和歌山@08/23-08/25;松阪@09/05-09/07;高知@09/20-09/22,岐阜,
015622,伊藤 温希,A2,81.50,松阪@08/25-08/27;松戸@09/01-09/03;佐世保@09/20-09/22,,
015623,野崎 翼,A2,81.41,松山@08/21-08/23;富山@09/03-09/05;佐世保@09/12-09/14,,
015625,真鍋 顕汰,A1,98.16,奈良@08/20-08/22;四日市@08/29-08/31;富山@09/10-09/12;松山@09/19-09/21;玉野@09/27-09/29,,
015626,近谷 涼,A1,97.66,川崎@08/19-08/21;岐阜@08/30-09/01;青森@09/21-09/23;広島@09/28-09/30,,
015627,南儀 拓海,A1,91.66,富山@08/20-08/22;西武園@09/06-09/08;岐阜@09/13-09/15;防府@09/29-10/01,,
015632,常次 勇人,A1,91.41,小倉@08/28-08/30;岸和田@09/14-09/16;熊本@09/24-09/26,,
015633,中釜 健次,A1,87.91,玉野@08/26-08/28;静岡@09/18-09/20;岸和田@09/26-09/28,,
015634,末廣 快理,A2,93.66,岐阜@08/24-08/26;松戸@09/01-09/03;岸和田@09/14-09/16;熊本@09/24-09/26,,
015635,藤岡 徹也,A1,87.00,前橋@08/15-08/17;防府@08/23-08/25;松阪@08/31-09/02;佐世保@09/20-09/22,,
015637,近藤 雄太,A3,80.93,立川@08/22-08/24;松山@09/12-09/14;川崎@09/24-09/26,,
015639,松下 綾馬,A1,87.08,富山@09/03-09/05;小松島@09/23-09/25,,
015640,矢部 駿人,A1,91.75,四日市@08/17-08/19;静岡@09/18-09/20;武雄@09/27-09/29,,
015642,眞砂 英作,A2,82.77,松山@08/21-08/23;武雄@09/03-09/05;高知@09/20-09/22,,
015644,中野 光太郎,A1,82.00,四日市@08/17-08/19;玉野@08/26-08/28;豊橋@09/04-09/06;弥彦@09/19-09/21;広島@09/28-09/30,,
015650,田代 匠,A2,87.66,武雄@08/21-08/23;豊橋@09/04-09/06;佐世保@09/20-09/22,京王,
015652,橋本 陸,A1,87.16,防府@09/04-09/06;伊東@09/23-09/25,岐阜,
015655,一丸 尚伍,A1,97.88,松阪@08/25-08/27;武雄@09/03-09/05;久留米@09/17-09/19;玉野@09/27-09/29,,
015657,高橋 優斗,A1,84.77,松山@08/21-08/23;川崎@08/30-09/01;別府@09/16-09/18;岸和田@09/26-09/28,,
015658,長松 大祐,A2,85.33,佐世保@08/18-08/20;高知@09/09-09/11;別府@09/24-09/26,,
015659,池田 伍功羽,A2,80.77,奈良@08/20-08/22;武雄@09/03-09/05;立川@09/22-09/24,,
015662,中山 遼太郎,A2,81.55,防府@08/23-08/25;玉野@09/08-09/10;高知@09/20-09/22;広島@09/28-09/30,,
015664,米村 光星,A2,78.88,松山@08/21-08/23;富山@09/03-09/05;佐世保@09/12-09/14,,
015665,福田 要,A2,89.91,高知@08/25-08/27;玉野@09/02-09/04;静岡@09/18-09/20;平塚@09/28-09/30,,
015685,小笠原 一真,A1,93.33,西武園@08/21-08/23;武雄@09/03-09/05;弥彦@09/19-09/21;岸和田@09/26-09/28,,
015688,佐々木 祐太,A1,82.75,弥彦@08/18-08/20;小倉@08/28-08/30;伊東@09/07-09/09;いわき平@09/27-09/29,,
015689,菊地 圭,A1,93.77,弥彦@08/18-08/20;京王閣@09/08-09/10;別府@09/16-09/18,,
015691,岡部 伶音,A1,91.77,富山@08/20-08/22;小倉@08/28-08/30;弥彦@09/07-09/09;川崎@09/17-09/19,青森,
015693,松田 昂己,A2,85.77,前橋@08/15-08/17;小倉@08/28-08/30;豊橋@09/04-09/06;川崎@09/17-09/19,,
015698,佐藤 譲士郎,A3,77.00,四日市@08/29-08/31;弥彦@09/07-09/09;立川@09/16-09/18,西武,
015699,助川 翔太郎,A1,82.33,静岡@08/15-08/17;松阪@08/31-09/02;弥彦@09/07-09/09,,
015700,吉田 晏生,A1,90.41,大垣@08/17-08/19;松阪@09/05-09/07;立川@09/22-09/24,,
015701,石田 典大,A1,89.00,西武園@08/21-08/23;和歌山@08/30-09/01;玉野@09/08-09/10;立川@09/16-09/18,,
015704,坪内 恒,A1,91.08,大垣@08/17-08/19;松阪@09/05-09/07;青森@09/26-09/28,,
015705,鳥海 創,A2,83.30,岐阜@08/30-09/01;弥彦@09/07-09/09;いわき平@09/27-09/29,青森,
015707,池邉 聖,A1,81.85,弥彦@08/18-08/20;玉野@08/26-08/28;松戸@09/01-09/03;岐阜@09/13-09/15,,
015708,山口 直樹,A3,73.55,立川@08/17-08/19;熊本@08/24-08/26;弥彦@09/02-09/04;小松島@09/17-09/19,,
015709,神尾 敬冬,A1,90.66,富山@09/10-09/12;川崎@09/17-09/19,,
015710,鈴木 康平,A3,64.88,伊東@08/16-08/18;宇都宮@08/24-08/26;西武園@09/06-09/08;立川@09/16-09/18,,
015712,松本 京太,A1,94.33,立川@08/17-08/19;伊東@09/07-09/09;いわき平@09/27-09/29,,
015714,望月 嘉人,A3,71.33,伊東@08/27-08/29;富山@09/10-09/12;川崎@09/17-09/19;弥彦@09/24-09/26,,
015719,出口 謙一郎,A1,89.33,和歌山@08/23-08/25;防府@09/04-09/06;弥彦@09/19-09/21;武雄@09/27-09/29,岐阜,
015720,山元 大夢,A3,78.22,立川@08/22-08/24;弥彦@09/02-09/04;武雄@09/09-09/11;奈良@09/24-09/26,,
015721,内山 慧大,A1,91.00,松山@08/21-08/23;富山@09/03-09/05;大垣@09/22-09/24,,
015722,竹澤 雅也,A2,79.54,富山@08/20-08/22;西武園@09/06-09/08;防府@09/29-10/01,,
015726,龍野 琳太郎,A1,89.41,松山@08/21-08/23;久留米@09/05-09/07;佐世保@09/20-09/22,武雄,
015732,宮道 良輔,A3,74.26,宇都宮@08/24-08/26;京王閣@09/08-09/10;いわき平@09/15-09/17;奈良@09/24-09/26,,
015734,岡崎 陸登,A1,87.66,松山@08/21-08/23;川崎@08/30-09/01;大垣@09/07-09/09;防府@09/15-09/17,,
015735,岡本 翔,A2,81.75,高知@08/25-08/27;京王閣@09/08-09/10;広島@09/28-09/30,,
015736,中岡 海,A2,76.33,小松島@08/27-08/29;立川@09/03-09/05;静岡@09/18-09/20;武雄@09/27-09/29,京王,
015737,火島 裕輝,A1,86.91,宇都宮@08/31-09/02;久留米@09/17-09/19,京王,
015739,楠本 政明,A3,71.33,立川@08/22-08/24;いわき平@08/30-09/01;松山@09/19-09/21;平塚@09/28-09/30,,
015740,櫻木 雄太,A1,87.33,奈良@08/20-08/22;小松島@08/27-08/29;富山@09/03-09/05;佐世保@09/12-09/14,,
015741,堀川 敬太郎,A1,91.66,高知@08/18-08/20;玉野@08/26-08/28;久留米@09/05-09/07;佐世保@09/20-09/22,,
015742,堀越 翔己,A2,85.00,西武園@08/21-08/23;いわき平@09/15-09/17;小松島@09/23-09/25,,
015743,丸林 駿太,A2,79.00,佐世保@08/18-08/20;大垣@09/07-09/09;松山@09/19-09/21,,
015746,峯口 司,A2,80.60,高知@08/25-08/27;岐阜@09/13-09/15;熊本@09/24-09/26,,
015748,田中 会心,A1,88.75,佐世保@08/18-08/20;玉野@09/02-09/04;いわき平@09/15-09/17,,
015750,徳永 泰粋,A1,88.33,川崎@08/19-08/21;四日市@09/09-09/11;久留米@09/17-09/19;別府@09/24-09/26,武雄,
015751,半田 誠,A1,96.00,小倉@08/28-08/30;豊橋@09/04-09/06;防府@09/15-09/17;別府@09/24-09/26,岐阜,
015752,石川 航大,A1,91.00,高知@08/25-08/27;防府@09/04-09/06;青森@09/21-09/23;平塚@09/28-09/30,岐阜,
015753,枝村 弘樹,A1,89.55,岐阜@08/24-08/26;松山@08/31-09/02;佐世保@09/20-09/22,奈良,
015754,成海 大聖,A2,89.50,小松島@08/27-08/29;防府@09/04-09/06;いわき平@09/15-09/17;平塚@09/28-09/30,奈良,
015780,小田 恭介,A1,86.33,岸和田@08/27-08/29;富山@09/03-09/05;静岡@09/18-09/20,,
015781,齊藤 英伊須,A1,95.50,川崎@08/30-09/01;立川@09/16-09/18;熊本@09/24-09/26,,
015783,吉田 優斗,A1,87.55,大垣@08/21-08/23;松阪@08/31-09/02;前橋@09/11-09/13,京王,
015785,福田 健太,A1,90.25,四日市@08/29-08/31;西武園@09/06-09/08;立川@09/16-09/18,,
015788,平根 優大,A2,93.11,西武園@08/21-08/23;富山@09/10-09/12;青森@09/21-09/23,,
015790,藤田 祐大,A1,95.16,立川@08/17-08/19;玉野@08/26-08/28;立川@09/03-09/05;いわき平@09/15-09/17,,
015791,岡部 陸斗,A1,96.16,西武園@08/31-09/02;富山@09/10-09/12,京王,
015792,貝原 涼太,A1,86.41,前橋@08/15-08/17;岐阜@08/24-08/26;京王閣@09/08-09/10;伊東@09/23-09/25,,
015795,今井 希,A1,87.11,立川@08/17-08/19;岸和田@08/27-08/29;前橋@09/11-09/13;青森@09/26-09/28,,
015796,川田 真也,A1,86.66,奈良@08/26-08/28;玉野@09/02-09/04;川崎@09/10-09/12,青森,
015797,中島 淳,A2,90.33,弥彦@08/18-08/20;松阪@08/31-09/02;伊東@09/07-09/09,,
015798,橋谷 成海,A1,85.22,前橋@08/15-08/17;岸和田@08/27-08/29;伊東@09/07-09/09;別府@09/16-09/18,,
015800,川越 宏臣,A2,89.44,防府@08/23-08/25;玉野@09/02-09/04;川崎@09/10-09/12,京王,
015801,織茂 雄一郎,A3,74.00,別府@08/16-08/18;宇都宮@08/24-08/26;京王閣@09/08-09/10;川崎@09/17-09/19,,
015803,西村 剛,A1,91.00,弥彦@08/18-08/20;宇都宮@08/31-09/02;大垣@09/07-09/09;いわき平@09/27-09/29,,
015805,山下 祐輔,A1,91.00,伊東@08/16-08/18;豊橋@09/04-09/06;佐世保@09/12-09/14;青森@09/26-09/28,,
015806,山本 天平,A2,86.83,弥彦@08/18-08/20;松阪@08/31-09/02;伊東@09/07-09/09;青森@09/14-09/16,,
015809,高野 信元,A1,92.88,岐阜@08/24-08/26;松阪@08/31-09/02;前橋@09/11-09/13,,
015810,瀧川 幸広,A2,80.77,玉野@08/20-08/22;武雄@09/03-09/05;岸和田@09/26-09/28,,
015811,水谷 亮太,A2,85.88,松阪@08/25-08/27;豊橋@09/04-09/06;前橋@09/11-09/13;立川@09/22-09/24,,
015812,森崎 英登,A1,86.16,松阪@08/25-08/27;松戸@09/01-09/03;高知@09/09-09/11,,
015813,山本 和虎,A2,85.11,四日市@08/17-08/19;和歌山@08/30-09/01;大宮@09/13-09/15;防府@09/29-10/01,,
015817,梅澤 忠秀,A1,94.00,静岡@08/15-08/17;岸和田@08/27-08/29;松阪@09/05-09/07;防府@09/29-10/01,,
015819,弓矢 輪太郎,A1,85.83,奈良@08/20-08/22;豊橋@09/04-09/06;高知@09/20-09/22,,
015820,岩元 叶馬,A1,88.55,和歌山@08/30-09/01;富山@09/10-09/12;久留米@09/17-09/19,奈良,
015821,志田 愛希飛,A1,94.66,大垣@08/17-08/19;松阪@09/05-09/07;防府@09/15-09/17;伊東@09/23-09/25,,
015824,中嶋 響,A3,64.00,奈良@08/20-08/22;松戸@09/01-09/03;松山@09/12-09/14,,
015827,藤原 夏志,A2,82.33,川崎@08/19-08/21;和歌山@08/30-09/01;西武園@09/06-09/08;岐阜@09/13-09/15;高知@09/20-09/22,,
015828,秋末 蓮,A2,86.44,前橋@08/15-08/17;松阪@08/25-08/27;久留米@09/05-09/07;別府@09/24-09/26,,
015829,油谷 蒼,A2,78.50,大垣@08/21-08/23;防府@09/04-09/06;前橋@09/11-09/13,,
015830,細中 翔太,A1,94.00,佐世保@08/18-08/20;久留米@09/05-09/07;青森@09/14-09/16;防府@09/29-10/01,,
015831,三木 健正,A1,82.33,奈良@08/26-08/28;武雄@09/03-09/05;川崎@09/10-09/12,,
015833,野村 賢,A1,86.41,高知@08/25-08/27;防府@09/15-09/17;伊東@09/23-09/25,,
015834,原田 峻治,A2,82.44,富山@08/20-08/22;防府@09/04-09/06;大宮@09/13-09/15,武雄,
015835,藤井 優希,A1,90.44,奈良@08/20-08/22;岐阜@09/13-09/15;熊本@09/24-09/26,,
015838,森 柾斗,A2,85.41,武雄@08/21-08/23;防府@09/04-09/06;佐世保@09/20-09/22,,
015839,船山 真生,A1,92.88,富山@08/20-08/22;松山@08/31-09/02;別府@09/24-09/26,,
015841,中西 勇,A3,76.16,青森@08/24-08/26;弥彦@09/02-09/04;武雄@09/16-09/18,,
015843,松本 昂大,A1,85.66,佐世保@08/18-08/20;玉野@09/08-09/10;佐世保@09/20-09/22,,
015844,小山 峻汰,A2,79.00,高知@08/18-08/20;京王閣@09/08-09/10;小松島@09/23-09/25,,
015845,稲留 敦貴,A2,89.66,岐阜@08/24-08/26;宇都宮@08/31-09/02;玉野@09/08-09/10;防府@09/29-10/01,,
015846,入田 龍馬,A3,74.16,奈良@08/20-08/22;いわき平@08/30-09/01;川崎@09/10-09/12;小松島@09/17-09/19;別府@09/24-09/26,,
015847,寺師 幸成,A1,85.44,小松島@08/27-08/29;玉野@09/08-09/10;防府@09/29-10/01,,
015848,與古田 龍門,A3,70.77,玉野@08/20-08/22;久留米@09/05-09/07;武雄@09/16-09/18,,
015869,杉浦 颯太,A2,94.33,川崎@09/17-09/19;広島@09/28-09/30,京王,
015870,畑崎 大輝,A2,86.77,和歌山@08/23-08/25;伊東@09/07-09/09;小松島@09/23-09/25,,
015871,三浦 生誠,A2,82.22,立川@08/17-08/19;松戸@09/01-09/03;いわき平@09/27-09/29,,
015872,池田 充槻,A2,91.83,大垣@08/21-08/23;松山@08/31-09/02;いわき平@09/07-09/09,,
015873,十文字 悠真,A3,74.14,別府@08/16-08/18;松阪@09/05-09/07;大垣@09/13-09/15,,
015874,角田 吏,A3,79.00,宇都宮@08/24-08/26;伊東@09/02-09/04;武雄@09/09-09/11,,
015875,邊見 竜馬,A2,95.66,立川@09/03-09/05;豊橋@09/11-09/13,,
015876,三神 遼矢,A2,96.66,玉野@08/26-08/28;富山@09/03-09/05;立川@09/22-09/24,,
015877,三澤 優樹,A2,93.66,四日市@08/29-08/31;大垣@09/07-09/09;いわき平@09/15-09/17,,
015878,椎名 俊介,A2,93.88,高知@08/25-08/27;弥彦@09/07-09/09;別府@09/16-09/18,,
015879,西本 健三郎,A2,87.88,高知@08/18-08/20;松阪@08/31-09/02;大宮@09/13-09/15,,
015880,吉岡 優太,A2,85.44,静岡@08/15-08/17;川崎@08/30-09/01;玉野@09/08-09/10;立川@09/16-09/18,,
015881,関口 朗斗,A3,76.44,別府@08/16-08/18;松山@09/12-09/14;奈良@09/24-09/26,,
015882,木村 優駿,A2,86.66,武雄@08/21-08/23;西武園@09/06-09/08;岐阜@09/13-09/15;青森@09/26-09/28,,
015883,吉田 夢希斗,A2,81.00,岐阜@08/30-09/01;松阪@09/05-09/07;佐世保@09/12-09/14;伊東@09/23-09/25,,
015884,秋山 太洋,A3,78.88,熊本@08/24-08/26;立川@09/16-09/18;川崎@09/24-09/26,,
015885,五輪 拓巳,A2,77.88,大垣@08/21-08/23;宇都宮@08/31-09/02;立川@09/22-09/24,青森,
015886,中川 飛隆,A3,72.33,別府@08/16-08/18;青森@08/24-08/26;弥彦@09/07-09/09;川崎@09/17-09/19,,
015887,星野 京旺,A3,74.66,四日市@08/29-08/31;大垣@09/13-09/15;川崎@09/24-09/26,,
015888,水澤 秀哉,A2,88.00,岸和田@08/27-08/29;四日市@09/09-09/11;川崎@09/17-09/19;武雄@09/27-09/29,,
015889,大本 隆也,A3,74.44,豊橋@08/18-08/20;いわき平@08/30-09/01;松山@09/12-09/14;大宮@09/21-09/23,,
015890,中 秀平,A3,71.83,立川@08/22-08/24;静岡@08/30-09/01;京王閣@09/08-09/10;武雄@09/16-09/18;奈良@09/24-09/26,,
015892,山本 和瑳,A2,80.77,岐阜@08/30-09/01;高知@09/09-09/11;立川@09/16-09/18,,
015893,岩辺 陸,A2,92.25,奈良@08/26-08/28;前橋@09/11-09/13;いわき平@09/27-09/29,,
015894,大塚 城,A2,92.00,伊東@08/16-08/18;和歌山@08/30-09/01;川崎@09/10-09/12;静岡@09/18-09/20,,
015895,鈴木 小次廊,A2,82.88,西武園@08/31-09/02;防府@09/15-09/17;平塚@09/28-09/30,奈良,
015897,森 飛龍,A2,79.66,弥彦@08/18-08/20;京王閣@09/08-09/10;いわき平@09/15-09/17,,
015898,岩原 健馬,A2,82.55,岸和田@08/27-08/29;防府@09/04-09/06;大垣@09/22-09/24,,
015899,加藤 駿,A2,89.53,松戸@09/01-09/03;熊本@09/24-09/26,,
015900,花田 雄飛,A3,69.50,宇都宮@08/24-08/26;松戸@09/01-09/03;松山@09/19-09/21,,
015901,真木 寛斗,A2,89.83,前橋@08/15-08/17;岐阜@08/24-08/26;久留米@09/05-09/07;岸和田@09/14-09/16,,
015902,安達 光伸,A2,94.88,玉野@08/26-08/28;前橋@09/11-09/13;小松島@09/23-09/25,,
015903,谷澤 優貴,A2,83.66,防府@08/23-08/25;松阪@08/31-09/02;青森@09/21-09/23,,
015904,辻田 祥大,A2,88.33,高知@08/18-08/20;大垣@09/07-09/09;佐世保@09/20-09/22,,
015905,上野 幸星,A3,66.75,立川@08/22-08/24;松阪@09/05-09/07;岸和田@09/14-09/16;別府@09/24-09/26,,
015906,林 佳宗依,A2,81.22,富山@08/20-08/22;岐阜@08/30-09/01;いわき平@09/07-09/09;玉野@09/27-09/29,,
015907,上杉 有弘,A2,93.00,静岡@08/15-08/17;和歌山@08/30-09/01;高知@09/09-09/11;松山@09/19-09/21;広島@09/28-09/30,,
015908,川村 峻輝,A2,,,,
015909,馬越 裕之,A2,78.00,川崎@08/30-09/01;大垣@09/07-09/09;高知@09/20-09/22,奈良,
015910,土生 智徳,A2,87.63,奈良@08/26-08/28;富山@09/10-09/12;久留米@09/17-09/19,,
015911,松田 安綱,A2,91.66,松山@08/21-08/23;四日市@08/29-08/31;豊橋@09/11-09/13;武雄@09/27-09/29,,
015912,安達 豪太,A3,70.00,松阪@08/25-08/27;伊東@09/02-09/04;豊橋@09/11-09/13,,
015913,一守 大葵,A2,92.75,小倉@08/28-08/30;松阪@09/05-09/07;防府@09/29-10/01,,
015914,西森 一稀,A2,90.11,岸和田@08/27-08/29;立川@09/03-09/05;防府@09/15-09/17,,
015915,柏野 健吾,A2,81.07,奈良@08/20-08/22;川崎@09/10-09/12;別府@09/24-09/26,,
015916,小西 涼太,A2,,弥彦@09/19-09/21;防府@09/29-10/01,,
015918,土井 慎二,A2,80.00,奈良@08/26-08/28;富山@09/03-09/05;佐世保@09/12-09/14;伊東@09/23-09/25,,
015919,藤田 楓,A2,94.50,玉野@08/26-08/28;豊橋@09/04-09/06;別府@09/16-09/18;平塚@09/28-09/30,,
015920,吉野 太晟,A2,89.66,松山@08/21-08/23;武雄@09/03-09/05;玉野@09/27-09/29,京王,
015921,伊藤 涼介,A2,94.33,大垣@08/17-08/19;小倉@08/28-08/30;青森@09/14-09/16;小松島@09/23-09/25,,
015922,中田 拓也,A2,90.77,高知@08/18-08/20;小松島@08/27-08/29;玉野@09/08-09/10;松山@09/19-09/21,,
015923,右近 陸人,A3,71.30,奈良@08/20-08/22;静岡@08/30-09/01;小松島@09/17-09/19;川崎@09/24-09/26,,
015924,利川 寛太,A2,81.75,高知@08/25-08/27;防府@09/15-09/17;武雄@09/27-09/29,,
015925,川西 康彦,A2,82.33,玉野@09/02-09/04;熊本@09/24-09/26,岐阜,
015926,諸隈 健太郎,A2,92.00,西武園@08/21-08/23;宇都宮@08/31-09/02;高知@09/09-09/11;立川@09/22-09/24,武雄,
015927,長野 魅切,A1,94.33,川崎@08/19-08/21;小倉@08/28-08/30;京王閣@09/08-09/10;小松島@09/23-09/25,,
015928,尾野 翔一,A1,94.33,奈良@08/26-08/28;川崎@09/10-09/12;広島@09/28-09/30,武雄,
015929,鶴 淳志,A2,87.66,富山@08/20-08/22;小倉@08/28-08/30;京王閣@09/08-09/10;別府@09/24-09/26,,
015930,野津 宏介,A2,86.66,四日市@09/09-09/11;高知@09/20-09/22,,
015931,山口 留稀哉,A2,88.66,川崎@08/30-09/01;いわき平@09/07-09/09;防府@09/29-10/01,武雄,
015932,生野 優翔,A2,88.58,松山@08/31-09/02;青森@09/14-09/16;岸和田@09/26-09/28,,
015933,山本 康旗,A2,82.42,玉野@09/08-09/10;久留米@09/17-09/19,,
015934,吉田 航,A2,87.42,武雄@08/21-08/23;富山@09/03-09/05;別府@09/16-09/18,岐阜,
015935,佐藤 魁皇,A3,76.22,青森@08/24-08/26;伊東@09/02-09/04;いわき平@09/15-09/17;奈良@09/24-09/26,,
015936,下山 聖斗,A3,77.66,青森@08/24-08/26;伊東@09/02-09/04;松山@09/12-09/14;川崎@09/24-09/26,,
015937,新垣 慶晃,A2,86.11,佐世保@08/18-08/20;玉野@09/02-09/04;久留米@09/17-09/19;広島@09/28-09/30,,
015958,庄子 琢心,A3,74.22,いわき平@08/30-09/01;富山@09/10-09/12;川崎@09/17-09/19,,
015959,中野 楚樂,A3,80.22,立川@08/22-08/24;豊橋@09/11-09/13;大宮@09/21-09/23,,
015960,阿部 蒼大,A3,78.50,青森@08/24-08/26;川崎@09/10-09/12;小松島@09/17-09/19,,
015961,榊枝 天旺,A3,78.66,伊東@08/27-08/29;京王閣@09/08-09/10;奈良@09/24-09/26,,
015962,福田 悠航,A3,75.00,静岡@08/30-09/01;弥彦@09/07-09/09;いわき平@09/15-09/17,,
015963,福地 晶,A3,72.88,いわき平@08/30-09/01;立川@09/16-09/18;平塚@09/28-09/30,,
015964,柳沼 鼓太朗,A3,77.50,伊東@08/16-08/18;青森@08/24-08/26;西武園@08/31-09/02;大垣@09/22-09/24,,
015965,篠原 輝利,A3,79.77,青森@08/24-08/26;広島@09/20-09/22;平塚@09/28-09/30,,
015966,近内 三孝,A3,64.88,伊東@08/27-08/29;武雄@09/09-09/11;大宮@09/21-09/23,,
015967,田崎 隼翔,A3,78.83,宇都宮@08/24-08/26;伊東@09/02-09/04;小松島@09/17-09/19,,
015968,渡邉 拓,A3,78.90,立川@08/17-08/19;宇都宮@08/24-08/26;松阪@09/05-09/07;川崎@09/17-09/19,,
015969,北村 翔太,A3,71.00,立川@08/22-08/24;いわき平@08/30-09/01;弥彦@09/07-09/09;武雄@09/16-09/18,,
015970,田沼 龍弥,A3,74.22,静岡@08/30-09/01;西武園@09/06-09/08;大垣@09/13-09/15,,
015971,阿部 凪汰,A3,76.88,青森@08/24-08/26;西武園@08/31-09/02;弥彦@09/24-09/26,,
015972,佐藤 凱王,A3,67.00,伊東@08/27-08/29;豊橋@09/11-09/13;川崎@09/24-09/26,西武,
015973,長川 達哉,A3,77.75,立川@08/22-08/24;いわき平@08/30-09/01;富山@09/10-09/12;大宮@09/21-09/23,,
015974,山下 季秦,A3,74.66,宇都宮@08/24-08/26;弥彦@09/02-09/04;松山@09/12-09/14,,
015975,小笠原 匠海,A3,78.50,和歌山@08/23-08/25;静岡@08/30-09/01;西武園@09/06-09/08;立川@09/16-09/18,,
015976,勝沼 遼,A3,79.11,立川@08/17-08/19;伊東@09/02-09/04;奈良@09/24-09/26,,
015977,齊藤 宏樹,A3,73.33,静岡@08/30-09/01;京王閣@09/08-09/10;武雄@09/16-09/18,,
015978,中西 将太郎,A3,78.25,立川@08/22-08/24;弥彦@09/02-09/04;広島@09/20-09/22,,
015979,福田 海響,A3,80.22,豊橋@08/18-08/20;松戸@09/01-09/03;小松島@09/17-09/19,,
015980,吉川 敬介,A3,78.66,伊東@08/16-08/18;青森@08/24-08/26;武雄@09/09-09/11;弥彦@09/24-09/26,,
015981,小川 佑希也,A3,73.60,いわき平@08/30-09/01;武雄@09/09-09/11;弥彦@09/24-09/26,,
015982,中村 嶺央,A3,81.33,立川@08/17-08/19;伊東@08/27-08/29;弥彦@09/07-09/09;岸和田@09/14-09/16,,
015983,大村 涼兼,A3,77.55,松戸@09/01-09/03;川崎@09/10-09/12,西武,
015984,藤岡 祐馬,A3,72.75,青森@08/24-08/26;立川@09/16-09/18;川崎@09/24-09/26,,
015985,山本 真,A3,74.22,宇都宮@08/24-08/26;川崎@09/17-09/19;奈良@09/24-09/26,,
015986,鈴木 那樹,A3,79.33,伊東@08/16-08/18;静岡@08/30-09/01;大垣@09/13-09/15;川崎@09/24-09/26,,
015987,松田 祥位,A3,76.66,四日市@08/29-08/31,,
015988,鴨下 佳朋,A3,74.33,西武園@08/31-09/02;大宮@09/21-09/23,,
015989,松木 一将,A3,70.16,宇都宮@08/24-08/26;武雄@09/16-09/18;弥彦@09/24-09/26,,
015990,児玉 東次郎,A3,76.11,四日市@08/29-08/31;久留米@09/05-09/07;松山@09/12-09/14,,
015991,坂井 央雅,A3,78.00,豊橋@08/18-08/20;伊東@09/02-09/04;大垣@09/22-09/24,,
015992,永田 吏玖,A3,71.88,伊東@08/27-08/29;大垣@09/13-09/15;広島@09/20-09/22,,
015993,西澤 優聖,A3,76.44,奈良@08/20-08/22;静岡@08/30-09/01;西武園@09/06-09/08;松山@09/19-09/21,,
015994,林 欣司,A3,69.44,松山@08/21-08/23;西武園@09/06-09/08;岸和田@09/14-09/16,,
015995,伊藤 京介,A2,81.50,四日市@08/17-08/19,,
015996,白井 輝,A3,77.50,和歌山@08/23-08/25;武雄@09/09-09/11;小松島@09/17-09/19,,
015997,片岡 遼真,A3,80.00,立川@08/22-08/24;四日市@08/29-08/31;松阪@09/05-09/07;大垣@09/22-09/24,,
015998,木曽田 晃大,A3,74.44,奈良@08/20-08/22;松戸@09/01-09/03;大宮@09/21-09/23,,
015999,冨倉 巧,A3,74.55,富山@09/10-09/12;別府@09/24-09/26,西武,
016000,北宅 柊麻,A3,72.55,和歌山@08/23-08/25;松阪@09/05-09/07;岸和田@09/14-09/16,,
016001,高橋 奏多,A3,78.28,宇都宮@08/24-08/26,,
016002,宮田 龍一,A3,63.00,豊橋@08/18-08/20;弥彦@09/02-09/04;大宮@09/21-09/23,,
016003,吉岡 竜太,A3,81.33,別府@08/16-08/18;熊本@08/24-08/26;伊東@09/02-09/04;広島@09/20-09/22,,
016004,松本 悠平,A3,80.50,武雄@09/16-09/18;川崎@09/24-09/26,,
016005,清家 大夢,A3,69.11,玉野@08/20-08/22;松山@09/19-09/21;平塚@09/28-09/30,,
016006,高橋 聖太,A3,77.55,松山@08/21-08/23;弥彦@09/02-09/04;いわき平@09/15-09/17,,
016007,渡邊 諒馬,A3,78.25,別府@08/16-08/18;松阪@08/25-08/27;久留米@09/05-09/07;松山@09/12-09/14,,
016008,久保田 智之,A3,75.00,別府@08/16-08/18;大垣@09/13-09/15;奈良@09/24-09/26,,
016009,兒島 直樹,A3,82.00,,,
016010,駒壽 直人,A3,69.00,豊橋@08/18-08/20;弥彦@09/02-09/04;広島@09/20-09/22,,
016011,鶴 健志,A3,74.66,別府@08/16-08/18;武雄@09/09-09/11;松山@09/19-09/21,,
016012,藤井 凜太郎,A3,62.66,豊橋@08/18-08/20;久留米@09/05-09/07;松山@09/12-09/14,,
016013,森下 龍之介,A3,77.71,伊東@09/02-09/04;広島@09/20-09/22,,
016014,森田 瑞基,A3,76.00,玉野@08/20-08/22;久留米@09/05-09/07;大垣@09/13-09/15,,
016015,横溝 貫太,A3,78.18,松阪@08/25-08/27;京王閣@09/08-09/10;武雄@09/16-09/18,,
016016,西原 裕太郎,A3,78.83,別府@08/16-08/18;松阪@08/25-08/27;武雄@09/16-09/18;弥彦@09/24-09/26,,
016017,白濱 蓮,A3,73.00,熊本@08/24-08/26;小松島@09/17-09/19;川崎@09/24-09/26,,
016018,田中 衛太,A3,80.33,豊橋@08/18-08/20;松阪@08/25-08/27;川崎@09/10-09/12;松山@09/19-09/21,,
016019,沢田 桂太郎,A3,81.50,松山@08/21-08/23;弥彦@09/02-09/04;別府@09/24-09/26,,
016020,飯田 怜治,A3,77.11,奈良@08/20-08/22;伊東@09/02-09/04;川崎@09/24-09/26,,
016021,財満 伊織,A3,73.77,松山@08/21-08/23;武雄@09/09-09/11;小松島@09/17-09/19,,
016022,半田 莉都,A3,76.33,松山@08/21-08/23;大垣@09/13-09/15;別府@09/24-09/26,,
016023,滿田 光紀,A3,79.25,別府@08/16-08/18;熊本@08/24-08/26;いわき平@09/15-09/17;平塚@09/28-09/30,,
016024,宮本 寛大,A3,74.33,熊本@08/24-08/26;松山@09/12-09/14;弥彦@09/24-09/26,,
016025,高佐 龍太郎,A3,78.88,玉野@08/20-08/22;いわき平@09/15-09/17;奈良@09/24-09/26,,
