reg_no,name,grade,score,entries,racing_now,today_race,starts,dq,form_emoji,form_avg,retired
010900,三浦 靖,A2,78.11,大垣@10/27-10/29;奈良@11/14-11/16;玉野@11/29-12/01,,,17,0,🥺,5.2,
011142,小林 宏年,A3,67.38,宇都宮@10/30-11/01;富山@11/10-11/12;川崎@11/23-11/25,高知,高知Ｆ２@10/07/5R;高知Ｆ２@10/08/6R,26,1,🥺,5.0,
011198,大竹 慎吾,A3,65.33,岐阜@10/10-10/12;別府@11/04-11/06;福井@11/19-11/21,,,27,0,🥺,5.0,
011288,中澤 孝之,A3,67.06,久留米@10/27-10/29;奈良@11/08-11/10;高知@11/17-11/19,,,16,0,,4.4,
011328,川添 輝彦,A3,65.66,久留米@10/27-10/29;別府@11/04-11/06;武雄@11/14-11/16,高知,高知Ｆ２@10/07/7R;高知Ｆ２@10/08/2R,9,0,🥺,5.4,
011341,黒崎 直行,A3,71.33,いわき平@10/21-10/23;名古屋@10/30-11/01;松山@11/08-11/10;前橋@11/20-11/22,高知,高知Ｆ２@10/07/2R;高知Ｆ２@10/08/4R,21,0,🥺,4.8,
011346,野崎 修一,A3,65.96,富山@10/17-10/19;静岡@11/17-11/19;佐世保@11/27-11/29,,,26,0,🥺,4.8,
011364,遠澤 健二,A3,66.54,いわき平@10/21-10/23;松山@11/08-11/10;静岡@11/17-11/19,大垣,大垣Ｆ２@10/06/4R;大垣Ｆ２@10/07/2R;大垣Ｆ２@10/08/1R,24,0,🥺,5.0,
011367,石川 一浩,A3,68.95,前橋@10/13-10/15;和歌山@10/26-10/28;奈良@11/08-11/10;佐世保@11/27-11/29,,,24,0,🥺,4.6,
011372,黒瀬 浩一,A2,76.28,青森@10/24-10/26;松山@11/08-11/10;平塚@11/27-11/29,前橋,前橋Ｆ２@10/06/6R;前橋Ｆ２@10/07/4R;前橋Ｆ２@10/08/2R,21,0,🥺,5.8,
011382,清水 広幸,A3,62.69,武雄@10/09-10/11;四日市@10/16-10/18;熊本@10/31-11/02;大宮@11/10-11/12;佐世保@11/27-11/29,,,26,0,🥺,6.6,
011417,小川 巧,A3,73.58,岐阜@10/10-10/12;前橋@10/21-10/23;松戸@10/30-11/01;高知@11/17-11/19;佐世保@11/27-11/29,,,12,0,,3.6,
011427,川口 秀人,A3,67.24,青森@10/14-10/16;武雄@10/27-10/29;福井@11/19-11/21;佐世保@11/27-11/29,高知,高知Ｆ２@10/07/1R,29,0,,4.4,
011431,梶應 弘樹,A3,62.48,武雄@10/09-10/11;川崎@10/20-10/22;松山@11/08-11/10;佐世保@11/27-11/29,,,29,0,🥺,7.0,
011451,重 一徳,A3,67.37,岐阜@10/10-10/12;青森@10/19-10/21;松戸@10/30-11/01;松山@11/08-11/10;武雄@11/23-11/25,,,24,0,🥺,5.0,
011454,杉浦 康一,A2,78.95,前橋@10/13-10/15;弥彦@10/30-11/01;高知@11/07-11/09;富山@11/15-11/17;静岡@11/24-11/26,,,21,0,🥺,5.8,
011477,川口 満宏,A1,91.57,川崎@10/09-10/11;青森@10/24-10/26;取手@11/04-11/06;奈良@11/14-11/16,,,21,0,,4.2,
011487,宮倉 勇,A2,82.54,高知@10/17-10/19;静岡@11/02-11/04;広島@11/22-11/24,,,24,0,,4.0,
011574,坂本 英一,A3,76.10,青森@10/19-10/21;和歌山@10/26-10/28;宇都宮@11/08-11/10;前橋@11/20-11/22,,,28,1,🚀,3.0,
011599,和泉田 喜一,A3,66.00,宇都宮@10/30-11/01;玉野@11/12-11/14;前橋@11/20-11/22,,,9,0,,4.4,
011619,疋田 敏,A2,84.79,取手@10/19-10/21;宇都宮@11/17-11/19;平塚@11/27-11/29,,,24,0,,4.2,
011622,杉山 正和,A3,71.71,名古屋@10/24-10/26;奈良@11/02-11/04;大宮@11/10-11/12;富山@11/26-11/28,,,21,0,,3.2,
011634,中澤 央治,A2,83.27,奈良@10/23-10/25;久留米@11/01-11/03;福井@11/11-11/13,,,18,0,🥺,4.6,
011665,倉岡 慎太郎,A3,68.44,岐阜@10/10-10/12;松山@11/08-11/10;前橋@11/20-11/22,,,27,0,,4.4,
011712,金田 健一郎,A3,69.80,取手@10/19-10/21;和歌山@10/26-10/28;奈良@11/02-11/04;大宮@11/10-11/12,大垣,大垣Ｆ２@10/06/2R;大垣Ｆ２@10/07/4R;大垣Ｆ２@10/08/3R,21,0,,3.8,
011713,古原 勝己,A2,,,,,0,0,,,
011715,黒木 誠一,A3,68.13,武雄@10/09-10/11;久留米@10/27-10/29;福井@11/05-11/07;宇都宮@11/17-11/19,,,15,0,🥺,5.2,
011734,濱口 健二,A2,,熊本@10/12-10/14;川崎@10/20-10/22;高知@11/07-11/09;静岡@11/24-11/26,,,0,0,,,
011790,廣川 貞治,A3,65.86,大宮@10/12-10/14;前橋@10/21-10/23;熊本@10/31-11/02;奈良@11/08-11/10;小倉@11/28-11/30,,,23,0,🥺,6.6,
011792,木下 章,A3,68.48,防府@10/23-10/25;玉野@11/12-11/14;奈良@11/22-11/24,静岡,静岡Ｆ２@10/07/2R;静岡Ｆ２@10/08/3R,27,0,🥺,5.0,
011800,三住 博昭,A2,82.34,富山@10/10-10/12;川崎@10/20-10/22;高知@11/07-11/09;静岡@11/17-11/19,,,28,0,🚀,2.6,
011803,植田 誠,A3,68.40,取手@10/19-10/21;武雄@10/27-10/29;福井@11/05-11/07;富山@11/26-11/28,,,25,0,🥺,5.4,
011817,有賀 高士,A2,78.84,広島@10/18-10/20;大垣@10/27-10/29;福井@11/11-11/13;名古屋@11/20-11/22,,,13,0,,,
011821,中川 博文,A3,68.71,四日市@10/16-10/18;久留米@10/27-10/29;奈良@11/14-11/16;西武園@11/23-11/25,,,21,0,,3.8,
011840,安田 光義,A2,,,,,0,0,,,
011854,紫原 政文,A1,87.66,高知@10/17-10/19;武雄@11/09-11/11;奈良@11/29-12/01,,,18,0,,3.8,
011907,島野 浩司,A1,85.14,四日市@10/16-10/18;久留米@10/27-10/29;青森@11/03-11/05;玉野@11/29-12/01,,,18,0,,4.2,
011935,高嶋 一朗,A3,69.96,名古屋@10/30-11/01;玉野@11/12-11/14;前橋@11/20-11/22;小倉@11/28-11/30,高知,高知Ｆ２@10/07/5R;高知Ｆ２@10/08/4R,30,0,🥺,4.6,
011990,茂木 和臣,A3,67.50,青森@10/19-10/21;名古屋@10/30-11/01;奈良@11/08-11/10;宇都宮@11/17-11/19,静岡,静岡Ｆ２@10/07/2R;静岡Ｆ２@10/08/1R,26,1,🥺,5.6,
011993,深井 高志,A3,70.73,大宮@10/12-10/14;奈良@11/02-11/04;武雄@11/14-11/16,,,23,0,,3.8,
011994,藤光 健一,A3,65.69,前橋@10/13-10/15;大宮@10/22-10/24;武雄@11/02-11/04;静岡@11/17-11/19,,,13,0,🥺,5.2,
012005,藤田 和彦,A3,69.16,大宮@10/12-10/14;川崎@10/20-10/22;名古屋@10/30-11/01;奈良@11/08-11/10;小松島@11/16-11/18,,,25,0,,4.2,
012042,山原 利秀,A2,81.79,広島@10/18-10/20;小倉@11/05-11/07;高知@11/17-11/19,四日,四日Ｆ１@10/07/3R;四日Ｆ１@10/08/1R,24,0,,4.0,
012092,高木 隆弘,A3,71.76,青森@10/19-10/21;武雄@10/27-10/29;別府@11/04-11/06;宇都宮@11/17-11/19,静岡,静岡Ｆ２@10/07/3R;静岡Ｆ２@10/08/1R,13,0,,4.0,
012097,斯波 雅貴,A2,81.00,宇都宮@10/30-11/01;松戸@11/13-11/15;松阪@11/26-11/28,,,24,0,🥺,4.8,
012112,冨岡 健一,A2,81.58,豊橋@10/15-10/17;青森@11/03-11/05;福井@11/11-11/13,,,24,0,🥺,5.2,
012128,山根 泰道,A2,81.23,武雄@10/17-10/19;弥彦@10/30-11/01;川崎@11/14-11/16;玉野@11/23-11/25,,,21,0,🥺,5.6,
012130,石田 洋秀,A1,82.72,四日市@10/16-10/18;久留米@10/27-10/29;大垣@11/18-11/20;小松島@11/26-11/28,平塚,平塚Ｆ１@10/08/3R,18,0,,3.8,
012132,甲斐下 智,A2,78.03,別府@10/14-10/16;玉野@11/12-11/14;福井@11/25-11/27,大宮,大宮Ｆ１@10/06/1R;大宮Ｆ１@10/07/1R;大宮Ｆ１@10/08/1R,28,0,🥺,5.8,
012157,竹野 行登,A3,68.46,青森@10/14-10/16;前橋@10/21-10/23;武雄@11/02-11/04;福井@11/19-11/21,,,28,1,🥺,5.6,
012164,堀 政美,A2,82.75,前橋@10/13-10/15;小田原@10/20-10/22;久留米@11/01-11/03;小松島@11/16-11/18;松戸@11/26-11/28,,,24,0,,4.4,
012193,井手 尚治,A2,81.27,静岡@10/15-10/17;宇都宮@10/30-11/01;弥彦@11/07-11/09,,,18,0,,,
012197,奥山 雅士,A3,66.76,青森@10/19-10/21;名古屋@10/30-11/01;玉野@11/12-11/14;武雄@11/23-11/25,,,13,0,,4.4,
012202,望月 裕一郎,A2,,小松島@11/16-11/18;松戸@11/26-11/28,,,19,0,,4.2,
012206,白井 一機,A3,68.23,富山@10/17-10/19;久留米@10/27-10/29;佐世保@11/11-11/13;福井@11/19-11/21,,,21,0,🥺,5.4,
012208,鰐渕 正利,A3,73.10,岐阜@10/10-10/12;福井@11/05-11/07;佐世保@11/27-11/29,,,20,0,,4.2,
012216,武田 哲二,A2,79.89,小田原@10/20-10/22;小倉@11/05-11/07;西武園@11/18-11/20,,,28,0,🥺,5.0,
012234,室井 竜二,A1,88.05,佐世保@10/18-10/20;弥彦@10/30-11/01;福井@11/11-11/13;松山@11/24-11/26,,,17,0,🚀,3.0,
012242,穴井 利久,A2,76.87,奈良@10/09-10/11;豊橋@11/02-11/04;小松島@11/26-11/28,,,21,0,🥺,6.6,
012248,中井 大介,A3,76.08,佐世保@11/11-11/13,,,24,0,,4.0,
012261,岡部 芳幸,A1,87.15,高知@10/17-10/19;川崎@10/24-10/26;松戸@11/13-11/15;玉野@11/29-12/01,,,19,0,🚀,2.6,
012277,井上 典善,A3,63.77,松戸@10/30-11/01;奈良@11/14-11/16;武雄@11/23-11/25,静岡,静岡Ｆ２@10/07/1R;静岡Ｆ２@10/08/2R,27,0,🥺,6.8,
012283,富永 益生,A1,87.93,熊本@10/12-10/14;西武園@10/30-11/01;奈良@11/14-11/16;豊橋@11/21-11/23,,,15,0,🚀,3.0,
012287,西川 弘資,A3,71.28,取手@10/19-10/21;宇都宮@10/30-11/01;弥彦@11/07-11/09;奈良@11/14-11/16;四日市@11/23-11/25,,,21,0,,3.2,
012290,小西 芳樹,A3,65.72,大宮@10/12-10/14;久留米@10/27-10/29;福井@11/19-11/21;富山@11/26-11/28,,,18,0,🥺,5.8,
012298,星島 太,A2,79.95,四日市@10/16-10/18;奈良@10/23-10/25;福井@11/11-11/13;玉野@11/29-12/01,,,24,0,,3.8,
012299,増成 富夫,A3,67.88,武雄@10/27-10/29;小倉@11/05-11/07;四日市@11/23-11/25,高知,高知Ｆ２@10/07/2R;高知Ｆ２@10/08/1R,26,0,🥺,5.2,
012307,尾崎 勝弘,A3,69.21,奈良@10/09-10/11;久留米@10/27-10/29;宇都宮@11/08-11/10;四日市@11/23-11/25,,,19,0,,4.4,
012319,高尾 剛文,A3,69.17,武雄@10/09-10/11;前橋@10/21-10/23;名古屋@10/30-11/01;宇都宮@11/08-11/10;小倉@11/28-11/30,,,23,0,,4.0,
012321,檀 雄二,A3,70.21,青森@10/19-10/21;大宮@11/10-11/12;武雄@11/23-11/25,,,19,1,🥺,4.6,
012326,國武 耕二,A2,86.73,武雄@10/17-10/19;名古屋@10/24-10/26;小倉@11/05-11/07;豊橋@11/21-11/23,,,19,0,🚀,3.0,
012329,松尾 正人,A3,67.94,松戸@10/30-11/01;大宮@11/10-11/12;四日市@11/23-11/25,,,19,1,🥺,5.2,
012336,高谷 雅彦,A2,84.76,いわき平@10/12-10/14;青森@10/29-10/31;熊本@11/06-11/08;別府@11/15-11/17;平塚@11/27-11/29,,,21,1,,4.0,
012340,金古 将人,A2,,,,,0,0,,,
012348,飯田 威文,A3,69.28,いわき平@10/21-10/23;名古屋@10/30-11/01;大宮@11/10-11/12;武雄@11/23-11/25,,,28,1,,4.4,
012379,小林 健,A2,81.89,熊本@10/12-10/14;奈良@10/23-10/25;松山@11/17-11/19;松阪@11/26-11/28,,,28,0,,4.2,
012380,近藤 修康,A1,87.09,武雄@10/17-10/19;小松島@11/16-11/18;平塚@11/27-11/29,,,21,0,,4.0,
012383,田村 光昭,A3,69.60,岐阜@10/10-10/12;防府@10/23-10/25;名古屋@10/30-11/01;武雄@11/14-11/16;四日市@11/23-11/25,,,20,0,🥺,4.6,
012389,岡崎 昭次,A3,75.16,防府@10/23-10/25;名古屋@10/30-11/01;小松島@11/16-11/18;佐世保@11/27-11/29,,,18,1,🚀,2.4,
012402,時松 正,A3,69.73,四日市@10/16-10/18;玉野@11/12-11/14;武雄@11/23-11/25,,,15,0,🥺,4.8,
012406,濱田 昭一郎,A3,67.31,奈良@10/09-10/11;四日市@10/16-10/18;武雄@10/27-10/29;佐世保@11/11-11/13;前橋@11/20-11/22,,,29,0,🥺,5.4,
012416,櫻井 紀幸,A3,70.70,宇都宮@10/30-11/01;弥彦@11/07-11/09;富山@11/26-11/28,,,17,0,,4.2,
012417,須藤 直道,A1,82.24,大垣@10/22-10/24;取手@11/04-11/06;福井@11/11-11/13,静岡,静岡Ｆ２@10/07/6R;静岡Ｆ２@10/08/7R,29,0,🥺,5.2,
012421,小沼 良,A1,85.33,川崎@10/24-10/26;松阪@11/11-11/13;前橋@11/20-11/22,四日,四日Ｆ１@10/07/3R;四日Ｆ１@10/08/5R,3,0,🥺,5.6,
012431,會田 正一,A3,71.60,松戸@10/30-11/01;富山@11/10-11/12;西武園@11/23-11/25,,,10,0,,,
012432,石井 孝,A3,70.44,和歌山@10/26-10/28;名古屋@11/20-11/22;小倉@11/28-11/30,,,27,0,🥺,5.0,
012439,河合 康晴,A3,71.71,川崎@10/09-10/11;和歌山@10/26-10/28;武雄@11/02-11/04;静岡@11/17-11/19,,,14,0,,3.8,
012452,伊藤 健詞,A2,85.86,豊橋@10/15-10/17;別府@10/28-10/30;小倉@11/05-11/07;富山@11/15-11/17;奈良@11/22-11/24,,,22,1,,3.6,
012466,郡 英治,A2,80.94,広島@10/18-10/20;青森@10/29-10/31;京王閣@11/05-11/07;西武園@11/18-11/20;久留米@11/26-11/28,,,19,0,🥺,4.6,
012473,清水 邦章,A2,79.29,小倉@10/11-10/13;佐世保@11/11-11/13;大垣@11/18-11/20;玉野@11/29-12/01,,,24,0,🥺,5.4,
012474,小川 圭二,A1,84.45,青森@10/29-10/31;西武園@11/18-11/20;小松島@11/26-11/28,,,24,0,,3.2,
012479,田中 弘章,A3,74.08,青森@10/14-10/16;松戸@10/30-11/01;佐世保@11/11-11/13;前橋@11/20-11/22,,,24,0,,3.4,
012496,中村 淳,A3,69.50,富山@11/10-11/12;静岡@11/17-11/19,,,6,0,🥺,5.4,
012501,金子 真也,A1,88.83,高知@10/17-10/19;松戸@11/13-11/15;久留米@11/26-11/28,前橋,前橋Ｆ２@10/06/8R;前橋Ｆ２@10/07/9R;前橋Ｆ２@10/08/7R,12,0,🥺,4.6,
012507,爲田 学,A3,69.79,武雄@10/27-10/29;小倉@11/05-11/07;玉野@11/12-11/14,高知,高知Ｆ２@10/07/1R;高知Ｆ２@10/08/5R,24,0,,4.2,
012509,岡嵜 浩一,A3,67.92,前橋@10/21-10/23;熊本@10/31-11/02;富山@11/10-11/12;奈良@11/22-11/24,高知,高知Ｆ２@10/07/3R;高知Ｆ２@10/08/3R,13,1,,4.0,
012512,眞原 健一,A3,68.33,前橋@10/13-10/15;いわき平@10/21-10/23;松戸@10/30-11/01;武雄@11/14-11/16;小倉@11/28-11/30,,,21,0,,3.8,
012519,藤原 誠,A1,91.47,佐世保@10/18-10/20;京王閣@10/26-10/28;奈良@11/14-11/16;小松島@11/26-11/28,静岡,静岡Ｆ２@10/07/11R;静岡Ｆ２@10/08/9R,23,1,,3.6,
012529,木本 賢二,A3,70.55,名古屋@10/24-10/26;佐世保@11/11-11/13;西武園@11/23-11/25,静岡,静岡Ｆ２@10/07/5R;静岡Ｆ２@10/08/1R,27,0,🥺,4.8,
012530,池上 孝之,A3,68.55,奈良@10/09-10/11;四日市@10/16-10/18;久留米@10/27-10/29;福井@11/05-11/07;名古屋@11/20-11/22,,,20,1,🥺,4.6,
012532,西郷 剛,A2,80.40,広島@10/18-10/20;佐世保@11/11-11/13;富山@11/26-11/28,大垣,大垣Ｆ２@10/06/8R;大垣Ｆ２@10/07/5R;大垣Ｆ２@10/08/4R,22,0,🥺,5.0,
012537,取鳥 敬一,A3,67.09,奈良@10/09-10/11;青森@10/19-10/21;松戸@10/30-11/01;宇都宮@11/08-11/10;四日市@11/23-11/25,,,21,0,🥺,5.0,
012544,上田 学,A1,84.33,小倉@10/11-10/13;広島@10/18-10/20;岐阜@10/28-10/30;松山@11/08-11/10;西武園@11/18-11/20,,,24,0,🥺,4.6,
012546,神開 将暢,A2,87.00,玉野@10/13-10/15;松山@11/08-11/10;福井@11/25-11/27,,,25,0,,4.0,
012547,横瀬 聡,A3,68.91,岐阜@10/10-10/12;青森@10/19-10/21;久留米@10/27-10/29;弥彦@11/07-11/09;武雄@11/14-11/16,,,24,0,,4.0,
012550,荒木 真慈,A3,70.10,久留米@10/27-10/29;松山@11/08-11/10;福井@11/19-11/21,,,30,0,🥺,4.8,
012556,落合 豊,A3,63.83,大宮@10/12-10/14;武雄@10/27-10/29;小松島@11/16-11/18;西武園@11/23-11/25,,,12,0,🥺,6.2,
012559,相良 勝美,A3,68.95,前橋@10/13-10/15;川崎@10/20-10/22;奈良@11/02-11/04;武雄@11/23-11/25,,,21,1,🥺,4.8,
012586,佐藤 和典,A3,77.40,名古屋@10/30-11/01;前橋@11/20-11/22;佐世保@11/27-11/29,高知,高知Ｆ２@10/07/5R;高知Ｆ２@10/08/7R,27,0,,3.4,
012590,山崎 敦雄,A1,87.00,小倉@10/11-10/13;川崎@10/24-10/26;玉野@11/12-11/14;平塚@11/27-11/29,,,22,0,,4.4,
012593,山田 圭二,A3,72.25,大宮@10/12-10/14;和歌山@10/26-10/28;奈良@11/08-11/10;福井@11/19-11/21,,,27,0,,4.0,
012597,塚本 貴雄,A3,69.60,武雄@10/09-10/11;大宮@10/22-10/24;名古屋@10/30-11/01;佐世保@11/11-11/13;奈良@11/22-11/24,,,23,0,,3.6,
012598,大庭 正紀,A1,85.17,佐世保@10/18-10/20;宇都宮@10/30-11/01;福井@11/11-11/13;奈良@11/29-12/01,,,23,0,,3.8,
012602,吉村 文隆,A2,78.66,大垣@10/22-10/24;小田原@11/01-11/03;松阪@11/11-11/13,大宮,大宮Ｆ１@10/06/3R;大宮Ｆ１@10/07/2R;大宮Ｆ１@10/08/2R,15,0,🥺,5.2,
012603,大川 栄二,A2,83.25,豊橋@10/15-10/17;小田原@10/26-10/28;松阪@11/11-11/13;名古屋@11/20-11/22,,,24,0,,3.6,
012618,武智 尚之,A3,66.85,武雄@10/27-10/29;大宮@11/10-11/12;奈良@11/22-11/24,,,20,0,🥺,4.6,
012626,原 司,A3,68.36,青森@10/14-10/16;熊本@10/31-11/02;武雄@11/14-11/16,,,30,0,,3.2,
012628,阪本 正和,A2,79.09,高知@10/17-10/19;名古屋@10/24-10/26;別府@11/04-11/06;豊橋@11/21-11/23,,,21,0,🥺,4.8,
012634,大薗 宏,A3,74.06,大宮@10/12-10/14;宇都宮@11/08-11/10;川崎@11/23-11/25,,,30,0,,4.2,
012640,北村 貴幸,A2,82.83,小田原@10/26-10/28;取手@11/04-11/06;豊橋@11/21-11/23,,,12,0,,,
012646,大澤 裕之,A2,79.80,川崎@10/24-10/26;静岡@11/02-11/04;武雄@11/09-11/11,,,21,0,,,
012649,山本 恵太郎,A3,76.81,川崎@10/09-10/11;奈良@11/02-11/04;大宮@11/10-11/12,,,27,0,🚀,2.4,
012656,柴田 健,A3,71.00,いわき平@10/21-10/23;宇都宮@10/30-11/01;奈良@11/08-11/10;静岡@11/17-11/19,,,27,0,,4.0,
012671,滝川 秀嗣,A3,68.13,武雄@10/09-10/11;宇都宮@10/30-11/01;大宮@11/10-11/12;奈良@11/22-11/24,,,23,1,🥺,4.8,
012677,花村 直人,A3,70.20,いわき平@10/21-10/23;宇都宮@10/30-11/01;弥彦@11/07-11/09;奈良@11/14-11/16,,,15,0,🥺,5.2,
012678,舛井 幹雄,A1,84.52,広島@10/18-10/20;別府@10/28-10/30;高知@11/17-11/19;松阪@11/26-11/28,,,21,0,🥺,4.8,
012679,坂上 忠克,A1,86.50,佐世保@10/18-10/20;弥彦@10/30-11/01;高知@11/07-11/09;豊橋@11/21-11/23,,,24,0,,3.8,
012681,辻 力,A2,80.25,岐阜@10/10-10/12;宇都宮@10/30-11/01;佐世保@11/11-11/13;福井@11/25-11/27,,,27,0,,4.2,
012684,四宮 哲郎,A1,82.14,富山@10/10-10/12;奈良@10/23-10/25;松戸@11/09-11/11;玉野@11/29-12/01,,,21,0,,4.2,
012689,前田 拓也,A2,87.11,熊本@10/12-10/14;取手@10/19-10/21;奈良@11/08-11/10;別府@11/15-11/17,,,9,1,,,
012694,志村 達也,A3,67.25,名古屋@10/24-10/26;武雄@11/02-11/04;大宮@11/10-11/12,,,20,1,🥺,5.0,
012705,那須 久幸,A1,91.37,四日市@10/16-10/18;名古屋@10/24-10/26;静岡@11/02-11/04;久留米@11/26-11/28,,,24,0,🚀,2.6,
012708,野木 義規,A2,83.04,いわき平@10/12-10/14;大垣@10/22-10/24;静岡@11/02-11/04;福井@11/11-11/13;小倉@11/28-11/30,,,21,0,,4.2,
012710,大内 達也,A3,77.28,青森@10/19-10/21;武雄@10/27-10/29;福井@11/05-11/07;静岡@11/17-11/19,,,14,0,🚀,1.8,
012717,伊藤 一貴,A2,79.50,川崎@10/20-10/22;富山@11/10-11/12;名古屋@11/20-11/22;平塚@11/27-11/29,前橋,前橋Ｆ２@10/06/4R;前橋Ｆ２@10/07/4R;前橋Ｆ２@10/08/3R,24,0,🥺,5.6,
012718,大橋 徹,A1,85.25,川崎@10/09-10/11;小田原@10/26-10/28;別府@11/04-11/06;宇都宮@11/17-11/19;久留米@11/26-11/28,,,24,0,,3.2,
012719,篠崎 高志,A2,78.41,玉野@10/13-10/15;武雄@10/27-10/29;青森@11/08-11/10;大垣@11/18-11/20,,,24,0,🥺,4.8,
012721,梅山 英樹,A1,87.27,別府@10/14-10/16;川崎@10/24-10/26;富山@11/10-11/12;静岡@11/17-11/19,四日,四日Ｆ１@10/07/4R;四日Ｆ１@10/08/1R,18,0,,3.2,
012725,浦山 一栄,A3,71.26,富山@10/17-10/19;和歌山@10/26-10/28;福井@11/05-11/07;宇都宮@11/17-11/19,,,23,0,,4.2,
012728,飯田 辰哉,A1,91.92,取手@10/19-10/21;小田原@10/26-10/28;松戸@11/09-11/11;広島@11/22-11/24,,,27,0,🚀,2.4,
012738,渡邊 一洋,A2,82.66,奈良@10/14-10/16;川崎@10/24-10/26;静岡@11/02-11/04;久留米@11/26-11/28,,,21,0,,4.0,
012742,山田 雅之,A2,85.23,富山@10/17-10/19;奈良@11/14-11/16;小松島@11/26-11/28,,,21,0,,3.2,
012747,布居 寛幸,A1,86.23,小倉@10/11-10/13;小田原@10/20-10/22;奈良@11/08-11/10;大垣@11/18-11/20;松阪@11/26-11/28,,,21,0,,3.6,
012753,柳澤 達也,A3,68.33,取手@10/19-10/21;久留米@10/27-10/29;大宮@11/10-11/12;宇都宮@11/17-11/19,,,15,0,,4.2,
012754,小野 祐作,A3,67.50,武雄@10/09-10/11;川崎@10/20-10/22;熊本@10/31-11/02;小松島@11/16-11/18;武雄@11/23-11/25,,,20,0,,4.4,
012757,市本 隆司,A2,88.08,高知@10/17-10/19;大垣@10/27-10/29;武雄@11/09-11/11;広島@11/22-11/24,,,20,1,,3.8,
012759,金山 栄治,A1,91.10,名古屋@10/24-10/26;青森@11/03-11/05;小松島@11/26-11/28,,,20,0,,4.0,
012760,櫻井 宏智,A2,87.23,奈良@10/09-10/11;武雄@10/17-10/19;久留米@11/01-11/03;宇都宮@11/08-11/10,,,21,0,,3.2,
012763,内村 泰三,A2,85.45,豊橋@10/15-10/17;京王閣@10/26-10/28;弥彦@11/07-11/09;久留米@11/26-11/28,,,24,0,,4.4,
012766,立石 拓也,A1,83.61,岐阜@10/10-10/12;佐世保@10/18-10/20;久留米@10/27-10/29;高知@11/17-11/19;松阪@11/26-11/28,,,18,0,🥺,5.8,
012779,田川 辰二,A2,80.75,佐世保@10/18-10/20;岐阜@10/28-10/30;福井@11/11-11/13;小松島@11/26-11/28,,,16,1,🥺,5.0,
012783,平澤 秀信,A3,69.73,前橋@10/13-10/15;大宮@10/22-10/24;奈良@11/02-11/04;武雄@11/14-11/16,,,15,1,,3.6,
012785,小橋 明紀,A1,94.18,川崎@10/09-10/11;小田原@10/20-10/22;京王閣@11/05-11/07;富山@11/15-11/17,,,16,0,,3.2,
012794,宇賀神 浩幸,A2,81.43,取手@10/19-10/21;岐阜@10/28-10/30;宇都宮@11/08-11/10;別府@11/15-11/17,大宮,大宮Ｆ１@10/06/2R,23,0,🥺,5.6,
012795,黒田 充,A3,71.35,大宮@10/12-10/14;熊本@10/31-11/02;富山@11/26-11/28,,,20,0,,3.2,
012800,豊田 一馬,A2,82.11,青森@10/24-10/26;小田原@11/01-11/03;松山@11/08-11/10,大宮,大宮Ｆ１@10/06/1R;大宮Ｆ１@10/07/3R;大宮Ｆ１@10/08/1R,18,0,,4.0,
012809,高峰 賢治,A2,86.28,川崎@10/09-10/11;青森@10/24-10/26;静岡@11/02-11/04;玉野@11/12-11/14,,,21,0,,4.0,
012811,江守 昇,A1,91.33,大宮@10/22-10/24;玉野@11/12-11/14;松戸@11/26-11/28,,,24,0,🚀,2.4,
012819,齊藤 竜也,A1,92.08,いわき平@10/12-10/14;川崎@10/20-10/22;静岡@11/17-11/19;松山@11/24-11/26,,,12,0,,3.2,
012823,遠藤 勝行,A2,83.85,奈良@10/14-10/16;大宮@10/22-10/24;小田原@11/01-11/03;玉野@11/23-11/25,,,21,0,,3.4,
012826,渡邉 晴智,A1,90.25,四日市@10/21-10/23;宇都宮@10/30-11/01;奈良@11/08-11/10;静岡@11/17-11/19;小倉@11/28-11/30,,,4,0,,3.6,
012827,光岡 義洋,A3,71.50,大宮@10/12-10/14;いわき平@10/21-10/23;名古屋@10/30-11/01;富山@11/10-11/12;奈良@11/22-11/24,,,22,0,🥺,4.8,
012829,西浦 仙哉,A1,92.71,広島@10/18-10/20;大垣@10/27-10/29;松戸@11/09-11/11;西武園@11/18-11/20;福井@11/25-11/27,,,21,0,🚀,3.0,
012832,仙石 淳,A3,72.38,武雄@10/09-10/11;熊本@10/31-11/02;小松島@11/16-11/18;小倉@11/28-11/30,,,21,0,,3.4,
012838,三木 健治,A2,81.13,別府@10/28-10/30;高知@11/17-11/19;小松島@11/26-11/28,,,15,0,,,
012844,米澤 大輔,A2,78.00,豊橋@10/15-10/17;松山@11/08-11/10;富山@11/15-11/17,,,9,0,🥺,5.2,
012845,林 成人,A2,81.85,別府@11/04-11/06;四日市@11/11-11/13;松戸@11/26-11/28,,,21,0,,3.6,
012847,古閑 良介,A3,68.66,奈良@10/09-10/11;名古屋@10/24-10/26;武雄@11/02-11/04;高知@11/17-11/19,,,18,1,,3.6,
012850,渡邉 満,A2,78.04,豊橋@10/15-10/17;久留米@11/01-11/03;宇都宮@11/08-11/10,,,24,0,🥺,6.0,
012858,亀井 宏佳,A3,68.44,前橋@10/21-10/23;武雄@11/02-11/04;川崎@11/23-11/25,,,27,0,🥺,4.6,
012861,小坂 敏之,A2,80.85,いわき平@10/12-10/14;川崎@10/24-10/26;取手@11/04-11/06;富山@11/15-11/17,,,27,0,🥺,5.4,
012875,中曽 直彦,A2,80.92,川崎@10/24-10/26;松戸@11/13-11/15;広島@11/22-11/24,前橋,前橋Ｆ２@10/06/5R;前橋Ｆ２@10/07/3R;前橋Ｆ２@10/08/4R,14,1,🥺,4.6,
012876,湯浅 弘光,A3,71.87,前橋@10/13-10/15;防府@10/23-10/25;奈良@11/02-11/04;静岡@11/17-11/19,,,24,0,,3.8,
012878,安藤 宜明,A3,73.60,取手@10/19-10/21;松戸@10/30-11/01;大宮@11/10-11/12;富山@11/26-11/28,静岡,静岡Ｆ２@10/07/5R;静岡Ｆ２@10/08/4R,20,0,,4.4,
012879,石井 毅,A2,81.62,大宮@10/22-10/24;青森@10/29-10/31;川崎@11/14-11/16;小倉@11/28-11/30,,,24,0,🥺,4.8,
012882,鈴木 愼二,A2,80.73,青森@10/24-10/26;奈良@11/08-11/10;西武園@11/18-11/20;久留米@11/26-11/28,平塚,平塚Ｆ１@10/08/3R,23,0,🥺,5.6,
012883,大沼 孝行,A3,68.57,取手@10/19-10/21;別府@11/04-11/06;武雄@11/14-11/16;富山@11/26-11/28,高知,高知Ｆ２@10/07/3R;高知Ｆ２@10/08/2R,21,0,🥺,5.2,
012885,田中 智也,A3,68.52,大宮@10/22-10/24;武雄@11/02-11/04;富山@11/10-11/12,静岡,静岡Ｆ２@10/07/4R;静岡Ｆ２@10/08/5R,17,0,,,
012886,中井 達郎,A1,89.07,玉野@10/13-10/15;川崎@10/24-10/26;豊橋@11/02-11/04;西武園@11/18-11/20;小倉@11/28-11/30,大宮,大宮Ｆ１@10/06/5R;大宮Ｆ１@10/07/5R;大宮Ｆ１@10/08/4R,14,0,🥺,4.8,
012891,朝日 勇,A2,81.04,玉野@10/13-10/15;青森@11/03-11/05;名古屋@11/14-11/16,大垣,大垣Ｆ２@10/06/8R;大垣Ｆ２@10/07/6R;大垣Ｆ２@10/08/7R,24,0,,4.4,
012893,吉野 猛,A3,70.90,富山@11/10-11/12;高知@11/17-11/19,静岡,静岡Ｆ２@10/07/1R;静岡Ｆ２@10/08/5R,30,0,🥺,4.6,
012895,小嶋 敬二,A1,92.04,高知@10/17-10/19;大垣@10/27-10/29;名古屋@11/20-11/22;玉野@11/29-12/01,,,21,0,,3.8,
012899,中井 護,A2,,,,,0,0,,,
012906,太田 良政,A3,65.13,武雄@10/09-10/11;前橋@10/21-10/23;熊本@10/31-11/02;川崎@11/23-11/25,,,15,0,🥺,5.6,
012910,塩川 真一郎,A3,75.52,武雄@10/27-10/29;大宮@11/10-11/12;奈良@11/22-11/24,,,21,0,🚀,2.8,
012913,増田 鉄男,A3,64.75,岐阜@10/10-10/12;名古屋@10/24-10/26;奈良@11/02-11/04;玉野@11/12-11/14;川崎@11/23-11/25,,,12,1,🥺,5.8,
012914,武市 和人,A2,76.27,佐世保@10/18-10/20;別府@10/28-10/30;熊本@11/06-11/08;久留米@11/26-11/28,,,29,0,🥺,6.0,
012920,山崎 岳志,A2,84.95,豊橋@10/15-10/17;奈良@10/23-10/25;小田原@11/01-11/03;高知@11/17-11/19,,,21,0,,4.4,
012924,太田黒 大心,A2,86.11,玉野@10/13-10/15;大垣@10/27-10/29;高知@11/07-11/09;松阪@11/26-11/28,,,18,0,,3.8,
012930,浦崎 貴史,A3,69.66,青森@10/14-10/16;武雄@11/02-11/04;小松島@11/16-11/18,,,21,0,,4.0,
012934,煤賀 隆幸,A3,67.87,宇都宮@10/30-11/01;武雄@11/14-11/16;富山@11/26-11/28,,,16,1,,4.0,
012937,十文字 菊雄,A1,83.04,青森@10/24-10/26;取手@11/04-11/06;広島@11/22-11/24,,,21,0,,3.4,
012938,鈴木 規純,A3,69.29,川崎@10/09-10/11;前橋@10/21-10/23;福井@11/05-11/07;富山@11/26-11/28,,,24,0,🥺,5.0,
012940,小室 貴広,A2,80.96,小倉@10/11-10/13;奈良@11/08-11/10;前橋@11/20-11/22,,,25,1,🥺,4.8,
012944,渡邊 恭典,A2,80.66,別府@10/14-10/16;大垣@10/22-10/24;大宮@11/04-11/06;久留米@11/26-11/28,静岡,静岡Ｆ２@10/07/8R;静岡Ｆ２@10/08/8R,15,0,🥺,4.6,
012946,亀井 雅斗,A3,70.00,青森@10/19-10/21;奈良@11/02-11/04;富山@11/26-11/28,大垣,大垣Ｆ２@10/06/2R,10,0,🥺,5.2,
012953,矢内 良和,A2,80.95,静岡@10/15-10/17;川崎@10/24-10/26;取手@11/04-11/06;玉野@11/23-11/25,,,24,0,🥺,6.2,
012955,太田 真一,A2,80.76,高知@10/17-10/19;川崎@10/24-10/26;松戸@11/09-11/11;静岡@11/17-11/19,,,26,0,🥺,5.0,
012956,鈴木 孝征,A2,80.11,取手@11/04-11/06;福井@11/11-11/13;玉野@11/29-12/01,,,17,0,🥺,5.2,
012957,宮澤 晃,A2,81.62,静岡@10/15-10/17;富山@11/10-11/12;西武園@11/23-11/25,,,24,0,,4.4,
012960,水書 義弘,A2,84.25,静岡@10/15-10/17;取手@11/04-11/06;松阪@11/11-11/13,,,27,0,🥺,5.2,
012963,荻野 哲,A2,85.50,前橋@10/13-10/15;川崎@10/24-10/26;富山@11/10-11/12;前橋@11/20-11/22,静岡,静岡Ｆ２@10/07/7R;静岡Ｆ２@10/08/7R,26,0,,3.4,
012965,成田 健児,A1,,,,,0,0,,,
012966,石川 英昭,A3,71.33,青森@10/14-10/16;大宮@10/22-10/24;奈良@11/02-11/04;武雄@11/14-11/16,,,12,0,,,
012970,山内 大作,A3,64.37,取手@10/19-10/21;名古屋@10/30-11/01;奈良@11/08-11/10;前橋@11/20-11/22,大垣,大垣Ｆ２@10/06/3R,35,0,🥺,6.2,
012971,小川 将人,A2,82.34,岐阜@10/10-10/12;宇都宮@10/30-11/01;佐世保@11/11-11/13;名古屋@11/20-11/22,,,26,0,,3.4,
012972,金子 貴志,A1,88.38,豊橋@10/15-10/17;別府@10/28-10/30;弥彦@11/07-11/09;富山@11/26-11/28,,,21,0,,3.6,
012976,中井 修,A3,71.60,取手@10/19-10/21;福井@11/19-11/21;富山@11/26-11/28,,,15,0,,4.4,
012981,片山 弘城,A1,89.35,豊橋@10/15-10/17;大宮@10/22-10/24;熊本@11/06-11/08;高知@11/17-11/19,,,17,0,,3.2,
012982,上原 直樹,A3,67.66,四日市@10/16-10/18;防府@10/23-10/25;武雄@11/02-11/04;福井@11/19-11/21,高知,高知Ｆ２@10/07/1R;高知Ｆ２@10/08/2R,18,0,🥺,5.6,
012986,近藤 直幹,A3,65.37,青森@10/14-10/16;松戸@10/30-11/01;宇都宮@11/08-11/10;福井@11/19-11/21,,,27,0,🥺,4.8,
012989,森岡 正臣,A1,84.38,佐世保@10/18-10/20;青森@11/03-11/05;久留米@11/26-11/28,大宮,大宮Ｆ１@10/06/3R;大宮Ｆ１@10/07/5R;大宮Ｆ１@10/08/4R,21,0,🚀,2.8,
012992,吉良 勝信,A2,78.69,熊本@10/12-10/14;富山@11/15-11/17;松山@11/24-11/26,,,23,0,🥺,5.2,
012997,後田 康成,A3,69.29,四日市@10/16-10/18;名古屋@10/24-10/26;武雄@11/02-11/04;小倉@11/28-11/30,,,24,0,,3.2,
013005,小笠原 昭太,A1,86.62,いわき平@10/12-10/14;京王閣@10/26-10/28;松戸@11/13-11/15;玉野@11/23-11/25,,,21,0,,3.2,
013006,佐々木 健司,A2,81.20,川崎@10/24-10/26;宇都宮@11/17-11/19;松山@11/24-11/26,平塚,平塚Ｆ１@10/08/4R,25,0,🥺,4.8,
013013,武田 靖夫,A3,74.41,取手@10/19-10/21;和歌山@10/26-10/28;奈良@11/08-11/10;静岡@11/17-11/19,,,12,0,,3.6,
013014,江連 和洋,A1,86.00,高知@10/17-10/19;玉野@11/12-11/14;西武園@11/23-11/25,前橋,前橋Ｆ２@10/06/3R;前橋Ｆ２@10/07/5R;前橋Ｆ２@10/08/5R,14,1,,,
013023,吉田 英二,A3,68.93,青森@10/19-10/21;宇都宮@10/30-11/01;松山@11/08-11/10;西武園@11/23-11/25,高知,高知Ｆ２@10/07/6R;高知Ｆ２@10/08/1R,29,0,🥺,4.6,
013027,戸ノ下 太郎,A3,68.20,青森@10/14-10/16;大宮@11/10-11/12;宇都宮@11/17-11/19,大垣,大垣Ｆ２@10/06/4R;大垣Ｆ２@10/07/1R;大垣Ｆ２@10/08/2R,24,0,🥺,5.2,
013029,藤田 晃英,A3,68.50,熊本@10/31-11/02;武雄@11/14-11/16,高知,高知Ｆ２@10/07/4R;高知Ｆ２@10/08/4R,30,0,,3.8,
013030,梶山 大輔,A3,67.55,前橋@10/21-10/23;松山@11/08-11/10;奈良@11/14-11/16;名古屋@11/20-11/22,,,9,0,,,
013036,深澤 伸介,A2,79.61,川崎@10/24-10/26;青森@11/08-11/10;富山@11/15-11/17;福井@11/25-11/27,前橋,前橋Ｆ２@10/06/4R;前橋Ｆ２@10/07/6R;前橋Ｆ２@10/08/3R,21,0,🥺,5.0,
013037,町田 勝志,A3,66.60,青森@10/14-10/16;防府@10/23-10/25;宇都宮@11/08-11/10;名古屋@11/20-11/22,,,20,0,🥺,5.6,
013039,松山 正和,A2,77.88,いわき平@10/12-10/14;川崎@10/24-10/26;武雄@11/09-11/11;松戸@11/26-11/28,,,25,0,🥺,5.0,
013040,服部 竜二,A3,62.75,大宮@10/22-10/24;名古屋@10/30-11/01;奈良@11/08-11/10;宇都宮@11/17-11/19;富山@11/26-11/28,,,4,0,,,
013041,三浦 稔希,A1,83.19,広島@10/18-10/20;小田原@11/01-11/03;佐世保@11/11-11/13,平塚,平塚Ｆ１@10/08/1R,21,0,,4.0,
013042,渡邊 健,A1,87.12,熊本@10/12-10/14;小田原@10/20-10/22;大垣@10/27-10/29;松阪@11/11-11/13;平塚@11/27-11/29,,,21,0,🥺,4.8,
013047,田中 俊充,A1,85.61,豊橋@10/15-10/17;大垣@10/27-10/29;佐世保@11/11-11/13;名古屋@11/20-11/22,,,21,0,,4.2,
013049,南 大輔,A3,72.95,いわき平@10/21-10/23;富山@11/10-11/12;四日市@11/23-11/25,静岡,静岡Ｆ２@10/07/2R;静岡Ｆ２@10/08/2R,21,0,,3.4,
013054,石丸 寛之,A1,90.08,高知@10/17-10/19;名古屋@10/24-10/26;久留米@11/01-11/03;福井@11/11-11/13,,,24,0,🚀,2.6,
013056,山本 貴章,A2,80.16,四日市@10/16-10/18;名古屋@10/24-10/26;静岡@11/02-11/04;佐世保@11/11-11/13,,,24,0,🥺,5.8,
013058,富 弥昭,A1,90.66,佐世保@10/18-10/20;京王閣@10/26-10/28;高知@11/07-11/09;久留米@11/26-11/28,,,15,0,🚀,2.8,
013061,小磯 知也,A3,69.96,松戸@10/30-11/01;玉野@11/12-11/14;奈良@11/22-11/24,高知,高知Ｆ２@10/07/3R;高知Ｆ２@10/08/7R,27,0,,3.6,
013062,藤原 義浩,A3,65.76,四日市@10/16-10/18;熊本@10/31-11/02;松山@11/08-11/10,高知,高知Ｆ２@10/07/4R;高知Ｆ２@10/08/2R,17,0,🥺,5.8,
013063,赤松 秀展,A3,72.66,四日市@10/16-10/18;奈良@11/02-11/04;佐世保@11/11-11/13;福井@11/19-11/21,高知,高知Ｆ２@10/07/7R;高知Ｆ２@10/08/5R,9,0,,,
013068,城戸崎 隆史,A2,82.41,武雄@10/17-10/19;小松島@10/24-10/26;宇都宮@11/08-11/10;小倉@11/28-11/30,,,24,0,🥺,5.2,
013069,白川 有司,A2,81.87,奈良@10/14-10/16;弥彦@10/30-11/01;青森@11/08-11/10;久留米@11/26-11/28,,,24,0,🥺,5.2,
013075,平 総一,A2,83.83,弥彦@10/30-11/01;熊本@11/06-11/08;高知@11/17-11/19,,,27,0,,4.2,
013080,阿部 利光,A3,71.53,武雄@10/27-10/29;小松島@11/16-11/18;西武園@11/23-11/25,,,30,0,🚀,3.0,
013082,小泉 俊也,A3,71.65,川崎@10/09-10/11;熊本@10/31-11/02;静岡@11/17-11/19,,,23,0,,3.8,
013086,坂本 毅,A2,79.30,松阪@10/21-10/23;宇都宮@10/30-11/01;武雄@11/09-11/11;静岡@11/17-11/19;富山@11/26-11/28,,,23,0,,4.4,
013099,大橋 直人,A2,79.68,青森@10/24-10/26;福井@11/11-11/13;西武園@11/23-11/25,,,22,0,🥺,6.6,
013105,松本 一成,A3,68.36,川崎@10/09-10/11;取手@10/19-10/21;奈良@11/02-11/04;大宮@11/10-11/12,,,30,0,🥺,4.6,
013106,赤井 学,A2,82.46,静岡@10/15-10/17;久留米@11/01-11/03;小田原@11/21-11/23,前橋,前橋Ｆ２@10/06/3R;前橋Ｆ２@10/07/5R;前橋Ｆ２@10/08/4R,15,1,,,
013109,志村 正洋,A3,69.40,前橋@10/13-10/15;熊本@10/31-11/02;名古屋@11/20-11/22;小倉@11/28-11/30,大垣,大垣Ｆ２@10/06/1R;大垣Ｆ２@10/07/1R;大垣Ｆ２@10/08/2R,20,1,🥺,4.8,
013110,法月 成祐,A1,84.74,青森@10/24-10/26;小田原@11/01-11/03;名古屋@11/14-11/16,,,27,0,🥺,4.6,
013112,佐藤 明,A2,82.00,静岡@10/15-10/17;取手@11/04-11/06;名古屋@11/20-11/22,大垣,大垣Ｆ２@10/06/5R;大垣Ｆ２@10/07/6R;大垣Ｆ２@10/08/5R,22,0,🥺,4.8,
013117,鳥越 靖弘,A1,84.42,富山@10/17-10/19;松阪@11/11-11/13;小松島@11/26-11/28,,,26,0,,4.0,
013119,松尾 淳,A2,78.88,岐阜@10/10-10/12;富山@10/17-10/19;四日市@11/11-11/13;福井@11/25-11/27,,,18,0,🥺,5.2,
013120,宮越 大,A1,,,,,0,0,,,
013121,山田 晃久,A1,85.58,高知@10/17-10/19;佐世保@11/11-11/13;静岡@11/24-11/26,,,24,0,,3.6,
013127,北浦 弘幹,A2,76.40,奈良@10/09-10/11;四日市@10/16-10/18;豊橋@11/02-11/04;名古屋@11/14-11/16,,,15,0,🥺,6.6,
013128,梶原 秀庸,A3,69.84,岐阜@10/10-10/12;大宮@10/22-10/24;宇都宮@10/30-11/01;佐世保@11/11-11/13;四日市@11/23-11/25,,,13,0,,3.6,
013129,原田 隆,A2,,,,,15,0,,,
013131,藤野 一良,A3,77.08,武雄@10/09-10/11;和歌山@10/26-10/28;小倉@11/05-11/07;奈良@11/22-11/24,,,24,0,🚀,3.0,
013142,黒田 大介,A2,80.23,奈良@10/09-10/11;武雄@10/27-10/29;四日市@11/11-11/13;久留米@11/26-11/28,,,26,0,🥺,4.6,
013143,鳥生 知八,A2,78.33,別府@10/14-10/16;京王閣@10/26-10/28;大宮@11/04-11/06;松山@11/24-11/26,,,6,0,🥺,5.8,
013145,瓦田 勝也,A3,71.20,川崎@10/20-10/22;玉野@11/12-11/14;福井@11/19-11/21,高知,高知Ｆ２@10/07/6R;高知Ｆ２@10/08/7R,30,0,,4.4,
013146,八谷 誠賢,A1,90.58,小倉@10/11-10/13;佐世保@10/18-10/20;玉野@11/12-11/14;小松島@11/26-11/28,,,21,0,🚀,3.0,
013147,米嶋 賢二,A2,78.84,川崎@10/20-10/22;久留米@11/01-11/03;宇都宮@11/08-11/10;広島@11/22-11/24,,,26,0,🥺,5.0,
013155,四元 慎也,A2,84.16,富山@10/10-10/12;小田原@10/26-10/28;静岡@11/02-11/04;佐世保@11/11-11/13,,,24,0,🚀,2.8,
013161,齋藤 和也,A3,68.34,前橋@10/13-10/15;武雄@10/27-10/29;別府@11/04-11/06;奈良@11/14-11/16,,,29,0,🥺,4.6,
013171,岩橋 則明,A2,80.26,取手@10/19-10/21;京王閣@11/05-11/07;松戸@11/13-11/15,前橋,前橋Ｆ２@10/06/5R;前橋Ｆ２@10/07/3R;前橋Ｆ２@10/08/2R,15,0,,4.4,
013172,金子 周一郎,A2,80.13,静岡@10/15-10/17;小松島@10/24-10/26;豊橋@11/02-11/04;宇都宮@11/17-11/19,大宮,大宮Ｆ１@10/06/1R;大宮Ｆ１@10/07/1R,22,1,,3.8,
013175,峠 祐介,A2,77.12,高知@11/07-11/09;松戸@11/26-11/28,静岡,静岡Ｆ２@10/07/9R;静岡Ｆ２@10/08/6R,25,0,🥺,5.6,
013176,早川 成矢,A3,72.42,大宮@10/12-10/14;青森@10/19-10/21;松戸@10/30-11/01;富山@11/10-11/12;小倉@11/28-11/30,,,21,0,,3.2,
013179,飯島 淳,A2,79.95,富山@10/10-10/12;大宮@10/22-10/24;京王閣@11/05-11/07;玉野@11/12-11/14,,,24,0,🥺,5.4,
013183,坂木田 雄介,A2,81.67,富山@10/17-10/19;京王閣@10/26-10/28;宇都宮@11/08-11/10;大垣@11/18-11/20,静岡,静岡Ｆ２@10/07/7R;静岡Ｆ２@10/08/6R,31,0,🥺,5.4,
013184,相樂 修,A3,68.53,大宮@10/12-10/14;川崎@10/20-10/22;福井@11/05-11/07;宇都宮@11/17-11/19,,,13,0,,3.8,
013186,永山 英司,A3,,武雄@11/14-11/16;川崎@11/23-11/25,,,6,0,,,
013188,山田 幸司,A1,87.56,川崎@10/24-10/26;奈良@11/08-11/10;宇都宮@11/17-11/19,前橋,前橋Ｆ２@10/06/3R;前橋Ｆ２@10/07/8R;前橋Ｆ２@10/08/5R,16,0,,3.2,
013192,平田 徹,A2,81.33,いわき平@10/12-10/14;大垣@10/22-10/24;大宮@11/04-11/06;松阪@11/11-11/13,,,24,0,,4.4,
013196,竹田 和幸,A1,83.29,小田原@10/26-10/28;奈良@11/08-11/10;高知@11/17-11/19,大垣,大垣Ｆ２@10/06/7R;大垣Ｆ２@10/07/6R;大垣Ｆ２@10/08/5R,24,0,🥺,5.0,
013197,鈴木 幸紀,A1,84.71,小倉@10/11-10/13;四日市@10/21-10/23;青森@10/29-10/31;武雄@11/09-11/11;松山@11/17-11/19,,,21,0,,4.0,
013199,北野 武史,A1,94.04,奈良@10/09-10/11;久留米@10/27-10/29;富山@11/10-11/12;松山@11/17-11/19;静岡@11/24-11/26,,,21,0,,3.2,
013201,北川 紋部,A2,78.54,大垣@10/27-10/29;富山@11/15-11/17,,,24,0,🥺,5.4,
013206,岡崎 和久,A3,72.41,名古屋@10/24-10/26;奈良@11/02-11/04;富山@11/10-11/12,,,24,1,🥺,4.8,
013207,葉狩 伸泰,A2,77.22,大垣@10/22-10/24;弥彦@10/30-11/01;松阪@11/11-11/13;西武園@11/18-11/20,,,9,0,🥺,6.6,
013209,奥谷 広巳,A2,85.46,熊本@10/12-10/14;松阪@10/21-10/23;名古屋@11/14-11/16;西武園@11/23-11/25,,,15,0,,4.4,
013210,川本 恵二,A3,71.96,富山@10/17-10/19;宇都宮@10/30-11/01;高知@11/17-11/19;佐世保@11/27-11/29,大垣,大垣Ｆ２@10/06/2R;大垣Ｆ２@10/07/3R,27,0,,3.4,
013212,岡田 浩太,A3,66.58,名古屋@10/24-10/26;武雄@11/02-11/04;佐世保@11/11-11/13;川崎@11/23-11/25,,,12,0,🥺,6.2,
013214,水本 博行,A3,75.34,青森@10/14-10/16;防府@10/23-10/25;松戸@10/30-11/01;弥彦@11/07-11/09;武雄@11/14-11/16,,,23,0,🚀,3.0,
013216,古城 英之,A3,70.50,青森@10/19-10/21;久留米@10/27-10/29;別府@11/04-11/06;武雄@11/14-11/16,,,10,0,,,
013217,佐々木 英之,A3,68.00,防府@10/23-10/25;武雄@11/02-11/04;松山@11/08-11/10,,,11,1,,4.2,
013219,宮本 佳樹,A2,78.04,奈良@10/14-10/16;久留米@10/27-10/29;弥彦@11/07-11/09;高知@11/17-11/19,,,21,0,🥺,5.2,
013232,柳 充,A3,70.25,青森@10/19-10/21;松戸@10/30-11/01;弥彦@11/07-11/09;武雄@11/14-11/16,,,16,1,,,
013233,小松 剛之,A2,83.60,奈良@10/14-10/16;小松島@10/24-10/26;弥彦@11/07-11/09;松阪@11/26-11/28,,,23,0,🚀,2.6,
013235,榊枝 輝文,A3,71.30,松戸@10/30-11/01;奈良@11/08-11/10;佐世保@11/27-11/29,,,30,0,,3.8,
013242,尾崎 剛,A1,93.00,四日市@10/21-10/23;取手@11/04-11/06;西武園@11/23-11/25,平塚,平塚Ｆ１@10/08/5R,18,0,,3.2,
013244,小林 高志,A3,67.29,取手@10/19-10/21;松戸@10/30-11/01;弥彦@11/07-11/09;武雄@11/23-11/25,大垣,大垣Ｆ２@10/06/1R;大垣Ｆ２@10/07/3R;大垣Ｆ２@10/08/3R,27,0,,4.4,
013246,山崎 充央,A2,83.86,川崎@10/09-10/11;富山@10/17-10/19;武雄@10/27-10/29;青森@11/08-11/10;小松島@11/16-11/18,,,15,0,,3.4,
013253,柴田 功一郎,A2,81.68,四日市@10/21-10/23;弥彦@11/07-11/09;豊橋@11/21-11/23,,,19,0,🥺,4.8,
013255,安坂 洋一,A3,70.66,大宮@10/12-10/14;防府@10/23-10/25;弥彦@11/07-11/09;武雄@11/23-11/25,,,30,0,,3.6,
013259,望月 紀男,A2,87.20,大宮@10/22-10/24;青森@11/03-11/05;福井@11/11-11/13,,,24,0,🚀,3.0,
013261,柴田 昌樹,A3,69.59,和歌山@10/26-10/28;奈良@11/02-11/04;名古屋@11/20-11/22,静岡,静岡Ｆ２@10/07/4R;静岡Ｆ２@10/08/1R,27,0,🥺,5.0,
013263,田中 雅史,A2,82.58,四日市@10/16-10/18;大垣@10/27-10/29;弥彦@11/07-11/09;富山@11/26-11/28,,,21,0,🥺,5.4,
013264,山中 貴雄,A3,71.66,武雄@10/09-10/11;四日市@10/16-10/18;福井@11/05-11/07;高知@11/17-11/19,,,30,0,,3.6,
013266,伊藤 嘉浩,A3,68.36,大宮@10/22-10/24;宇都宮@10/30-11/01;奈良@11/08-11/10;福井@11/19-11/21;富山@11/26-11/28,大垣,大垣Ｆ２@10/06/1R;大垣Ｆ２@10/07/3R,25,0,🚀,3.0,
013267,鷲見 逸喜,A1,89.33,熊本@10/12-10/14;宇都宮@10/30-11/01;弥彦@11/07-11/09;小松島@11/26-11/28,,,24,0,🚀,2.2,
013270,中川 貴史,A1,81.52,別府@10/14-10/16;大垣@10/22-10/24;富山@11/10-11/12;松山@11/17-11/19,四日,四日Ｆ１@10/07/2R;四日Ｆ１@10/08/5R,18,0,🥺,5.6,
013271,鮒田 博文,A2,83.50,別府@10/14-10/16;四日市@10/21-10/23;武雄@11/09-11/11;宇都宮@11/17-11/19,,,24,0,,4.2,
013272,古田 義明,A3,67.47,奈良@10/09-10/11;いわき平@10/21-10/23;大宮@11/10-11/12;四日市@11/23-11/25,,,23,0,,4.2,
013273,西 徹,A2,83.62,取手@10/19-10/21;大垣@10/27-10/29;弥彦@11/07-11/09;松山@11/17-11/19,,,24,0,,4.0,
013275,渡辺 航平,A1,85.52,富山@10/17-10/19;京王閣@10/26-10/28;弥彦@11/07-11/09;静岡@11/17-11/19,大宮,大宮Ｆ１@10/06/1R;大宮Ｆ１@10/07/3R;大宮Ｆ１@10/08/4R,21,0,,4.4,
013283,小林 卓人,A1,88.08,熊本@10/12-10/14;奈良@10/23-10/25;西武園@10/30-11/01;松山@11/17-11/19;福井@11/25-11/27,,,24,0,,4.0,
013285,吉川 悟,A2,83.66,富山@10/17-10/19;小松島@10/24-10/26;奈良@11/14-11/16;豊橋@11/21-11/23,大垣,大垣Ｆ２@10/06/8R;大垣Ｆ２@10/07/5R;大垣Ｆ２@10/08/5R,18,0,🚀,3.0,
013294,木村 勉,A2,82.31,玉野@10/13-10/15;熊本@11/06-11/08;松戸@11/26-11/28,,,19,0,🥺,4.6,
013296,林 明宏,A1,86.66,武雄@10/17-10/19;名古屋@10/24-10/26;青森@11/03-11/05;佐世保@11/11-11/13;静岡@11/24-11/26,,,15,0,🚀,2.4,
013298,井手 健,A2,79.71,富山@10/10-10/12;佐世保@10/18-10/20;大垣@10/27-10/29;玉野@11/12-11/14;豊橋@11/21-11/23,,,21,0,,4.0,
013303,須々田 大昇,A3,69.27,大宮@10/12-10/14;和歌山@10/26-10/28;富山@11/10-11/12;武雄@11/23-11/25,,,18,0,🥺,4.8,
013307,浦川 尊明,A1,91.00,川崎@10/20-10/22;武雄@10/27-10/29,,,21,1,,4.0,
013308,木村 貴宏,A1,88.86,取手@10/19-10/21;武雄@10/27-10/29;松戸@11/09-11/11;奈良@11/22-11/24,,,15,0,,4.2,
013311,根本 雄紀,A1,86.96,富山@10/17-10/19;取手@11/04-11/06;名古屋@11/20-11/22,,,24,0,,3.2,
013314,鈴木 宏章,A3,70.76,松戸@10/30-11/01;宇都宮@11/08-11/10;名古屋@11/20-11/22,,,25,0,,4.0,
013320,村上 順規,A3,65.94,川崎@10/09-10/11;富山@10/17-10/19;熊本@10/31-11/02;佐世保@11/27-11/29,,,17,0,🥺,5.0,
013324,市川 博章,A3,68.80,川崎@10/09-10/11;防府@10/23-10/25;宇都宮@11/08-11/10;西武園@11/23-11/25,,,21,1,🥺,4.8,
013327,高橋 健太,A3,69.20,松戸@10/30-11/01;大宮@11/10-11/12;川崎@11/23-11/25,,,5,1,,,
013330,舘 泰守,A1,88.90,名古屋@10/24-10/26;佐世保@11/11-11/13;小田原@11/21-11/23,,,11,1,,,
013331,橋本 大祐,A3,71.40,いわき平@10/21-10/23;熊本@10/31-11/02;佐世保@11/27-11/29,大垣,大垣Ｆ２@10/06/2R;大垣Ｆ２@10/07/3R;大垣Ｆ２@10/08/8R,25,0,,4.4,
013332,吉村 和之,A1,88.50,豊橋@10/15-10/17;青森@10/29-10/31;松戸@11/09-11/11;宇都宮@11/17-11/19,大宮,大宮Ｆ１@10/06/4R;大宮Ｆ１@10/07/5R;大宮Ｆ１@10/08/3R,4,0,,,
013333,小西 誠也,A2,81.94,小松島@10/24-10/26;高知@11/17-11/19;奈良@11/29-12/01,四日,四日Ｆ１@10/07/2R;四日Ｆ１@10/08/2R,18,0,🥺,5.0,
013345,中村 美千隆,A2,81.38,玉野@10/13-10/15;大垣@10/22-10/24;弥彦@10/30-11/01;松阪@11/11-11/13;西武園@11/23-11/25,,,23,0,🥺,5.6,
013348,内藤 敦,A2,81.87,岐阜@10/28-10/30;小倉@11/05-11/07;奈良@11/29-12/01,平塚,平塚Ｆ１@10/08/2R,24,0,🥺,5.2,
013349,三宅 旬,A2,83.29,富山@10/10-10/12;武雄@10/27-10/29;大宮@11/04-11/06;小松島@11/26-11/28,,,21,0,,4.4,
013352,吉永 和生,A1,84.95,広島@10/18-10/20;岐阜@10/28-10/30;別府@11/04-11/06;奈良@11/22-11/24,,,23,0,,4.0,
013353,吉永 好宏,A1,85.58,小田原@10/26-10/28;松戸@11/09-11/11;玉野@11/29-12/01,,,21,0,,4.0,
013354,國村 洋,A1,87.33,奈良@10/09-10/11;佐世保@10/18-10/20;大垣@10/27-10/29;豊橋@11/21-11/23;玉野@11/29-12/01,,,12,0,🚀,2.8,
013358,行成 大祐,A2,80.36,松山@11/08-11/10;広島@11/22-11/24,,,11,0,,,
013359,吉田 彰久,A3,72.25,青森@10/14-10/16;前橋@10/21-10/23;熊本@10/31-11/02;武雄@11/14-11/16,,,27,1,,3.8,
013363,宇根 秀俊,A2,84.04,小倉@10/11-10/13;大垣@10/27-10/29;青森@11/08-11/10;小松島@11/26-11/28,,,25,0,🥺,4.6,
013366,加藤 昌平,A3,73.65,奈良@10/09-10/11;前橋@10/21-10/23;名古屋@10/30-11/01;宇都宮@11/08-11/10;武雄@11/23-11/25,,,26,0,,4.2,
013370,三槻 智清,A2,82.91,別府@10/14-10/16;四日市@10/21-10/23;熊本@11/06-11/08;大垣@11/18-11/20,,,12,0,🥺,4.6,
013371,足達 重満,A2,80.95,広島@10/18-10/20;岐阜@10/28-10/30;京王閣@11/05-11/07;玉野@11/12-11/14,,,21,0,🥺,5.6,
013374,川野 正芳,A2,84.08,名古屋@10/24-10/26;佐世保@11/11-11/13;大垣@11/18-11/20;久留米@11/26-11/28,,,21,0,🥺,4.6,
013375,五反田 豊和,A3,72.06,四日市@10/16-10/18;武雄@10/27-10/29;小松島@11/16-11/18;川崎@11/23-11/25,,,30,0,🚀,2.8,
013378,小田桐 義継,A3,70.50,川崎@10/09-10/11;和歌山@10/26-10/28;奈良@11/14-11/16;武雄@11/23-11/25,,,24,0,,4.4,
013382,成田 直喜,A1,87.91,青森@10/24-10/26;取手@11/04-11/06;小松島@11/16-11/18;松山@11/24-11/26,大垣,大垣Ｆ２@10/06/8R;大垣Ｆ２@10/07/7R;大垣Ｆ２@10/08/7R,24,0,🥺,4.6,
013384,金子 兼久,A2,81.37,青森@10/24-10/26;小田原@11/01-11/03;松山@11/08-11/10;広島@11/22-11/24,,,27,0,🥺,4.6,
013385,鎌田 聡,A2,80.11,川崎@10/24-10/26;宇都宮@11/08-11/10;豊橋@11/21-11/23,四日,四日Ｆ１@10/07/2R;四日Ｆ１@10/08/2R,17,0,🥺,5.4,
013398,関 敬,A3,71.45,大宮@10/12-10/14;福井@11/05-11/07;宇都宮@11/17-11/19,,,22,0,,4.2,
013399,塚本 勝士,A2,79.59,武雄@10/17-10/19;青森@10/24-10/26;取手@11/04-11/06;松戸@11/26-11/28,,,27,0,🥺,5.6,
013400,稲村 好将,A1,85.80,前橋@10/13-10/15;松阪@10/21-10/23;小田原@11/21-11/23;小倉@11/28-11/30,,,10,0,,3.2,
013402,沼川 夢久,A3,70.90,福井@11/05-11/07;川崎@11/23-11/25,静岡,静岡Ｆ２@10/07/5R,20,1,,3.8,
013405,宮下 貴之,A1,82.06,川崎@10/20-10/22;大宮@11/04-11/06;奈良@11/14-11/16,,,15,0,,,
013408,川村 昭弘,A3,76.76,青森@10/14-10/16;いわき平@10/21-10/23;武雄@11/02-11/04;大宮@11/10-11/12,,,21,0,🚀,2.8,
013413,鶴岡 與之,A3,74.77,大宮@10/22-10/24;武雄@11/14-11/16;佐世保@11/27-11/29,,,18,0,🚀,2.8,
013415,山崎 明寛,A3,67.83,取手@10/19-10/21;名古屋@10/30-11/01;大宮@11/10-11/12;武雄@11/23-11/25,,,12,1,🥺,5.4,
013416,飯尾 主税,A1,84.70,武雄@10/17-10/19;宇都宮@10/30-11/01;別府@11/15-11/17;静岡@11/24-11/26,前橋,前橋Ｆ２@10/06/7R;前橋Ｆ２@10/07/4R;前橋Ｆ２@10/08/2R,24,0,,3.2,
013417,梅原 大治,A2,83.55,前橋@10/13-10/15;小田原@11/01-11/03;奈良@11/08-11/10;富山@11/26-11/28,大垣,大垣Ｆ２@10/06/7R;大垣Ｆ２@10/07/6R;大垣Ｆ２@10/08/5R,18,0,,4.2,
013421,富澤 洋祐,A3,70.83,川崎@10/20-10/22;武雄@10/27-10/29;弥彦@11/07-11/09;奈良@11/14-11/16,静岡,静岡Ｆ２@10/07/2R,24,0,🥺,5.2,
013423,増田 利明,A1,83.92,青森@10/24-10/26;福井@11/11-11/13;西武園@11/23-11/25,,,27,0,🥺,4.6,
013426,本村 隆文,A2,84.04,名古屋@10/24-10/26;青森@11/03-11/05;松阪@11/11-11/13,平塚,平塚Ｆ１@10/08/2R,24,0,,3.8,
013434,石黒 健,A2,82.20,豊橋@10/15-10/17;佐世保@11/11-11/13;奈良@11/29-12/01,,,24,0,🥺,5.6,
013435,中石 昌芳,A1,88.95,名古屋@10/24-10/26;豊橋@11/02-11/04;玉野@11/12-11/14,四日,四日Ｆ１@10/07/3R;四日Ｆ１@10/08/4R,24,0,,3.4,
013439,青井 賢治,A1,92.23,奈良@10/14-10/16;別府@10/28-10/30;青森@11/08-11/10;広島@11/22-11/24,四日,四日Ｆ１@10/07/5R;四日Ｆ１@10/08/3R,13,0,,4.0,
013445,中村 良二,A1,92.80,別府@10/14-10/16;四日市@10/21-10/23;川崎@11/14-11/16;小松島@11/26-11/28,,,15,0,🚀,2.2,
013446,丸林 一孝,A3,69.19,四日市@10/16-10/18;久留米@10/27-10/29;別府@11/04-11/06;武雄@11/14-11/16,,,26,1,🥺,5.0,
013447,坂本 晃輝,A1,88.29,奈良@10/14-10/16;豊橋@11/02-11/04;広島@11/22-11/24,,,24,0,🚀,3.0,
013451,松本 大地,A3,76.37,奈良@10/09-10/11;名古屋@10/24-10/26;福井@11/19-11/21;小倉@11/28-11/30,,,27,0,🚀,2.8,
013452,齊藤 紳一朗,A3,69.21,防府@10/23-10/25;弥彦@11/07-11/09;武雄@11/14-11/16;川崎@11/23-11/25,,,14,0,,,
013453,阿部 宏之,A2,79.19,静岡@10/15-10/17;青森@11/08-11/10;別府@11/15-11/17;奈良@11/22-11/24,大垣,大垣Ｆ２@10/06/6R;大垣Ｆ２@10/07/6R;大垣Ｆ２@10/08/5R,21,0,🥺,5.6,
013454,関戸 努,A3,66.26,大宮@10/12-10/14;武雄@10/27-10/29;福井@11/05-11/07;奈良@11/22-11/24,,,15,0,,,
013456,小林 和彦,A3,74.28,前橋@10/13-10/15;川崎@10/20-10/22;熊本@10/31-11/02;松山@11/08-11/10,,,21,0,,3.8,
013461,市川 健太,A2,,,,,0,0,,,
013465,春日 勇人,A1,86.92,武雄@10/17-10/19;久留米@11/01-11/03;西武園@11/23-11/25,,,27,0,,3.8,
013468,勝俣 亮,A2,79.44,静岡@10/15-10/17;取手@11/04-11/06;松戸@11/13-11/15,大宮,大宮Ｆ１@10/06/2R;大宮Ｆ１@10/07/3R;大宮Ｆ１@10/08/4R,27,0,🥺,5.8,
013469,野村 純宏,A2,82.18,小倉@10/11-10/13;静岡@11/17-11/19;福井@11/25-11/27,,,22,1,,4.4,
013470,畠山 裕行,A3,68.90,取手@10/19-10/21;奈良@11/14-11/16;西武園@11/23-11/25,高知,高知Ｆ２@10/07/7R;高知Ｆ２@10/08/3R,22,0,,3.6,
013471,松坂 英司,A1,87.37,玉野@10/13-10/15;川崎@11/14-11/16;福井@11/25-11/27,,,27,0,,3.8,
013473,大塚 英伸,A1,88.62,前橋@10/13-10/15;小松島@10/24-10/26;久留米@11/01-11/03;松戸@11/09-11/11;名古屋@11/20-11/22,,,24,0,,3.4,
013477,宮司 周郎,A1,87.85,取手@10/19-10/21;別府@10/28-10/30;小倉@11/05-11/07;名古屋@11/20-11/22,,,21,1,,3.8,
013479,田中 秀治,A2,84.42,青森@10/29-10/31;松戸@11/09-11/11;松山@11/17-11/19,,,21,0,,4.4,
013480,林 洋二,A3,71.00,岐阜@10/10-10/12;熊本@10/31-11/02;宇都宮@11/17-11/19,,,27,0,🥺,5.2,
013482,松崎 貴久,A2,86.75,名古屋@10/24-10/26;久留米@11/01-11/03;富山@11/15-11/17;玉野@11/23-11/25,静岡,静岡Ｆ２@10/07/10R;静岡Ｆ２@10/08/8R,21,0,🚀,2.4,
013483,宮越 孝治,A1,89.70,岐阜@10/10-10/12;富山@10/17-10/19;豊橋@11/02-11/04;奈良@11/22-11/24,,,24,0,,4.2,
013484,表 大暁,A2,82.95,佐世保@10/18-10/20;大垣@10/27-10/29;名古屋@11/14-11/16;富山@11/26-11/28,,,22,0,,4.4,
013485,善利 裕生,A2,83.66,別府@10/14-10/16;小田原@10/26-10/28;名古屋@11/20-11/22;玉野@11/29-12/01,,,21,0,🥺,5.2,
013489,藤井 孝則,A3,72.19,大宮@10/12-10/14;名古屋@10/30-11/01;奈良@11/14-11/16;四日市@11/23-11/25,,,21,0,,4.4,
013491,近藤 範昌,A1,85.79,四日市@10/16-10/18;久留米@10/27-10/29;熊本@11/06-11/08;高知@11/17-11/19,,,24,0,,4.2,
013492,坂本 智哉,A3,67.57,奈良@10/09-10/11;久留米@10/27-10/29;小倉@11/05-11/07;玉野@11/12-11/14;武雄@11/23-11/25,,,7,0,🥺,4.6,
013493,立花 成泰,A1,84.20,奈良@10/14-10/16;別府@10/28-10/30;川崎@11/14-11/16;広島@11/22-11/24,四日,四日Ｆ１@10/07/2R;四日Ｆ１@10/08/4R,24,0,,3.4,
013494,土井 勲,A2,81.76,佐世保@10/18-10/20;別府@11/04-11/06;富山@11/15-11/17,,,30,0,,3.8,
013505,住村 実,A3,68.00,武雄@10/09-10/11;前橋@10/21-10/23;熊本@10/31-11/02;四日市@11/23-11/25,,,26,0,🥺,6.2,
013506,田村 浩章,A2,80.52,奈良@10/14-10/16;小松島@10/24-10/26;静岡@11/02-11/04;久留米@11/26-11/28,,,25,0,,4.2,
013507,吉岡 篤志,A1,84.29,熊本@10/12-10/14;大垣@10/27-10/29;小松島@11/16-11/18;松戸@11/26-11/28,,,24,0,🥺,5.0,
013508,曽我部 匡史,A3,69.26,青森@10/19-10/21;名古屋@10/30-11/01;佐世保@11/11-11/13;武雄@11/23-11/25,,,15,0,🥺,5.0,
013512,長野 和弘,A2,81.90,熊本@10/12-10/14;名古屋@10/24-10/26;静岡@11/02-11/04;小松島@11/26-11/28,,,21,0,,4.4,
013513,南 和夫,A3,65.65,武雄@10/09-10/11;防府@10/23-10/25;松戸@10/30-11/01;松山@11/08-11/10;小松島@11/16-11/18;武雄@11/23-11/25,,,29,0,🥺,5.8,
013521,中野 良,A3,72.54,いわき平@10/21-10/23;宇都宮@10/30-11/01;玉野@11/12-11/14;前橋@11/20-11/22,静岡,静岡Ｆ２@10/07/4R;静岡Ｆ２@10/08/5R,24,1,🚀,2.4,
013525,亀井 道佳,A3,67.82,防府@10/23-10/25;松戸@10/30-11/01;大宮@11/10-11/12;佐世保@11/27-11/29,大垣,大垣Ｆ２@10/06/4R;大垣Ｆ２@10/07/2R;大垣Ｆ２@10/08/2R,23,0,,4.2,
013526,三澤 勝成,A3,72.14,前橋@10/21-10/23;名古屋@10/30-11/01;玉野@11/12-11/14;西武園@11/23-11/25,,,21,0,🥺,4.8,
013531,伊藤 司,A3,64.25,防府@10/23-10/25;宇都宮@11/08-11/10;小松島@11/16-11/18,,,31,0,🥺,6.8,
013535,平沼 由充,A1,87.60,静岡@10/15-10/17;大垣@10/22-10/24;宇都宮@11/08-11/10;小松島@11/16-11/18;久留米@11/26-11/28,,,15,0,,3.6,
013538,小林 圭介,A1,90.16,奈良@10/23-10/25;宇都宮@11/17-11/19;松阪@11/26-11/28,前橋,前橋Ｆ２@10/06/6R;前橋Ｆ２@10/07/8R,6,0,🥺,4.8,
013541,高森 圭介,A3,68.28,富山@10/17-10/19;名古屋@10/30-11/01;武雄@11/14-11/16;小倉@11/28-11/30,大垣,大垣Ｆ２@10/06/2R,21,0,🥺,5.0,
013543,内海 雅夫,A3,71.86,青森@10/14-10/16;和歌山@10/26-10/28;武雄@11/02-11/04;小松島@11/16-11/18,,,22,0,,3.2,
013546,田村 真広,A1,87.00,いわき平@10/12-10/14;松阪@10/21-10/23;松山@11/08-11/10;前橋@11/20-11/22,,,16,0,,3.2,
013547,土屋 宏,A2,83.79,前橋@10/13-10/15;松阪@10/21-10/23;西武園@11/18-11/20;富山@11/26-11/28,大垣,大垣Ｆ２@10/06/6R;大垣Ｆ２@10/07/5R;大垣Ｆ２@10/08/7R,24,0,🥺,4.8,
013548,手島 志誠,A2,80.41,宇都宮@10/30-11/01;松戸@11/13-11/15;奈良@11/22-11/24,静岡,静岡Ｆ２@10/07/7R;静岡Ｆ２@10/08/7R,12,0,🥺,4.6,
013549,堀 勝政,A3,74.07,前橋@10/21-10/23;奈良@11/08-11/10;川崎@11/23-11/25,静岡,静岡Ｆ２@10/07/4R;静岡Ｆ２@10/08/3R,27,0,🥺,5.0,
013550,安部 達也,A1,86.62,前橋@10/13-10/15;川崎@10/24-10/26;大宮@11/04-11/06;名古屋@11/14-11/16,大垣,大垣Ｆ２@10/06/6R;大垣Ｆ２@10/07/7R;大垣Ｆ２@10/08/4R,16,0,,4.4,
013551,女屋 文伸,A3,71.79,川崎@10/09-10/11;奈良@11/02-11/04;静岡@11/17-11/19,,,24,0,,4.2,
013553,小島 雅章,A2,82.07,静岡@10/15-10/17;川崎@11/14-11/16;広島@11/22-11/24,大宮,大宮Ｆ１@10/06/2R;大宮Ｆ１@10/07/2R,27,0,,4.0,
013555,台 和紀,A1,88.62,松阪@10/21-10/23;富山@11/15-11/17;西武園@11/23-11/25,,,27,0,,3.8,
013556,山信田 学,A2,80.70,奈良@10/14-10/16;四日市@10/21-10/23;西武園@10/30-11/01;青森@11/08-11/10;広島@11/22-11/24,,,21,0,,3.6,
013560,小佐野 文秀,A2,85.79,松阪@10/21-10/23;弥彦@11/07-11/09;松山@11/24-11/26,平塚,平塚Ｆ１@10/08/1R,21,0,,3.2,
013567,吉原 友彦,A3,69.50,青森@10/19-10/21;武雄@11/02-11/04;奈良@11/14-11/16;富山@11/26-11/28,,,8,0,,4.4,
013568,大木 雅也,A1,89.41,取手@10/19-10/21;静岡@11/02-11/04;松阪@11/11-11/13,,,24,0,,3.6,
013570,加藤 寛治,A1,89.08,玉野@10/13-10/15;奈良@10/23-10/25;豊橋@11/02-11/04;川崎@11/14-11/16,,,24,0,🚀,2.2,
013571,小林 信晴,A1,91.00,佐世保@10/18-10/20;久留米@11/01-11/03;奈良@11/29-12/01,,,22,0,,4.0,
013575,渡会 啓介,A2,80.54,奈良@10/09-10/11;広島@10/18-10/20;松阪@11/11-11/13;西武園@11/18-11/20,,,24,0,,4.2,
013576,土岐 幹多,A2,84.61,小倉@10/11-10/13;佐世保@10/18-10/20;熊本@11/06-11/08;豊橋@11/21-11/23,,,18,0,🚀,3.0,
013580,河村 章憲,A2,81.12,熊本@10/12-10/14;松阪@10/21-10/23;宇都宮@10/30-11/01;高知@11/07-11/09;小田原@11/21-11/23,,,25,0,🥺,4.6,
013581,薮 謙治,A2,79.63,岐阜@10/10-10/12;富山@10/17-10/19;大垣@10/27-10/29;奈良@11/14-11/16;静岡@11/24-11/26,,,19,0,🥺,4.6,
013582,肥後 尚己,A1,88.95,奈良@10/14-10/16;松阪@10/21-10/23;四日市@11/11-11/13;大垣@11/18-11/20,,,24,0,,3.4,
013584,坂田 学,A2,79.88,広島@10/18-10/20;小田原@10/26-10/28;熊本@11/06-11/08;高知@11/17-11/19,,,23,0,🥺,5.8,
013587,船曳 義之,A2,79.72,富山@10/10-10/12;小田原@10/20-10/22;松山@11/17-11/19;静岡@11/24-11/26,,,25,0,🥺,5.2,
013588,齋藤 仁,A3,69.27,武雄@10/09-10/11;名古屋@10/24-10/26;奈良@11/02-11/04;前橋@11/20-11/22,,,29,0,,4.0,
013589,佐竹 和也,A1,87.92,四日市@10/16-10/18;小松島@10/24-10/26;静岡@11/02-11/04;広島@11/22-11/24,,,27,0,,3.2,
013591,山本 宏明,A3,65.88,武雄@10/09-10/11;小倉@11/05-11/07;小松島@11/16-11/18,,,9,0,🥺,5.4,
013594,高田 真幸,A1,79.68,佐世保@10/18-10/20;京王閣@10/26-10/28;小倉@11/05-11/07;玉野@11/29-12/01,,,29,0,🥺,6.0,
013595,別所 英幸,A2,79.22,広島@10/18-10/20;大垣@10/27-10/29;佐世保@11/11-11/13;松阪@11/26-11/28,,,18,0,🥺,4.8,
013601,工藤 政志,A2,84.82,武雄@10/17-10/19;久留米@11/01-11/03;富山@11/10-11/12;西武園@11/18-11/20,静岡,静岡Ｆ２@10/07/8R;静岡Ｆ２@10/08/11R,23,0,🚀,2.8,
013608,鈴木 誠,A1,82.83,富山@10/17-10/19;宇都宮@10/30-11/01;京王閣@11/05-11/07;川崎@11/14-11/16;広島@11/22-11/24,,,12,0,,3.8,
013610,土屋 仁,A1,88.28,取手@10/19-10/21;青森@10/29-10/31;熊本@11/06-11/08;小松島@11/16-11/18;松戸@11/26-11/28,大宮,大宮Ｆ１@10/06/2R,21,0,,3.2,
013613,宗景 祐樹,A2,,川崎@10/09-10/11;富山@10/17-10/19;別府@11/04-11/06;宇都宮@11/17-11/19;奈良@11/29-12/01,,,0,0,,,
013615,山口 貴弘,A2,83.54,大宮@10/22-10/24;豊橋@11/02-11/04;松戸@11/13-11/15;広島@11/22-11/24,前橋,前橋Ｆ２@10/06/8R;前橋Ｆ２@10/07/3R;前橋Ｆ２@10/08/3R,24,0,🥺,5.0,
013616,渡邉 高志,A1,85.50,四日市@10/21-10/23;宇都宮@10/30-11/01;松阪@11/11-11/13;西武園@11/18-11/20,,,30,0,🥺,5.0,
013621,國廣 哲治,A2,82.16,西武園@10/30-11/01;宇都宮@11/17-11/19;平塚@11/27-11/29,,,24,0,🥺,5.2,
013629,福森 慎太郎,A2,78.39,いわき平@10/12-10/14;青森@10/24-10/26;松戸@11/09-11/11;小松島@11/16-11/18,前橋,前橋Ｆ２@10/06/5R;前橋Ｆ２@10/07/3R;前橋Ｆ２@10/08/4R,23,0,,3.4,
013632,川口 直人,A1,92.29,小田原@10/20-10/22;取手@11/04-11/06;名古屋@11/20-11/22,,,24,0,,3.2,
013635,柏木 伸介,A2,,武雄@10/17-10/19;川崎@11/14-11/16;玉野@11/23-11/25,,,0,0,,,
013638,村上 卓茂,A2,86.18,富山@10/10-10/12;取手@10/19-10/21;高知@11/07-11/09;奈良@11/29-12/01,,,27,0,🚀,3.0,
013640,西村 豊,A1,91.05,奈良@10/09-10/11;四日市@10/21-10/23;小倉@11/05-11/07;名古屋@11/20-11/22,,,18,0,,3.8,
013641,竹内 一暢,A1,84.79,岐阜@10/10-10/12;高知@10/17-10/19;名古屋@10/24-10/26;奈良@11/14-11/16;玉野@11/23-11/25,,,24,0,,3.8,
013645,川木 敬大,A1,86.50,名古屋@10/24-10/26;豊橋@11/02-11/04;松阪@11/11-11/13,大宮,大宮Ｆ１@10/06/4R;大宮Ｆ１@10/07/4R;大宮Ｆ１@10/08/3R,24,0,,3.8,
013646,日浅 保幸,A2,77.86,小松島@10/24-10/26;高知@11/07-11/09;富山@11/15-11/17;小倉@11/28-11/30,,,26,0,🥺,6.8,
013647,光畑 政志,A3,69.33,久留米@10/27-10/29;大宮@11/10-11/12;高知@11/17-11/19,,,24,0,🥺,5.6,
013650,吉本 哲郎,A1,91.38,別府@10/28-10/30;武雄@11/09-11/11;松阪@11/26-11/28,,,21,0,,3.4,
013651,井山 和裕,A3,66.53,奈良@10/09-10/11;四日市@10/16-10/18;弥彦@11/07-11/09;前橋@11/20-11/22,,,15,0,🥺,6.4,
013652,隅 直幸,A1,82.57,岐阜@10/10-10/12;松山@11/08-11/10;奈良@11/29-12/01,,,19,0,,4.0,
013653,森安 崇之,A1,92.59,岐阜@10/10-10/12;久留米@10/27-10/29;福井@11/11-11/13;広島@11/22-11/24,,,22,1,,4.2,
013654,滝山 実,A2,81.16,小田原@10/20-10/22;岐阜@10/28-10/30;京王閣@11/05-11/07;小松島@11/26-11/28,,,31,0,,3.8,
013659,高比良 豪,A2,82.22,玉野@10/13-10/15;四日市@10/21-10/23;小倉@11/05-11/07;広島@11/22-11/24,,,18,1,🥺,4.6,
013660,徳吉 広紀,A2,84.00,小松島@10/24-10/26;武雄@11/09-11/11;松戸@11/26-11/28,,,27,0,,3.2,
013663,中野 功史,A3,70.18,奈良@10/09-10/11;青森@10/19-10/21;武雄@10/27-10/29;小倉@11/05-11/07;前橋@11/20-11/22,,,16,0,,4.2,
013667,田中 洋輔,A1,85.66,奈良@10/09-10/11;広島@10/18-10/20;大垣@10/27-10/29;青森@11/08-11/10;久留米@11/26-11/28,,,21,0,,4.0,
013668,佐々木 孝司,A2,79.77,玉野@10/13-10/15;西武園@10/30-11/01;青森@11/08-11/10;豊橋@11/21-11/23,,,27,0,🥺,5.2,
013676,塚本 諭,A3,70.29,青森@10/19-10/21;名古屋@10/30-11/01;奈良@11/08-11/10;宇都宮@11/17-11/19,,,24,0,,4.2,
013678,菊池 崇訓,A3,67.16,前橋@10/13-10/15;和歌山@10/26-10/28;小松島@11/16-11/18;川崎@11/23-11/25,大垣,大垣Ｆ２@10/06/3R,18,0,🥺,5.2,
013684,吉橋 秀城,A3,68.52,青森@10/14-10/16;防府@10/23-10/25;武雄@11/02-11/04;西武園@11/23-11/25,,,21,0,🥺,4.8,
013690,伊藤 大理,A2,82.04,川崎@10/24-10/26;青森@11/03-11/05;別府@11/15-11/17;富山@11/26-11/28,,,25,0,🥺,5.0,
013692,佐野 多喜男,A3,69.88,青森@10/19-10/21;松戸@10/30-11/01;松山@11/08-11/10;小松島@11/16-11/18,,,25,0,🥺,4.6,
013693,藤原 憲征,A1,94.61,富山@10/17-10/19;宇都宮@10/30-11/01;川崎@11/14-11/16;奈良@11/22-11/24,,,21,1,,3.6,
013695,岡本 英之,A1,87.00,いわき平@10/12-10/14;川崎@10/24-10/26;高知@11/07-11/09;西武園@11/23-11/25,,,24,0,,3.8,
013705,佐藤 有輝,A3,72.41,大宮@10/12-10/14;取手@10/19-10/21;松戸@10/30-11/01;静岡@11/17-11/19;佐世保@11/27-11/29,,,31,0,,4.0,
013710,榎本 光男,A2,,名古屋@11/14-11/16;松戸@11/26-11/28,,,0,0,,,
013711,小林 則之,A1,90.90,別府@10/14-10/16;京王閣@10/26-10/28;静岡@11/17-11/19;松阪@11/26-11/28,,,21,0,🚀,2.8,
013713,丸山 勝也,A3,68.33,前橋@10/13-10/15;松戸@10/30-11/01;小松島@11/16-11/18;武雄@11/23-11/25,,,24,0,,4.2,
013716,佐藤 亙,A1,91.79,富山@10/10-10/12;松阪@10/21-10/23;武雄@11/09-11/11;小田原@11/21-11/23,,,24,0,🚀,2.8,
013723,高谷 進太郎,A2,81.55,宇都宮@10/30-11/01;川崎@11/14-11/16;豊橋@11/21-11/23,静岡,静岡Ｆ２@10/07/10R;静岡Ｆ２@10/08/8R,9,0,🥺,4.6,
013728,伊狩 知人,A3,69.72,和歌山@10/26-10/28;弥彦@11/07-11/09;奈良@11/14-11/16,静岡,静岡Ｆ２@10/07/2R;静岡Ｆ２@10/08/1R,22,1,🥺,5.4,
013729,堺 文人,A2,81.48,富山@10/17-10/19;奈良@11/08-11/10;小田原@11/21-11/23,,,27,0,,3.8,
013735,井上 剛,A3,71.27,武雄@10/09-10/11;川崎@10/20-10/22;宇都宮@11/08-11/10;小松島@11/16-11/18;四日市@11/23-11/25,,,18,0,🥺,4.8,
013736,榊原 洋,A2,82.45,小田原@10/20-10/22;青森@11/08-11/10;松山@11/24-11/26,,,20,0,,3.6,
013738,眞鍋 伸也,A2,76.96,高知@10/17-10/19;奈良@10/23-10/25;京王閣@11/05-11/07;玉野@11/23-11/25,,,29,0,🥺,5.6,
013740,大久保 直也,A3,,前橋@10/21-10/23;松戸@10/30-11/01;高知@11/17-11/19;小倉@11/28-11/30,,,0,0,,,
013742,葛西 雄太郎,A2,80.33,小田原@10/26-10/28;青森@11/08-11/10;小倉@11/28-11/30,,,27,0,🥺,5.6,
013743,藤田 剣次,A3,73.48,名古屋@10/30-11/01;小倉@11/05-11/07;玉野@11/12-11/14,,,27,0,,4.4,
013747,伊藤 大志,A1,94.66,川崎@10/24-10/26;久留米@11/01-11/03;松戸@11/13-11/15;福井@11/25-11/27,前橋,前橋Ｆ２@10/06/9R;前橋Ｆ２@10/07/7R;前橋Ｆ２@10/08/7R,18,0,🚀,3.0,
013748,佐々木 省司,A1,91.87,奈良@10/23-10/25;青森@11/03-11/05;福井@11/11-11/13;松阪@11/26-11/28,大宮,大宮Ｆ１@10/06/5R;大宮Ｆ１@10/07/4R;大宮Ｆ１@10/08/4R,24,0,🚀,2.4,
013749,及川 裕奨,A3,74.08,青森@10/14-10/16;防府@10/23-10/25;松戸@10/30-11/01;宇都宮@11/08-11/10;名古屋@11/20-11/22,,,24,0,,4.2,
013755,佐藤 悦夫,A1,,静岡@10/15-10/17;川崎@10/24-10/26;松戸@11/13-11/15;広島@11/22-11/24,,,0,0,,,
013760,矢口 啓一郎,A2,85.85,西武園@10/30-11/01;富山@11/10-11/12;静岡@11/17-11/19;久留米@11/26-11/28,,,21,0,🥺,4.8,
013761,新井 剛央,A2,80.38,別府@10/14-10/16;四日市@10/21-10/23;大宮@11/04-11/06;豊橋@11/21-11/23,前橋,前橋Ｆ２@10/06/3R;前橋Ｆ２@10/07/6R;前橋Ｆ２@10/08/2R,21,0,🥺,4.6,
013763,川上 真二郎,A3,72.00,前橋@10/13-10/15;和歌山@10/26-10/28;別府@11/04-11/06;武雄@11/14-11/16,,,24,0,,3.8,
013766,武井 大介,A1,89.70,大垣@10/22-10/24;弥彦@10/30-11/01;武雄@11/09-11/11;静岡@11/17-11/19,,,10,0,,,
013767,松丸 裕紀,A3,72.23,岐阜@10/10-10/12;川崎@10/20-10/22;奈良@11/02-11/04;佐世保@11/11-11/13,,,26,0,,4.2,
013768,旭 啓介,A3,70.85,川崎@10/09-10/11;大宮@10/22-10/24;武雄@11/02-11/04;奈良@11/22-11/24,,,27,0,,4.2,
013771,吉川 誠,A3,71.66,富山@10/17-10/19;宇都宮@10/30-11/01;弥彦@11/07-11/09;名古屋@11/20-11/22,,,6,0,,3.8,
013775,鈴木 良太,A1,84.73,高知@10/17-10/19;取手@11/04-11/06;奈良@11/14-11/16,静岡,静岡Ｆ２@10/07/8R;静岡Ｆ２@10/08/9R,15,0,🥺,4.6,
013776,小塚 潤,A3,68.95,富山@10/17-10/19;名古屋@10/24-10/26;奈良@11/02-11/04;西武園@11/23-11/25,,,22,0,,4.4,
013781,服部 正継,A3,68.64,いわき平@10/21-10/23;奈良@11/02-11/04;四日市@11/23-11/25,,,17,0,🥺,4.8,
013782,原 真司,A1,87.86,取手@10/19-10/21;大垣@10/27-10/29;大宮@11/04-11/06;松阪@11/11-11/13;松山@11/24-11/26,,,22,0,,3.8,
013784,太田 雅之,A2,78.19,熊本@10/12-10/14;別府@10/28-10/30;宇都宮@11/17-11/19;平塚@11/27-11/29,,,21,0,🥺,5.2,
013788,白崎 芳典,A3,67.27,いわき平@10/21-10/23;福井@11/05-11/07;高知@11/17-11/19,大垣,大垣Ｆ２@10/06/3R;大垣Ｆ２@10/07/3R;大垣Ｆ２@10/08/1R,18,0,,4.4,
013792,辰己 豊,A1,86.08,広島@10/18-10/20;小倉@11/05-11/07;名古屋@11/14-11/16;静岡@11/24-11/26,,,24,0,🚀,2.6,
013794,川西 亮介,A3,67.24,岐阜@10/10-10/12;奈良@11/08-11/10;四日市@11/23-11/25,,,25,0,,4.4,
013796,陶器 一馬,A3,71.20,岐阜@10/10-10/12;小倉@11/05-11/07;奈良@11/22-11/24,,,24,0,,4.2,
013799,真田 晃,A2,85.57,小倉@10/11-10/13;取手@10/19-10/21;小田原@11/01-11/03;松山@11/17-11/19;松阪@11/26-11/28,,,21,0,,3.8,
013802,大林 亮介,A3,73.25,岐阜@10/10-10/12;川崎@10/20-10/22;武雄@11/02-11/04;高知@11/17-11/19,,,27,0,🥺,4.6,
013809,杉山 剛,A2,82.48,小倉@10/11-10/13;大垣@10/27-10/29;別府@11/15-11/17;平塚@11/27-11/29,,,25,0,,4.0,
013810,良永 浩一,A1,88.80,京王閣@11/05-11/07;松山@11/24-11/26,,,5,0,,,
013811,池田 浩士,A2,85.38,広島@10/18-10/20;大垣@10/27-10/29;大宮@11/04-11/06;玉野@11/12-11/14,,,23,0,,4.2,
013817,吉川 裕二,A2,85.61,四日市@10/16-10/18;久留米@10/27-10/29;別府@11/04-11/06;福井@11/11-11/13,大宮,大宮Ｆ１@10/06/1R;大宮Ｆ１@10/07/4R;大宮Ｆ１@10/08/10R,18,0,,4.2,
013818,赤星 俊光,A3,65.82,四日市@10/16-10/18;名古屋@10/24-10/26;熊本@10/31-11/02;大宮@11/10-11/12,,,23,1,🥺,4.6,
013822,米原 大輔,A2,80.70,熊本@10/12-10/14;武雄@10/27-10/29;松山@11/08-11/10;久留米@11/26-11/28,,,24,0,🥺,4.6,
013824,上吹越 直樹,A1,90.38,岐阜@10/10-10/12;小松島@10/24-10/26;小倉@11/05-11/07;高知@11/17-11/19,,,21,0,🥺,5.4,
013826,田原 大広,A1,85.00,小松島@10/24-10/26;静岡@11/02-11/04;福井@11/25-11/27,前橋,前橋Ｆ２@10/06/7R;前橋Ｆ２@10/07/6R;前橋Ｆ２@10/08/6R,21,0,🥺,4.8,
013827,佐藤 雅彦,A1,89.52,玉野@10/13-10/15;大垣@10/22-10/24;取手@11/04-11/06;奈良@11/22-11/24,前橋,前橋Ｆ２@10/06/5R;前橋Ｆ２@10/07/9R;前橋Ｆ２@10/08/6R,21,0,🚀,3.0,
013828,引地 正人,A1,83.93,名古屋@11/14-11/16;豊橋@11/21-11/23,大垣,大垣Ｆ２@10/06/5R;大垣Ｆ２@10/07/5R;大垣Ｆ２@10/08/6R,15,0,,4.2,
013830,田崎 良太郎,A3,68.61,取手@10/19-10/21;名古屋@10/30-11/01;宇都宮@11/17-11/19;小倉@11/28-11/30,,,13,1,🥺,4.6,
013834,平石 浩之,A1,89.20,いわき平@10/12-10/14;岐阜@10/28-10/30;大宮@11/04-11/06;広島@11/22-11/24,,,24,0,🚀,2.8,
013838,山田 武,A2,79.27,川崎@10/09-10/11;高知@10/17-10/19;奈良@10/23-10/25;弥彦@11/07-11/09;玉野@11/23-11/25,,,22,0,🥺,4.8,
013839,若林 耕司,A2,79.04,小倉@10/11-10/13;取手@10/19-10/21;奈良@11/08-11/10;静岡@11/17-11/19,,,24,0,🥺,5.4,
013840,高瀬 卓,A3,64.69,青森@10/19-10/21;富山@11/10-11/12;西武園@11/23-11/25,,,23,0,🥺,5.6,
013845,加賀美 智史,A2,81.76,富山@10/10-10/12;取手@10/19-10/21;弥彦@11/07-11/09;広島@11/22-11/24,,,26,0,,4.4,
013847,小林 大能,A3,64.68,青森@10/19-10/21;武雄@11/14-11/16;西武園@11/23-11/25,,,19,0,🥺,5.8,
013853,長田 祐弥,A1,92.11,川崎@10/09-10/11;松阪@10/21-10/23;岐阜@10/28-10/30;大垣@11/18-11/20;松戸@11/26-11/28,,,9,0,,3.6,
013854,川田 忍,A2,85.43,いわき平@10/12-10/14;小田原@10/20-10/22;富山@11/15-11/17;松戸@11/26-11/28,,,16,0,🥺,5.2,
013857,浅沼 聖士,A2,82.92,取手@10/19-10/21;武雄@10/27-10/29;京王閣@11/05-11/07;玉野@11/29-12/01,,,25,0,🥺,5.0,
013859,荒木 伸哉,A1,86.59,青森@10/24-10/26;弥彦@11/07-11/09;富山@11/26-11/28,前橋,前橋Ｆ２@10/06/8R;前橋Ｆ２@10/07/4R;前橋Ｆ２@10/08/7R,22,1,🚀,3.0,
013860,藤原 清隆,A2,78.77,川崎@10/09-10/11;青森@10/24-10/26;豊橋@11/02-11/04;静岡@11/17-11/19,,,9,0,🥺,5.4,
013861,岡田 大門,A3,68.23,岐阜@10/10-10/12;和歌山@10/26-10/28;小倉@11/05-11/07;名古屋@11/20-11/22,,,26,0,🥺,5.8,
013863,吉田 健市,A1,87.89,四日市@10/16-10/18;別府@11/15-11/17;富山@11/26-11/28,,,19,0,,3.8,
013867,樋口 奨平,A3,69.09,四日市@10/16-10/18;宇都宮@11/17-11/19;佐世保@11/27-11/29,,,21,0,🥺,4.8,
013884,守谷 陽介,A1,93.03,小倉@10/11-10/13;京王閣@11/05-11/07;久留米@11/26-11/28,,,27,0,🚀,3.0,
013885,柳谷 崇,A1,91.73,玉野@10/13-10/15;小田原@10/26-10/28;松山@11/17-11/19;福井@11/25-11/27,,,23,0,,3.2,
013887,沖本 尚織,A3,70.37,青森@10/19-10/21;武雄@10/27-10/29;小松島@11/16-11/18;四日市@11/23-11/25,高知,高知Ｆ２@10/07/4R;高知Ｆ２@10/08/1R,8,0,,4.4,
013888,細川 貴史,A1,82.80,佐世保@10/18-10/20;大垣@10/27-10/29;別府@11/04-11/06;奈良@11/22-11/24,,,20,0,,3.4,
013890,藤原 浩,A1,89.46,川崎@10/20-10/22;別府@10/28-10/30;佐世保@11/11-11/13;松戸@11/26-11/28,,,15,0,,3.8,
013892,梶山 裕次郎,A2,82.80,岐阜@10/10-10/12;広島@10/18-10/20;高知@11/07-11/09;前橋@11/20-11/22,,,23,0,,4.2,
013893,片山 直人,A2,77.62,武雄@10/17-10/19;青森@10/29-10/31;弥彦@11/07-11/09;小倉@11/28-11/30,,,24,0,🥺,5.8,
013895,松尾 大樹,A2,83.14,奈良@10/09-10/11;四日市@10/16-10/18;武雄@10/27-10/29;前橋@11/20-11/22;小倉@11/28-11/30,,,21,0,🚀,3.0,
013896,安東 英博,A2,82.22,別府@10/14-10/16;青森@10/29-10/31;熊本@11/06-11/08;広島@11/22-11/24,,,27,0,🥺,5.6,
013897,加藤 大輔,A3,73.50,奈良@10/09-10/11;久留米@10/27-10/29;福井@11/19-11/21;佐世保@11/27-11/29,,,30,0,,3.4,
013899,山田 和巧,A2,84.80,川崎@10/09-10/11;青森@10/24-10/26;京王閣@11/05-11/07;玉野@11/12-11/14,,,21,0,🥺,4.6,
013901,山田 敦也,A1,95.28,前橋@10/13-10/15;大宮@11/04-11/06;名古屋@11/14-11/16;富山@11/26-11/28,大垣,大垣Ｆ２@10/06/9R;大垣Ｆ２@10/07/9R;大垣Ｆ２@10/08/9R,21,0,🚀,2.4,
013902,岩崎 将士,A1,85.00,西武園@10/30-11/01;奈良@11/08-11/10;松戸@11/26-11/28,,,26,0,,3.8,
013903,川崎 健次,A1,89.11,いわき平@10/12-10/14;松阪@10/21-10/23;富山@11/10-11/12;小田原@11/21-11/23;小倉@11/28-11/30,,,27,0,,3.2,
013907,佐藤 正吾,A2,82.66,小田原@10/20-10/22;取手@11/04-11/06;玉野@11/12-11/14;富山@11/26-11/28,,,27,0,🥺,5.8,
013908,菅田 和宏,A2,83.36,武雄@10/17-10/19;松阪@11/11-11/13;松戸@11/26-11/28,前橋,前橋Ｆ２@10/06/8R;前橋Ｆ２@10/07/8R,22,0,,3.2,
013910,高橋 秀吉,A1,85.69,宇都宮@10/30-11/01;松阪@11/11-11/13;平塚@11/27-11/29,,,26,0,,4.2,
013914,小谷田 公則,A1,84.90,松阪@10/21-10/23;武雄@11/09-11/11;西武園@11/23-11/25,,,22,0,,4.0,
013915,坂口 卓士,A2,87.04,別府@10/14-10/16;青森@10/24-10/26;大垣@11/18-11/20;松戸@11/26-11/28,,,21,0,,4.0,
013916,白石 大輔,A1,86.29,川崎@10/09-10/11;松阪@10/21-10/23;岐阜@10/28-10/30;京王閣@11/05-11/07;玉野@11/12-11/14,,,21,0,🚀,3.0,
013924,阿久津 修,A1,88.08,いわき平@10/12-10/14;弥彦@10/30-11/01;川崎@11/14-11/16;小倉@11/28-11/30,,,23,0,🚀,2.8,
013925,黒田 篤,A2,80.33,川崎@10/20-10/22;京王閣@10/26-10/28;松阪@11/11-11/13;松戸@11/26-11/28,,,27,0,🥺,5.6,
013926,早坂 道義,A3,71.18,宇都宮@10/30-11/01;玉野@11/12-11/14;武雄@11/23-11/25,静岡,静岡Ｆ２@10/07/1R;静岡Ｆ２@10/08/4R,27,0,,3.2,
013927,高橋 由記,A3,68.70,前橋@10/13-10/15;武雄@11/14-11/16;奈良@11/22-11/24,,,20,0,,4.2,
013929,宮内 善光,A2,89.41,いわき平@10/12-10/14;青森@10/24-10/26;小田原@11/01-11/03;奈良@11/14-11/16,,,24,0,🚀,2.6,
013932,井上 雄三,A1,82.54,大宮@10/22-10/24;京王閣@11/05-11/07;大垣@11/18-11/20;奈良@11/29-12/01,四日,四日Ｆ１@10/07/4R;四日Ｆ１@10/08/1R,24,0,,3.6,
013933,藤田 竜矢,A1,86.55,静岡@10/15-10/17;大垣@10/22-10/24;青森@11/03-11/05;別府@11/15-11/17,,,29,0,,3.8,
013936,小埜 正義,A1,91.21,川崎@10/09-10/11;奈良@10/23-10/25;弥彦@11/07-11/09;名古屋@11/14-11/16;豊橋@11/21-11/23,,,23,0,🚀,2.6,
013942,大西 健士,A2,84.92,川崎@10/09-10/11;富山@10/17-10/19;青森@10/24-10/26;大宮@11/04-11/06;松阪@11/11-11/13,,,25,0,🚀,2.8,
013947,石橋 慎太郎,A1,94.27,川崎@10/20-10/22;京王閣@10/26-10/28;四日市@11/11-11/13,,,18,0,🚀,3.0,
013950,松山 桂輔,A1,88.44,玉野@10/13-10/15;奈良@11/08-11/10;西武園@11/23-11/25,大宮,大宮Ｆ１@10/06/2R,27,0,,4.2,
013951,永井 清史,A2,79.77,高知@10/17-10/19;岐阜@10/28-10/30;佐世保@11/11-11/13;福井@11/25-11/27,,,18,0,🥺,6.0,
013952,東 鉄也,A2,80.73,豊橋@10/15-10/17;松阪@11/11-11/13;福井@11/25-11/27,大垣,大垣Ｆ２@10/06/6R;大垣Ｆ２@10/07/8R;大垣Ｆ２@10/08/6R,20,0,🥺,5.8,
013953,坂元 洋行,A2,81.83,豊橋@10/15-10/17;四日市@11/11-11/13;松山@11/24-11/26,,,24,0,,3.8,
013955,三宅 裕武,A1,92.37,四日市@10/16-10/18;岐阜@10/28-10/30;川崎@11/14-11/16;西武園@11/23-11/25,,,24,0,,3.6,
013957,堂村 知哉,A2,83.95,西武園@10/30-11/01;名古屋@11/14-11/16;福井@11/25-11/27,,,21,0,🥺,5.2,
013959,鷲田 佳史,A1,93.08,富山@10/10-10/12;松阪@10/21-10/23;豊橋@11/02-11/04;高知@11/17-11/19;平塚@11/27-11/29,,,24,0,🚀,2.8,
013964,高田 大輔,A3,72.57,岐阜@10/10-10/12;武雄@10/27-10/29;小松島@11/16-11/18;川崎@11/23-11/25,,,21,0,🚀,3.0,
013965,岡田 雅也,A3,70.83,四日市@10/16-10/18;奈良@11/02-11/04;大宮@11/10-11/12,,,18,0,,4.0,
013968,越智 展孝,A2,83.50,武雄@10/17-10/19;京王閣@10/26-10/28;別府@11/04-11/06;川崎@11/14-11/16,,,24,0,,4.0,
013969,武田 良太,A2,82.51,奈良@10/14-10/16;武雄@10/27-10/29;小倉@11/05-11/07;前橋@11/20-11/22,,,29,0,,3.8,
013970,三好 陽一,A1,83.03,熊本@10/12-10/14;京王閣@10/26-10/28;宇都宮@11/08-11/10;別府@11/15-11/17,,,28,0,,3.4,
013971,内山 拓,A1,86.16,豊橋@10/15-10/17;大垣@10/27-10/29;大宮@11/04-11/06;玉野@11/12-11/14,,,24,0,,3.4,
013972,富永 昌久,A3,68.92,武雄@10/09-10/11;青森@10/19-10/21;熊本@10/31-11/02;奈良@11/22-11/24,,,26,0,,4.2,
013974,大竹野 裕樹,A3,75.18,松戸@10/30-11/01;小松島@11/16-11/18;川崎@11/23-11/25,,,27,0,🥺,4.8,
013979,竹内 優也,A2,84.16,大垣@10/22-10/24;宇都宮@10/30-11/01;武雄@11/09-11/11;前橋@11/20-11/22,,,24,0,,4.0,
013980,森田 康嗣,A2,88.52,松阪@10/21-10/23;松戸@11/09-11/11;名古屋@11/20-11/22;奈良@11/29-12/01,静岡,静岡Ｆ２@10/07/7R;静岡Ｆ２@10/08/11R,21,0,🚀,2.8,
013983,大崎 智久,A2,81.85,静岡@10/15-10/17;奈良@10/23-10/25;青森@11/03-11/05;久留米@11/26-11/28,前橋,前橋Ｆ２@10/06/8R;前橋Ｆ２@10/07/6R;前橋Ｆ２@10/08/5R,21,0,🥺,4.8,
013984,栗林 巧,A1,81.00,前橋@10/13-10/15;青森@10/29-10/31;静岡@11/17-11/19;松山@11/24-11/26,,,6,0,🥺,5.0,
013985,高橋 陽介,A1,85.00,松阪@10/21-10/23;青森@11/03-11/05;名古屋@11/20-11/22,静岡,静岡Ｆ２@10/07/9R;静岡Ｆ２@10/08/11R,9,0,,,
013988,阿部 英光,A2,83.08,富山@10/17-10/19;京王閣@10/26-10/28;奈良@11/08-11/10;前橋@11/20-11/22,,,24,0,,4.2,
013989,大泉 英則,A2,79.42,いわき平@10/12-10/14;青森@10/24-10/26;松阪@11/11-11/13;西武園@11/18-11/20,大宮,大宮Ｆ１@10/06/2R;大宮Ｆ１@10/07/2R,21,0,🥺,5.0,
013993,佐藤 朋也,A1,92.15,富山@10/10-10/12;川崎@10/20-10/22;四日市@11/11-11/13;松戸@11/26-11/28,,,19,0,🚀,2.2,
013994,杉山 悠也,A1,94.75,富山@10/10-10/12;川崎@10/20-10/22;取手@11/04-11/06;玉野@11/12-11/14;奈良@11/29-12/01,,,16,2,🚀,2.4,
013996,丸山 貴秀,A1,94.40,奈良@10/14-10/16;大宮@10/22-10/24;弥彦@11/07-11/09;別府@11/15-11/17,,,20,0,,3.2,
013998,桂馬 将人,A3,69.94,宇都宮@10/30-11/01;武雄@11/14-11/16;富山@11/26-11/28,静岡,静岡Ｆ２@10/07/3R;静岡Ｆ２@10/08/2R,18,0,,3.8,
014003,須賀 和彦,A2,85.48,いわき平@10/12-10/14;青森@11/03-11/05;豊橋@11/21-11/23,,,27,0,🥺,4.6,
014005,山本 健也,A1,91.66,小倉@10/11-10/13;大宮@10/22-10/24;松山@11/08-11/10;松戸@11/26-11/28,,,21,0,🚀,2.6,
014006,青木 亮太,A3,67.80,取手@10/19-10/21;福井@11/05-11/07;玉野@11/12-11/14;名古屋@11/20-11/22,高知,高知Ｆ２@10/07/1R,20,0,🥺,4.8,
014008,甲斐 康昭,A2,83.14,静岡@10/15-10/17;大垣@10/22-10/24;玉野@11/12-11/14;前橋@11/20-11/22,,,21,0,,4.4,
014010,長谷川 辰徳,A3,66.34,防府@10/23-10/25;松戸@10/30-11/01;宇都宮@11/08-11/10;名古屋@11/20-11/22;佐世保@11/27-11/29,,,23,0,🥺,5.4,
014011,細沼 健治,A2,78.25,名古屋@11/14-11/16;静岡@11/24-11/26,,,4,0,,,
014012,関 智晴,A2,83.83,四日市@10/21-10/23;静岡@11/17-11/19;久留米@11/26-11/28,前橋,前橋Ｆ２@10/06/4R,24,0,,3.6,
014014,須藤 雄太,A3,67.42,青森@10/14-10/16;前橋@10/21-10/23;名古屋@10/30-11/01;玉野@11/12-11/14;川崎@11/23-11/25,,,7,0,🥺,5.2,
014015,米倉 剛志,A3,69.00,大宮@10/12-10/14;前橋@10/21-10/23;奈良@11/02-11/04;川崎@11/23-11/25,,,26,0,,3.6,
014019,長崎 達也,A3,67.00,川崎@10/09-10/11;青森@10/19-10/21;熊本@10/31-11/02;富山@11/10-11/12;前橋@11/20-11/22,,,24,0,🥺,4.8,
014021,森川 剛,A2,77.51,前橋@10/13-10/15;小田原@10/26-10/28;取手@11/04-11/06;松阪@11/11-11/13,,,27,0,🥺,6.6,
014024,櫻井 丈,A1,86.66,大宮@10/22-10/24;名古屋@11/14-11/16;静岡@11/24-11/26,大垣,大垣Ｆ２@10/06/5R;大垣Ｆ２@10/07/9R;大垣Ｆ２@10/08/6R,24,0,,3.2,
014027,臼井 昌巨,A3,71.54,岐阜@10/10-10/12;名古屋@10/24-10/26;奈良@11/02-11/04;四日市@11/23-11/25,,,31,0,,3.6,
014031,筒井 裕哉,A1,90.23,別府@10/14-10/16;大垣@10/22-10/24;宇都宮@10/30-11/01;富山@11/15-11/17;松阪@11/26-11/28,,,18,0,🚀,2.6,
014032,藤田 真,A1,87.33,大垣@10/22-10/24;青森@11/03-11/05;川崎@11/14-11/16,静岡,静岡Ｆ２@10/07/10R;静岡Ｆ２@10/08/11R,15,0,,,
014033,藤縄 洋介,A3,71.08,富山@10/17-10/19;宇都宮@10/30-11/01;奈良@11/14-11/16;西武園@11/23-11/25,大垣,大垣Ｆ２@10/06/1R;大垣Ｆ２@10/07/1R;大垣Ｆ２@10/08/2R,24,0,,4.0,
014034,鳥丸 晃順,A3,72.05,武雄@10/27-10/29;小倉@11/05-11/07;高知@11/17-11/19,,,20,0,,3.2,
014035,伊藤 大彦,A1,89.66,別府@10/14-10/16;小田原@10/26-10/28;熊本@11/06-11/08;奈良@11/22-11/24,,,24,0,🚀,2.4,
014036,篠原 龍馬,A1,90.80,高知@10/17-10/19;熊本@11/06-11/08;福井@11/25-11/27,四日,四日Ｆ１@10/07/5R;四日Ｆ１@10/08/4R,21,0,🚀,2.8,
014037,橋本 勝弘,A2,81.59,広島@10/18-10/20;久留米@11/01-11/03;前橋@11/20-11/22,平塚,平塚Ｆ１@10/08/4R,22,0,🥺,5.0,
014040,竹内 真一,A2,82.66,佐世保@10/18-10/20;岐阜@10/28-10/30;大宮@11/04-11/06;小松島@11/16-11/18,,,27,0,,3.8,
014042,徳吉 正治,A3,68.88,青森@10/14-10/16;名古屋@10/24-10/26;熊本@10/31-11/02;高知@11/17-11/19,,,27,0,🥺,5.4,
014044,八尋 英輔,A1,87.59,広島@10/18-10/20;宇都宮@11/08-11/10;久留米@11/26-11/28,,,27,0,🚀,3.0,
014046,秋山 貴宏,A3,74.92,青森@10/19-10/21;武雄@11/02-11/04;高知@11/17-11/19,,,27,0,🚀,2.8,
014048,川島 勝,A2,86.00,小倉@10/11-10/13;久留米@10/27-10/29;京王閣@11/05-11/07;松山@11/17-11/19,,,22,0,🚀,3.0,
014049,廣田 樹里,A3,72.77,前橋@10/21-10/23;名古屋@10/30-11/01;小松島@11/16-11/18;四日市@11/23-11/25,,,27,0,,4.0,
014056,橋本 紀彰,A2,83.41,取手@10/19-10/21;奈良@11/14-11/16;小田原@11/21-11/23,前橋,前橋Ｆ２@10/06/4R;前橋Ｆ２@10/07/4R;前橋Ｆ２@10/08/4R,24,0,🥺,4.8,
014057,松田 優一,A2,87.20,富山@10/17-10/19;川崎@11/14-11/16;奈良@11/22-11/24,,,24,0,,3.4,
014058,佐藤 謙,A2,85.70,西武園@10/30-11/01;静岡@11/17-11/19;小倉@11/28-11/30,四日,四日Ｆ１@10/07/1R;四日Ｆ１@10/08/3R,27,0,🥺,4.6,
014059,高塩 讓次,A1,92.80,武雄@10/17-10/19;奈良@11/08-11/10;静岡@11/17-11/19,,,26,0,,3.6,
014061,塚本 和宏,A2,84.83,いわき平@10/12-10/14;宇都宮@10/30-11/01;名古屋@11/14-11/16;西武園@11/23-11/25,,,12,0,,4.4,
014062,齋藤 昌弘,A2,80.77,武雄@10/17-10/19;青森@10/29-10/31;小松島@11/16-11/18;西武園@11/23-11/25,前橋,前橋Ｆ２@10/06/5R;前橋Ｆ２@10/07/5R;前橋Ｆ２@10/08/7R,22,0,🥺,4.8,
014064,吉松 賢二,A3,70.45,前橋@10/13-10/15;奈良@11/02-11/04;武雄@11/14-11/16;小倉@11/28-11/30,,,37,0,🥺,4.6,
014066,池田 勇人,A1,92.33,前橋@10/13-10/15;静岡@11/02-11/04;富山@11/10-11/12;大垣@11/18-11/20,,,27,0,,4.0,
014067,工藤 考生,A3,70.92,前橋@10/13-10/15;福井@11/05-11/07;玉野@11/12-11/14,,,25,0,🥺,5.0,
014069,渡邊 政幸,A3,69.50,青森@10/19-10/21;松戸@10/30-11/01;宇都宮@11/17-11/19;佐世保@11/27-11/29,大垣,大垣Ｆ２@10/06/3R,22,0,,3.8,
014070,秋葉 大輔,A2,83.79,静岡@10/15-10/17;岐阜@10/28-10/30;松阪@11/11-11/13;松戸@11/26-11/28,,,24,0,🥺,5.0,
014072,伊藤 之人,A3,70.80,いわき平@10/21-10/23;別府@11/04-11/06;武雄@11/14-11/16,,,30,0,,3.6,
014075,松根 真,A2,80.57,前橋@10/13-10/15;川崎@10/24-10/26;取手@11/04-11/06;名古屋@11/20-11/22;奈良@11/29-12/01,,,26,0,,4.4,
014077,古屋 琢晶,A1,87.52,小倉@10/11-10/13;取手@10/19-10/21;松戸@11/13-11/15;奈良@11/29-12/01,,,19,0,,3.4,
014078,植草 亮介,A1,85.38,別府@10/14-10/16;京王閣@11/05-11/07;富山@11/15-11/17;奈良@11/29-12/01,静岡,静岡Ｆ２@10/07/6R;静岡Ｆ２@10/08/10R,18,0,🥺,5.0,
014079,江本 博明,A2,80.66,別府@10/14-10/16;小松島@10/24-10/26;松戸@11/13-11/15;広島@11/22-11/24,大宮,大宮Ｆ１@10/06/2R;大宮Ｆ１@10/07/3R;大宮Ｆ１@10/08/10R,21,0,🥺,4.6,
014080,近藤 隆司,A1,94.76,富山@10/17-10/19;青森@10/24-10/26;取手@11/04-11/06;福井@11/25-11/27,,,21,0,,3.4,
014082,高橋 雅之,A1,93.57,静岡@10/15-10/17;青森@10/29-10/31;宇都宮@11/17-11/19;久留米@11/26-11/28,前橋,前橋Ｆ２@10/06/9R;前橋Ｆ２@10/07/7R;前橋Ｆ２@10/08/5R,21,0,,3.4,
014083,成清 謙二郎,A1,80.41,奈良@10/14-10/16;宇都宮@10/30-11/01;富山@11/15-11/17;西武園@11/23-11/25,前橋,前橋Ｆ２@10/06/6R;前橋Ｆ２@10/07/5R;前橋Ｆ２@10/08/3R,24,0,,4.4,
014084,小菅 誠,A1,90.15,武雄@10/27-10/29;松戸@11/13-11/15;奈良@11/22-11/24,平塚,平塚Ｆ１@10/08/5R,19,0,,4.0,
014086,齋藤 友幸,A1,83.27,川崎@10/09-10/11;松阪@10/21-10/23;福井@11/11-11/13;西武園@11/23-11/25,,,11,1,🥺,5.6,
014087,高橋 隆太,A2,80.94,川崎@10/09-10/11;富山@10/17-10/19;別府@11/04-11/06;松戸@11/13-11/15;奈良@11/22-11/24,,,18,0,,4.2,
014091,伊原 弘幸,A1,83.70,大宮@10/22-10/24;宇都宮@10/30-11/01;松山@11/17-11/19;富山@11/26-11/28,大垣,大垣Ｆ２@10/06/6R;大垣Ｆ２@10/07/7R;大垣Ｆ２@10/08/9R,21,0,,4.2,
014092,山出 裕幸,A2,81.14,佐世保@10/18-10/20;久留米@10/27-10/29;大垣@11/18-11/20;小松島@11/26-11/28,四日,四日Ｆ１@10/07/1R;四日Ｆ１@10/08/5R,21,0,🥺,4.6,
014093,窪田 陽介,A3,74.19,四日市@10/16-10/18;宇都宮@10/30-11/01;佐世保@11/11-11/13;富山@11/26-11/28,,,21,0,🚀,3.0,
014094,有馬 雄二,A2,80.62,奈良@10/09-10/11;四日市@10/16-10/18;宇都宮@11/17-11/19;富山@11/26-11/28,,,27,0,🥺,5.6,
014098,菊谷 信一,A1,88.18,玉野@10/13-10/15;高知@11/07-11/09;西武園@11/23-11/25,大垣,大垣Ｆ２@10/06/5R;大垣Ｆ２@10/07/8R;大垣Ｆ２@10/08/7R,16,0,🥺,5.6,
014099,坂本 佳憲,A3,67.66,大宮@10/12-10/14;和歌山@10/26-10/28;奈良@11/02-11/04;佐世保@11/11-11/13,,,24,0,,3.6,
014101,永橋 武司,A3,69.28,いわき平@10/21-10/23;宇都宮@10/30-11/01;富山@11/10-11/12;西武園@11/23-11/25,,,21,0,,3.6,
014102,篠塚 光一,A1,83.38,小倉@10/11-10/13;京王閣@10/26-10/28;富山@11/10-11/12;名古屋@11/20-11/22,,,26,0,,3.8,
014104,池田 憲昭,A1,92.28,豊橋@10/15-10/17;弥彦@11/07-11/09;松山@11/17-11/19,,,21,0,,3.4,
014110,廣川 泰昭,A2,84.25,小田原@10/26-10/28;松戸@11/09-11/11;松山@11/17-11/19,,,17,1,,3.6,
014115,原田 礼,A2,84.77,奈良@10/14-10/16;松山@11/17-11/19;松戸@11/26-11/28,,,27,0,🚀,2.4,
014116,安東 宏高,A1,84.61,四日市@10/21-10/23;佐世保@11/11-11/13,,,13,0,,3.8,
014119,中村 雅仁,A1,89.87,弥彦@10/30-11/01;松山@11/17-11/19;松阪@11/26-11/28,,,21,0,,4.0,
014120,永田 修一,A3,72.73,岐阜@10/10-10/12;松戸@10/30-11/01;弥彦@11/07-11/09;川崎@11/23-11/25,,,23,0,🥺,4.6,
014124,石田 宏樹,A3,73.00,青森@10/19-10/21;松戸@10/30-11/01;玉野@11/12-11/14;西武園@11/23-11/25,,,30,0,,3.2,
014125,坂本 昌宏,A2,81.56,川崎@10/24-10/26;取手@11/04-11/06;四日市@11/11-11/13;玉野@11/29-12/01,,,25,0,,4.0,
014126,高谷 敏史,A3,74.33,青森@10/14-10/16;名古屋@10/30-11/01;宇都宮@11/08-11/10;武雄@11/23-11/25,,,27,0,🥺,4.6,
014128,嶋貫 高大,A3,66.00,大宮@10/12-10/14;取手@10/19-10/21;奈良@11/02-11/04;静岡@11/17-11/19,,,5,2,🥺,5.0,
014130,竹山 陵太,A1,94.57,富山@10/17-10/19;小田原@10/26-10/28;松山@11/08-11/10;宇都宮@11/17-11/19,,,21,0,,3.4,
014132,三澤 康人,A1,91.95,小倉@10/11-10/13;弥彦@10/30-11/01;松戸@11/09-11/11;広島@11/22-11/24,,,24,0,,4.2,
014133,高橋 紀史,A2,82.73,岐阜@10/10-10/12;佐世保@10/18-10/20;豊橋@11/02-11/04;広島@11/22-11/24,,,23,0,,4.2,
014135,金澤 幸司,A1,94.16,いわき平@10/12-10/14;取手@10/19-10/21;宇都宮@10/30-11/01;松阪@11/11-11/13;小田原@11/21-11/23,,,18,0,🚀,2.4,
014136,金澤 竜二,A1,93.23,別府@10/14-10/16;青森@10/24-10/26;高知@11/07-11/09;西武園@11/18-11/20,前橋,前橋Ｆ２@10/06/9R;前橋Ｆ２@10/07/9R;前橋Ｆ２@10/08/9R,21,0,,3.4,
014139,小田倉 勇二,A1,94.33,岐阜@10/28-10/30;名古屋@11/14-11/16;静岡@11/24-11/26,,,24,0,🚀,2.6,
014144,石川 雅望,A1,90.15,静岡@10/15-10/17;京王閣@10/26-10/28;豊橋@11/02-11/04;西武園@11/23-11/25,,,20,0,,3.6,
014145,篠原 忍,A1,91.41,熊本@10/12-10/14;大宮@10/22-10/24;四日市@11/11-11/13;名古屋@11/20-11/22,,,9,0,,3.6,
014153,伊藤 太一,A1,85.88,静岡@10/15-10/17;小松島@10/24-10/26;別府@11/15-11/17;松戸@11/26-11/28,,,27,0,🚀,2.8,
014154,長岡 豪,A3,67.20,川崎@10/20-10/22;福井@11/05-11/07;静岡@11/17-11/19,,,20,0,🥺,5.6,
014155,佐藤 政利,A2,83.08,川崎@10/20-10/22;別府@11/04-11/06;西武園@11/23-11/25,,,24,0,,3.4,
014157,原田 泰志,A1,85.87,小田原@10/20-10/22;宇都宮@10/30-11/01;弥彦@11/07-11/09;名古屋@11/14-11/16,,,24,0,🚀,2.6,
014158,本間 慎吾,A3,74.14,川崎@10/20-10/22;奈良@11/14-11/16;名古屋@11/20-11/22,,,21,0,,3.2,
014161,藤田 大輔,A1,85.47,川崎@10/09-10/11;松阪@10/21-10/23;西武園@10/30-11/01;弥彦@11/07-11/09;奈良@11/14-11/16,,,21,0,🥺,5.0,
014164,田中 孝彦,A1,87.83,武雄@10/27-10/29;青森@11/08-11/10;小松島@11/16-11/18;玉野@11/23-11/25,前橋,前橋Ｆ２@10/06/4R;前橋Ｆ２@10/07/9R;前橋Ｆ２@10/08/6R,24,0,🚀,2.4,
014166,倉野 隆太郎,A2,82.74,松阪@10/21-10/23;西武園@11/18-11/20;小松島@11/26-11/28,,,27,0,,3.4,
014169,富安 保充,A2,82.00,熊本@10/12-10/14;小田原@10/20-10/22;豊橋@11/02-11/04;高知@11/17-11/19,,,26,0,🥺,5.4,
014171,深見 仁哉,A2,80.88,名古屋@10/24-10/26;別府@11/15-11/17;奈良@11/22-11/24,,,25,0,🥺,5.2,
014172,山田 隼司,A2,80.75,奈良@10/14-10/16;京王閣@10/26-10/28;小倉@11/05-11/07;大垣@11/18-11/20,,,24,0,,4.4,
014178,伊原 克彦,A1,90.71,岐阜@10/10-10/12;豊橋@11/02-11/04;別府@11/15-11/17;奈良@11/29-12/01,,,21,0,🚀,2.0,
014179,肥後 公允,A3,71.21,大宮@10/22-10/24;熊本@10/31-11/02;富山@11/26-11/28,静岡,静岡Ｆ２@10/07/5R;静岡Ｆ２@10/08/3R,14,0,🚀,2.8,
014180,坂本 匡洋,A2,88.70,広島@10/18-10/20;京王閣@10/26-10/28;小倉@11/05-11/07;平塚@11/27-11/29,,,21,0,,4.4,
014181,藤原 悠斗,A2,83.51,別府@10/28-10/30;京王閣@11/05-11/07;小松島@11/16-11/18,,,31,0,🥺,5.4,
014183,隅田 幸助,A3,70.14,防府@10/23-10/25;熊本@10/31-11/02;松山@11/08-11/10,高知,高知Ｆ２@10/07/7R;高知Ｆ２@10/08/7R,14,0,🚀,2.8,
014185,隅 貴史,A1,88.44,広島@10/18-10/20;大垣@10/27-10/29;熊本@11/06-11/08;静岡@11/24-11/26,平塚,平塚Ｆ１@10/08/2R,18,0,,4.0,
014187,大西 祐,A1,91.04,岐阜@10/10-10/12;武雄@10/27-10/29;西武園@11/18-11/20;久留米@11/26-11/28,,,24,0,🚀,2.4,
014192,野本 翔太,A1,82.38,富山@10/10-10/12;広島@10/18-10/20;小田原@11/01-11/03;高知@11/17-11/19;福井@11/25-11/27,,,18,0,🥺,5.6,
014193,玉手 翔,A1,88.66,富山@10/17-10/19;小田原@10/26-10/28;名古屋@11/14-11/16;玉野@11/23-11/25,,,27,0,🚀,2.6,
014194,桑原 亮,A1,92.28,熊本@10/12-10/14;久留米@10/27-10/29;別府@11/04-11/06;福井@11/11-11/13,,,21,0,,3.4,
014195,田中 孝法,A2,79.72,広島@10/18-10/20;青森@10/29-10/31;玉野@11/12-11/14;前橋@11/20-11/22,,,22,0,🥺,4.6,
014202,島田 茂希,A3,70.45,いわき平@10/21-10/23;奈良@11/02-11/04;小倉@11/28-11/30,大垣,大垣Ｆ２@10/06/4R;大垣Ｆ２@10/07/4R;大垣Ｆ２@10/08/1R,24,0,,4.2,
014204,大崎 和也,A1,86.45,武雄@10/17-10/19;京王閣@10/26-10/28;青森@11/08-11/10;小倉@11/28-11/30,,,24,0,,4.4,
014205,日当 泰之,A2,80.29,別府@10/14-10/16;京王閣@11/05-11/07;小松島@11/16-11/18;松阪@11/26-11/28,,,24,0,,4.2,
014206,金野 俊秋,A1,88.00,武雄@10/17-10/19;青森@10/29-10/31;富山@11/10-11/12;静岡@11/17-11/19,,,27,0,,3.2,
014209,加美山 隆行,A3,67.25,取手@10/19-10/21;和歌山@10/26-10/28;宇都宮@11/08-11/10;名古屋@11/20-11/22,,,24,0,,3.6,
014213,岡田 哲夫,A3,66.20,川崎@10/09-10/11;福井@11/05-11/07;前橋@11/20-11/22,,,20,0,🥺,6.0,
014216,田村 純一,A3,74.23,前橋@10/13-10/15;川崎@10/20-10/22;大宮@11/10-11/12;西武園@11/23-11/25,,,21,0,,4.0,
014218,邊見 斎,A3,71.24,青森@10/14-10/16;熊本@10/31-11/02;名古屋@11/20-11/22,,,29,0,🥺,4.8,
014220,山崎 悟,A2,83.23,前橋@10/13-10/15;武雄@10/27-10/29;京王閣@11/05-11/07;広島@11/22-11/24,大垣,大垣Ｆ２@10/06/5R;大垣Ｆ２@10/07/5R;大垣Ｆ２@10/08/4R,21,0,🚀,2.8,
014223,瀧野 勝太,A2,84.44,取手@11/04-11/06;小松島@11/16-11/18,,,18,0,,,
014224,矢島 一弥,A1,81.93,西武園@10/30-11/01;松戸@11/13-11/15;福井@11/25-11/27,静岡,静岡Ｆ２@10/07/10R;静岡Ｆ２@10/08/8R,15,0,🥺,4.6,
014225,伊藤 亮,A1,89.28,別府@10/14-10/16;静岡@11/02-11/04;奈良@11/14-11/16;久留米@11/26-11/28,前橋,前橋Ｆ２@10/06/7R;前橋Ｆ２@10/07/9R;前橋Ｆ２@10/08/6R,21,0,🚀,2.2,
014226,大畑 裕貴,A2,82.83,宇都宮@10/30-11/01;熊本@11/06-11/08;静岡@11/17-11/19,,,18,0,,4.4,
014227,緒方 剛,A2,81.66,武雄@10/17-10/19;取手@11/04-11/06;四日市@11/11-11/13,,,27,0,🥺,4.8,
014230,山田 義彦,A1,88.20,いわき平@10/12-10/14;高知@11/07-11/09;静岡@11/17-11/19,,,24,0,🚀,2.4,
014235,鈴木 庸之,A1,93.19,大宮@10/22-10/24;弥彦@10/30-11/01;熊本@11/06-11/08;松戸@11/26-11/28,,,21,0,,3.8,
014236,本田 拓也,A2,81.51,弥彦@10/30-11/01;松戸@11/13-11/15;久留米@11/26-11/28,,,29,0,🥺,4.6,
014240,須藤 誠,A2,80.62,川崎@10/20-10/22;取手@11/04-11/06;名古屋@11/14-11/16;奈良@11/29-12/01,,,27,0,,4.0,
014242,亀谷 隆一,A2,79.15,いわき平@10/12-10/14;松阪@10/21-10/23;松戸@11/13-11/15;名古屋@11/20-11/22,,,20,0,🥺,4.6,
014243,齊藤 健人,A2,80.04,別府@10/14-10/16;弥彦@10/30-11/01;松山@11/08-11/10;小田原@11/21-11/23;奈良@11/29-12/01,,,24,0,🥺,5.8,
014245,後藤 彰仁,A2,85.35,佐世保@10/18-10/20;久留米@10/27-10/29;弥彦@11/07-11/09;名古屋@11/14-11/16,,,17,0,,3.4,
014251,関谷 哲平,A3,69.71,富山@10/17-10/19;小倉@11/05-11/07;奈良@11/22-11/24,,,21,0,,4.0,
014254,武田 和也,A3,71.92,四日市@10/16-10/18;和歌山@10/26-10/28;奈良@11/08-11/10;福井@11/19-11/21,,,25,0,,3.4,
014255,西本 直大,A2,85.35,高知@10/17-10/19;大垣@10/27-10/29;奈良@11/08-11/10;西武園@11/23-11/25,,,20,0,,3.4,
014257,岡崎 克政,A3,72.82,青森@10/14-10/16;弥彦@11/07-11/09;奈良@11/22-11/24,高知,高知Ｆ２@10/07/5R;高知Ｆ２@10/08/1R,34,0,,4.0,
014258,片山 智晴,A1,89.54,岐阜@10/10-10/12;奈良@10/23-10/25;松山@11/08-11/10;前橋@11/20-11/22,,,24,0,🥺,5.8,
014261,作田 悦章,A3,77.95,川崎@10/20-10/22;久留米@10/27-10/29;別府@11/04-11/06;前橋@11/20-11/22,,,22,1,🚀,2.4,
014263,樫山 恭柄,A1,94.07,広島@10/18-10/20;大垣@10/27-10/29;青森@11/03-11/05;佐世保@11/11-11/13;平塚@11/27-11/29,,,27,0,,3.2,
014265,松永 真太,A3,77.62,武雄@10/09-10/11;名古屋@10/24-10/26;小倉@11/05-11/07;高知@11/17-11/19,,,27,0,🚀,1.8,
014266,宮本 龍一,A3,73.00,前橋@10/21-10/23;松戸@10/30-11/01;弥彦@11/07-11/09;武雄@11/14-11/16,高知,高知Ｆ２@10/07/2R;高知Ｆ２@10/08/3R,13,0,,4.4,
014267,一ノ瀬 匠,A1,86.34,四日市@10/21-10/23;別府@10/28-10/30;武雄@11/09-11/11;大垣@11/18-11/20,大宮,大宮Ｆ１@10/06/3R;大宮Ｆ１@10/07/4R;大宮Ｆ１@10/08/10R,23,0,,3.6,
014269,梶原 恵介,A1,84.25,豊橋@10/15-10/17;別府@10/28-10/30;松戸@11/09-11/11;久留米@11/26-11/28,,,24,0,🥺,4.8,
014270,小原 将通,A1,86.90,四日市@10/16-10/18;名古屋@10/24-10/26;別府@11/04-11/06;西武園@11/18-11/20,,,22,0,,4.2,
014272,松田 直也,A3,70.43,四日市@10/16-10/18;奈良@11/02-11/04;川崎@11/23-11/25,高知,高知Ｆ２@10/07/5R;高知Ｆ２@10/08/2R,23,0,,4.4,
014274,吉成 晃一,A3,71.00,岐阜@10/10-10/12;松戸@10/30-11/01;武雄@11/14-11/16;四日市@11/23-11/25,,,31,0,,3.2,
014275,喜納 隆志,A3,68.68,武雄@10/27-10/29;高知@11/17-11/19;佐世保@11/27-11/29,高知,高知Ｆ２@10/07/2R;高知Ｆ２@10/08/6R,22,1,,4.4,
014276,坂本 敏也,A3,70.90,富山@10/17-10/19;宇都宮@10/30-11/01;武雄@11/14-11/16;川崎@11/23-11/25,静岡,静岡Ｆ２@10/07/4R;静岡Ｆ２@10/08/1R,21,0,🥺,4.8,
014277,山口 慎吾,A2,85.71,いわき平@10/12-10/14;取手@10/19-10/21;西武園@10/30-11/01;奈良@11/14-11/16;静岡@11/24-11/26,,,21,0,,3.2,
014280,井上 公利,A2,84.60,富山@10/10-10/12;豊橋@11/02-11/04;松戸@11/13-11/15;松山@11/24-11/26,,,28,0,,3.4,
014281,寺林 正秋,A1,86.37,四日市@10/21-10/23;小田原@11/01-11/03;富山@11/10-11/12,,,27,0,🥺,4.8,
014282,石川 恭規,A2,81.00,川崎@10/24-10/26;大宮@11/04-11/06;名古屋@11/14-11/16;玉野@11/23-11/25,前橋,前橋Ｆ２@10/06/3R;前橋Ｆ２@10/07/3R;前橋Ｆ２@10/08/4R,24,0,,4.4,
014287,齋藤 昌太,A3,69.32,川崎@10/09-10/11;防府@10/23-10/25;熊本@10/31-11/02;武雄@11/14-11/16,,,25,0,🥺,4.6,
014289,羽石 国臣,A3,68.73,いわき平@10/21-10/23;玉野@11/12-11/14;川崎@11/23-11/25,,,19,0,🥺,4.8,
014295,山崎 寛巳,A3,67.25,大宮@10/12-10/14;いわき平@10/21-10/23;松戸@10/30-11/01;奈良@11/08-11/10;名古屋@11/20-11/22,,,12,0,🥺,5.0,
014296,佐藤 清之,A2,79.87,いわき平@10/12-10/14;四日市@10/21-10/23;富山@11/10-11/12;宇都宮@11/17-11/19;松阪@11/26-11/28,,,24,0,🥺,5.0,
014297,田中 勝仁,A2,83.66,松阪@10/21-10/23;青森@10/29-10/31;京王閣@11/05-11/07;豊橋@11/21-11/23,,,21,0,,4.2,
014298,蒔田 英彦,A1,94.83,前橋@10/13-10/15;京王閣@11/05-11/07;松戸@11/13-11/15;玉野@11/29-12/01,,,24,0,🚀,3.0,
014300,上野 真吾,A1,86.33,川崎@10/24-10/26;大宮@11/04-11/06;久留米@11/26-11/28,,,12,0,🚀,3.0,
014301,齋藤 輝彦,A3,68.31,青森@10/19-10/21;宇都宮@10/30-11/01;奈良@11/08-11/10;西武園@11/23-11/25,,,16,0,🥺,4.6,
014302,武田 憲祐,A1,86.41,前橋@10/13-10/15;取手@10/19-10/21;松山@11/08-11/10;平塚@11/27-11/29,,,24,0,,3.4,
014303,小川 達也,A1,79.18,前橋@10/13-10/15;小松島@10/24-10/26;松阪@11/11-11/13;西武園@11/18-11/20,,,27,0,🥺,5.0,
014304,大竹 哲也,A2,84.90,川崎@10/09-10/11;取手@10/19-10/21;岐阜@10/28-10/30;四日市@11/11-11/13;静岡@11/24-11/26,,,21,0,,4.4,
014305,大谷 靖茂,A1,87.81,富山@10/17-10/19;小田原@10/26-10/28;高知@11/07-11/09;名古屋@11/14-11/16,,,32,0,,3.2,
014314,中川 繁樹,A2,86.78,高知@10/17-10/19;名古屋@10/24-10/26;豊橋@11/02-11/04;佐世保@11/11-11/13,静岡,静岡Ｆ２@10/07/6R;静岡Ｆ２@10/08/11R,19,1,,3.2,
014315,西谷 岳文,A2,82.04,奈良@10/14-10/16;松阪@10/21-10/23;宇都宮@10/30-11/01;富山@11/10-11/12;西武園@11/23-11/25,,,21,0,🥺,5.6,
014316,山崎 光展,A3,72.45,大宮@10/12-10/14;名古屋@10/24-10/26;小倉@11/05-11/07;西武園@11/23-11/25,大垣,大垣Ｆ２@10/06/2R;大垣Ｆ２@10/07/1R,33,0,🥺,4.8,
014319,中野 彰人,A3,68.66,奈良@10/09-10/11;富山@10/17-10/19;佐世保@11/11-11/13;名古屋@11/20-11/22,,,3,1,🥺,4.6,
014320,在本 直樹,A2,83.45,四日市@10/21-10/23;松戸@11/09-11/11;松山@11/17-11/19,,,22,0,🥺,4.8,
014321,石坂 永伍,A1,86.80,奈良@10/09-10/11;広島@10/18-10/20;四日市@11/11-11/13;前橋@11/20-11/22;玉野@11/29-12/01,,,25,0,,3.6,
014323,連佛 康浩,A1,79.90,広島@10/18-10/20;岐阜@10/28-10/30;富山@11/15-11/17;玉野@11/23-11/25,,,20,0,,4.0,
014324,内村 竜也,A2,80.71,小倉@10/11-10/13;川崎@10/20-10/22;大垣@10/27-10/29;松山@11/08-11/10;豊橋@11/21-11/23,,,21,0,,4.4,
014326,福島 栄一,A1,89.70,名古屋@10/24-10/26;武雄@11/09-11/11;大垣@11/18-11/20;玉野@11/29-12/01,,,24,0,🚀,1.8,
014328,藤田 洋平,A2,80.35,佐世保@10/18-10/20;豊橋@11/02-11/04;玉野@11/29-12/01,四日,四日Ｆ１@10/07/4R;四日Ｆ１@10/08/2R,20,0,,3.8,
014329,阿部 功,A2,81.40,高知@10/17-10/19;久留米@10/27-10/29;別府@11/15-11/17;松戸@11/26-11/28,大宮,大宮Ｆ１@10/06/3R;大宮Ｆ１@10/07/2R;大宮Ｆ１@10/08/1R,20,0,🥺,5.2,
014331,栗田 貴徳,A1,87.95,別府@10/14-10/16;奈良@10/23-10/25;久留米@11/01-11/03;小田原@11/21-11/23,,,21,0,,3.4,
014332,芳野 匠,A1,84.48,豊橋@10/15-10/17;久留米@10/27-10/29;川崎@11/14-11/16;松山@11/24-11/26,平塚,平塚Ｆ１@10/08/4R,24,0,,3.4,
014333,阿部 兼士,A1,87.45,豊橋@10/15-10/17;大垣@10/27-10/29;佐世保@11/11-11/13;松戸@11/26-11/28,,,24,0,,4.4,
014334,高倉 俊宏,A2,82.77,富山@10/10-10/12;名古屋@10/24-10/26;松戸@11/09-11/11;小松島@11/26-11/28,,,24,0,,3.8,
014335,中園 朋亨,A2,78.52,岐阜@10/10-10/12;別府@10/28-10/30;松山@11/08-11/10;松戸@11/26-11/28,,,19,0,🥺,5.8,
014336,八尋 翔平,A2,85.70,別府@10/28-10/30;青森@11/08-11/10;玉野@11/23-11/25,,,20,0,,3.8,
014339,成松 春樹,A1,95.16,豊橋@10/15-10/17;小田原@10/26-10/28;京王閣@11/05-11/07;別府@11/15-11/17,,,24,0,🚀,3.0,
014340,古川 貴之,A1,86.71,岐阜@10/10-10/12;別府@10/28-10/30;弥彦@11/07-11/09;松山@11/17-11/19,,,18,1,,4.0,
014341,松尾 玄太,A1,84.45,武雄@10/17-10/19;大垣@10/27-10/29;宇都宮@11/08-11/10;小松島@11/16-11/18,,,22,0,🚀,2.4,
014342,南部 亮太,A3,74.55,青森@10/19-10/21;名古屋@10/30-11/01;小松島@11/16-11/18;武雄@11/23-11/25,,,18,0,,3.8,
014344,園田 鉄兵,A2,82.44,熊本@10/12-10/14;小田原@10/20-10/22;別府@11/04-11/06;松山@11/24-11/26,,,18,0,,4.2,
014347,外崎 一成,A2,86.00,取手@10/19-10/21;小田原@10/26-10/28;別府@11/04-11/06;静岡@11/17-11/19,前橋,前橋Ｆ２@10/06/6R;前橋Ｆ２@10/07/5R;前橋Ｆ２@10/08/5R,18,0,🚀,3.0,
014349,佐藤 純嘉,A3,71.00,前橋@10/13-10/15;熊本@10/31-11/02;大宮@11/10-11/12,,,30,0,,3.8,
014351,田口 守,A2,78.07,広島@10/18-10/20;小松島@11/16-11/18;静岡@11/24-11/26,,,26,0,,4.0,
014353,宇佐見 裕輝,A1,86.22,前橋@10/13-10/15;川崎@10/24-10/26;武雄@11/09-11/11;宇都宮@11/17-11/19,,,27,0,,3.4,
014354,大島 将人,A1,85.38,静岡@10/15-10/17;武雄@10/27-10/29;取手@11/04-11/06;名古屋@11/14-11/16,平塚,平塚Ｆ１@10/08/2R,21,0,,3.8,
014357,佐藤 康恭,A3,69.03,川崎@10/09-10/11;大宮@10/22-10/24;福井@11/05-11/07;武雄@11/14-11/16,,,30,0,,4.4,
014359,関根 彰人,A2,84.14,熊本@10/12-10/14;久留米@10/27-10/29;小松島@11/16-11/18;玉野@11/23-11/25,,,21,0,,4.4,
014360,関根 崇人,A3,71.27,大宮@10/12-10/14;取手@10/19-10/21;松戸@10/30-11/01;松山@11/08-11/10;富山@11/26-11/28,,,18,0,🥺,4.6,
014361,真船 圭一郎,A1,93.33,静岡@10/15-10/17;豊橋@11/02-11/04;奈良@11/14-11/16;西武園@11/23-11/25,,,24,0,,3.2,
014362,岩崎 大和,A2,80.66,静岡@10/15-10/17;大宮@10/22-10/24;青森@11/08-11/10;福井@11/25-11/27,大垣,大垣Ｆ２@10/06/7R;大垣Ｆ２@10/07/5R;大垣Ｆ２@10/08/4R,24,0,🥺,4.6,
014363,中川 昌久,A3,70.28,和歌山@10/26-10/28;別府@11/04-11/06;宇都宮@11/17-11/19,,,14,0,🥺,5.2,
014364,野間 司,A2,83.20,いわき平@10/12-10/14;川崎@10/20-10/22;松戸@11/09-11/11;大垣@11/18-11/20,,,24,0,,4.4,
014365,薮田 貴幸,A3,66.14,取手@10/19-10/21;武雄@10/27-10/29;大宮@11/10-11/12;川崎@11/23-11/25,,,7,0,,,
014366,阿久津 浩之,A2,78.75,取手@10/19-10/21;豊橋@11/02-11/04;富山@11/10-11/12;前橋@11/20-11/22,大垣,大垣Ｆ２@10/06/7R;大垣Ｆ２@10/07/6R;大垣Ｆ２@10/08/5R,32,0,,4.4,
014369,中川 拓也,A3,75.82,川崎@10/09-10/11;和歌山@10/26-10/28;武雄@11/14-11/16;小倉@11/28-11/30,,,23,0,🚀,2.0,
014373,鈴木 雄一朗,A3,65.93,大宮@10/22-10/24;宇都宮@10/30-11/01;弥彦@11/07-11/09;奈良@11/22-11/24,高知,高知Ｆ２@10/07/6R;高知Ｆ２@10/08/2R,15,0,🥺,5.2,
014374,屋良 朝春,A2,80.31,熊本@10/12-10/14;佐世保@11/11-11/13;小倉@11/28-11/30,,,22,1,🥺,5.2,
014378,加賀山 淳,A1,91.66,松阪@10/21-10/23;青森@10/29-10/31;宇都宮@11/08-11/10;富山@11/15-11/17,前橋,前橋Ｆ２@10/06/9R;前橋Ｆ２@10/07/8R;前橋Ｆ２@10/08/9R,6,0,,3.8,
014381,吉澤 賢,A3,68.71,青森@10/14-10/16;和歌山@10/26-10/28;福井@11/05-11/07;西武園@11/23-11/25,静岡,静岡Ｆ２@10/07/5R;静岡Ｆ２@10/08/5R,14,0,,,
014382,伊藤 翼,A3,69.16,武雄@10/27-10/29;福井@11/05-11/07;川崎@11/23-11/25,静岡,静岡Ｆ２@10/07/3R;静岡Ｆ２@10/08/2R,30,0,,4.0,
014383,河野 要,A2,83.56,いわき平@10/12-10/14;奈良@10/23-10/25;高知@11/07-11/09;平塚@11/27-11/29,前橋,前橋Ｆ２@10/06/7R;前橋Ｆ２@10/07/3R;前橋Ｆ２@10/08/3R,20,0,,3.8,
014385,山本 淳,A3,75.46,川崎@10/09-10/11;奈良@11/02-11/04;小松島@11/16-11/18,,,30,0,🚀,2.8,
014386,伊藤 拓人,A2,79.00,松阪@10/21-10/23;熊本@11/06-11/08;小田原@11/21-11/23,,,12,0,,,
014387,佐野 恭太,A2,83.77,玉野@10/13-10/15;川崎@10/20-10/22;京王閣@11/05-11/07;名古屋@11/14-11/16;奈良@11/22-11/24,,,22,0,,4.4,
014388,水野 悟志,A3,69.21,富山@10/17-10/19;和歌山@10/26-10/28;奈良@11/02-11/04;玉野@11/12-11/14,,,23,0,🥺,5.4,
014389,村本 慎吾,A3,76.33,前橋@10/21-10/23;熊本@10/31-11/02;小倉@11/28-11/30,大垣,大垣Ｆ２@10/06/4R;大垣Ｆ２@10/07/4R;大垣Ｆ２@10/08/8R,18,1,🚀,3.0,
014390,愛敬 博之,A1,88.72,奈良@10/14-10/16;西武園@10/30-11/01;富山@11/10-11/12;宇都宮@11/17-11/19,静岡,静岡Ｆ２@10/07/9R;静岡Ｆ２@10/08/10R,22,0,,4.2,
014392,北村 篤,A3,75.55,小倉@11/05-11/07;四日市@11/23-11/25,静岡,静岡Ｆ２@10/07/3R;静岡Ｆ２@10/08/4R,27,0,🚀,2.4,
014393,柴田 祐也,A2,80.20,大宮@10/22-10/24;弥彦@10/30-11/01;富山@11/10-11/12;松山@11/24-11/26,,,24,0,,4.2,
014395,竹田 慎一,A3,67.91,奈良@10/09-10/11;取手@10/19-10/21;久留米@10/27-10/29;富山@11/10-11/12;佐世保@11/27-11/29,,,12,0,,,
014400,志水 祐彦,A2,86.64,松阪@10/21-10/23;青森@11/03-11/05;奈良@11/29-12/01,静岡,静岡Ｆ２@10/07/6R;静岡Ｆ２@10/08/6R,14,0,🥺,4.6,
014402,泉谷 直哉,A2,85.72,熊本@10/12-10/14;松阪@10/21-10/23;豊橋@11/02-11/04;松山@11/17-11/19,,,25,0,,4.0,
014403,櫻井 太士,A1,86.71,佐世保@10/18-10/20;弥彦@10/30-11/01;四日市@11/11-11/13;松山@11/24-11/26,,,21,1,,3.8,
014404,岩本 純,A1,89.85,熊本@10/12-10/14;四日市@10/21-10/23;青森@11/08-11/10;別府@11/15-11/17,,,27,0,,3.4,
014407,森 佑樹,A3,68.77,岐阜@10/10-10/12;松山@11/08-11/10;前橋@11/20-11/22,,,27,0,🥺,4.8,
014408,守安 政雄,A2,82.41,岐阜@10/10-10/12;佐世保@10/18-10/20;玉野@11/12-11/14;前橋@11/20-11/22,,,12,0,,,
014410,桶谷 明誉,A1,83.52,武雄@10/17-10/19;青森@10/29-10/31;松戸@11/09-11/11;久留米@11/26-11/28,大宮,大宮Ｆ１@10/06/4R;大宮Ｆ１@10/07/4R;大宮Ｆ１@10/08/4R,17,0,🚀,3.0,
014411,小谷 文康,A2,79.75,小田原@10/26-10/28;豊橋@11/02-11/04;別府@11/15-11/17;小倉@11/28-11/30,,,4,0,🥺,5.0,
014412,宮崎 康司,A2,80.14,豊橋@10/15-10/17;武雄@11/09-11/11;大垣@11/18-11/20,,,27,0,,4.2,
014413,松本 充生,A3,66.66,岐阜@10/10-10/12;川崎@10/20-10/22;名古屋@10/30-11/01;宇都宮@11/08-11/10;武雄@11/23-11/25,,,24,0,🥺,5.8,
014414,是永 幸寛,A1,85.52,岐阜@10/10-10/12;武雄@10/17-10/19;名古屋@10/24-10/26;小倉@11/05-11/07;前橋@11/20-11/22,,,21,0,🚀,3.0,
014415,楢原 由将,A2,81.47,武雄@10/17-10/19;京王閣@10/26-10/28;小倉@11/05-11/07;奈良@11/29-12/01,,,21,0,,4.0,
014416,矢田 晋,A3,66.66,青森@10/19-10/21;福井@11/19-11/21;小倉@11/28-11/30,高知,高知Ｆ２@10/07/7R;高知Ｆ２@10/08/4R,24,0,🥺,6.4,
014418,安部 龍文,A3,75.43,川崎@10/20-10/22;奈良@11/02-11/04;高知@11/17-11/19;佐世保@11/27-11/29,,,30,0,🚀,2.6,
014422,前田 義和,A1,88.55,広島@10/18-10/20;京王閣@10/26-10/28;小倉@11/05-11/07;小田原@11/21-11/23,,,27,0,🚀,2.4,
014424,大澤 哉太,A3,68.23,青森@10/14-10/16;大宮@10/22-10/24;武雄@11/02-11/04;静岡@11/17-11/19,,,26,0,,4.4,
014425,前川 裕希,A3,70.61,いわき平@10/21-10/23;別府@11/04-11/06;玉野@11/12-11/14;川崎@11/23-11/25,,,18,0,🥺,5.2,
014428,鹿内 翔,A1,87.28,川崎@10/24-10/26;取手@11/04-11/06;大垣@11/18-11/20,,,21,0,,3.4,
014429,千澤 大輔,A3,68.28,川崎@10/20-10/22;宇都宮@10/30-11/01;富山@11/10-11/12;奈良@11/22-11/24,大垣,大垣Ｆ２@10/06/4R;大垣Ｆ２@10/07/2R;大垣Ｆ２@10/08/1R,21,0,🥺,6.0,
014430,橋本 祐司,A3,72.80,和歌山@10/26-10/28;大宮@11/10-11/12;宇都宮@11/17-11/19;小倉@11/28-11/30,高知,高知Ｆ２@10/07/1R;高知Ｆ２@10/08/3R,21,0,,3.6,
014432,相澤 恵一,A3,70.57,大宮@10/22-10/24;名古屋@10/30-11/01;松山@11/08-11/10;川崎@11/23-11/25,静岡,静岡Ｆ２@10/07/3R;静岡Ｆ２@10/08/3R,21,0,,4.4,
014433,長田 彰人,A3,67.94,川崎@10/09-10/11;宇都宮@10/30-11/01;小松島@11/16-11/18;佐世保@11/27-11/29,,,17,0,🥺,5.0,
014434,山崎 功也,A3,74.38,防府@10/23-10/25;奈良@11/02-11/04;前橋@11/20-11/22,静岡,静岡Ｆ２@10/07/2R;静岡Ｆ２@10/08/3R,21,0,,4.0,
014438,緑川 修平,A2,81.16,川崎@10/09-10/11;四日市@10/21-10/23;久留米@11/01-11/03;松戸@11/13-11/15,,,24,0,🚀,3.0,
014439,山崎 司,A1,86.91,岐阜@10/28-10/30;大宮@11/04-11/06;奈良@11/29-12/01,静岡,静岡Ｆ２@10/07/7R;静岡Ｆ２@10/08/10R,24,0,🚀,2.4,
014443,堀内 昇,A3,67.55,川崎@10/09-10/11;大宮@10/22-10/24;宇都宮@10/30-11/01;奈良@11/08-11/10;静岡@11/17-11/19;富山@11/26-11/28,,,18,0,🥺,6.2,
014444,星野 辰也,A1,90.20,小田原@10/20-10/22;武雄@10/27-10/29;西武園@11/18-11/20;小倉@11/28-11/30,大垣,大垣Ｆ２@10/06/9R;大垣Ｆ２@10/07/9R;大垣Ｆ２@10/08/6R,21,0,🚀,2.2,
014446,菅藤 智,A3,69.76,川崎@10/09-10/11;宇都宮@10/30-11/01;奈良@11/14-11/16;西武園@11/23-11/25,,,17,0,,4.0,
014447,三木 翔太,A3,71.61,取手@10/19-10/21;前橋@11/20-11/22;佐世保@11/27-11/29,高知,高知Ｆ２@10/07/4R;高知Ｆ２@10/08/4R,18,0,,4.0,
014449,片折 勇輝,A2,79.56,玉野@10/13-10/15;岐阜@10/28-10/30;高知@11/17-11/19;平塚@11/27-11/29,,,23,0,🥺,4.8,
014452,長井 優斗,A1,88.38,京王閣@10/26-10/28;武雄@11/09-11/11;静岡@11/24-11/26,,,18,0,,3.8,
014454,上原 龍,A1,92.17,玉野@10/13-10/15;小田原@10/26-10/28;宇都宮@11/08-11/10;松山@11/24-11/26,,,23,0,,3.6,
014455,小野 裕次,A1,90.73,奈良@10/23-10/25;大宮@11/04-11/06;松阪@11/11-11/13;玉野@11/29-12/01,静岡,静岡Ｆ２@10/07/9R;静岡Ｆ２@10/08/6R,23,1,🚀,3.0,
014456,亀井 久幸,A2,80.91,大垣@10/22-10/24;西武園@10/30-11/01;青森@11/08-11/10;松山@11/24-11/26,静岡,静岡Ｆ２@10/07/6R;静岡Ｆ２@10/08/6R,24,0,,4.4,
014457,北野 良栄,A2,81.52,川崎@10/09-10/11;松阪@10/21-10/23;弥彦@10/30-11/01;松戸@11/13-11/15;名古屋@11/20-11/22,,,21,0,🥺,4.8,
014459,根藤 浩二,A2,86.00,前橋@10/13-10/15;小田原@10/26-10/28;静岡@11/02-11/04;名古屋@11/20-11/22,静岡,静岡Ｆ２@10/07/9R;静岡Ｆ２@10/08/7R,24,0,,3.2,
014460,矢口 大樹,A1,89.05,四日市@10/21-10/23;静岡@11/02-11/04;松阪@11/11-11/13;松山@11/24-11/26,平塚,平塚Ｆ１@10/08/3R,18,0,,,
014461,山中 秀将,A1,88.62,高知@10/17-10/19;弥彦@10/30-11/01;松戸@11/09-11/11;豊橋@11/21-11/23,,,16,0,🥺,5.8,
014463,久保 将史,A3,64.40,富山@10/17-10/19;和歌山@10/26-10/28;福井@11/05-11/07;川崎@11/23-11/25,高知,高知Ｆ２@10/07/4R;高知Ｆ２@10/08/5R,20,0,🥺,4.8,
014464,中西 司,A2,82.83,静岡@10/15-10/17;京王閣@11/05-11/07;奈良@11/14-11/16,,,24,0,,4.2,
014466,二藤 元太,A1,92.33,静岡@10/15-10/17;大垣@10/22-10/24;別府@11/04-11/06;前橋@11/20-11/22,,,18,0,,4.0,
014470,板橋 慎治,A2,79.83,名古屋@10/24-10/26;富山@11/10-11/12;高知@11/17-11/19,,,18,1,,,
014473,重倉 高史,A1,88.29,豊橋@10/15-10/17;久留米@11/01-11/03;松戸@11/09-11/11,,,24,0,,4.0,
014474,山崎 晃,A2,83.34,富山@10/17-10/19;岐阜@10/28-10/30;奈良@11/08-11/10;玉野@11/23-11/25,,,21,0,🥺,5.2,
014475,高間 悠平,A1,91.05,取手@10/19-10/21;大宮@11/04-11/06;福井@11/11-11/13,四日,四日Ｆ１@10/07/5R;四日Ｆ１@10/08/3R,17,0,🥺,4.6,
014476,乾 庄平,A2,83.62,奈良@10/14-10/16;松戸@11/09-11/11;玉野@11/23-11/25,,,29,0,🥺,5.2,
014477,白上 翔,A1,92.09,別府@10/14-10/16;西武園@10/30-11/01;弥彦@11/07-11/09;名古屋@11/14-11/16,静岡,静岡Ｆ２@10/07/11R;静岡Ｆ２@10/08/10R,21,0,,4.0,
014479,金子 浩貴,A2,83.25,富山@10/10-10/12;佐世保@10/18-10/20;松阪@11/11-11/13;奈良@11/22-11/24,,,24,0,,4.4,
014482,松本 琢也,A3,67.65,名古屋@10/24-10/26;熊本@10/31-11/02;高知@11/17-11/19,大垣,大垣Ｆ２@10/06/2R;大垣Ｆ２@10/07/4R;大垣Ｆ２@10/08/3R,23,0,🥺,5.6,
014483,竜門 孝宗,A3,68.66,大宮@10/22-10/24;奈良@11/02-11/04;福井@11/19-11/21,静岡,静岡Ｆ２@10/07/1R;静岡Ｆ２@10/08/2R,24,0,,4.4,
014486,大瀬戸 潤一郎,A1,89.44,川崎@10/20-10/22;弥彦@10/30-11/01;佐世保@11/11-11/13;平塚@11/27-11/29,,,27,0,🚀,3.0,
014487,才迫 勇馬,A3,78.91,四日市@10/16-10/18;名古屋@10/24-10/26;奈良@11/02-11/04;小松島@11/16-11/18,高知,高知Ｆ２@10/07/4R;高知Ｆ２@10/08/5R,24,0,🚀,2.0,
014489,高鍋 邦彰,A2,80.80,熊本@10/12-10/14;弥彦@10/30-11/01;福井@11/11-11/13;大垣@11/18-11/20;久留米@11/26-11/28,,,21,0,🥺,4.6,
014490,永田 隼一,A3,67.00,熊本@10/31-11/02;佐世保@11/27-11/29,,,7,0,,,
014492,飯塚 隼人,A2,80.38,四日市@10/16-10/18;小田原@10/26-10/28;京王閣@11/05-11/07;玉野@11/12-11/14,,,26,0,,4.4,
014494,山崎 翼,A1,83.61,名古屋@10/24-10/26;小田原@11/01-11/03;久留米@11/26-11/28,,,21,0,🚀,3.0,
014495,下沖 功児,A1,88.03,広島@10/18-10/20;静岡@11/02-11/04;小松島@11/16-11/18,,,30,0,,3.8,
014496,天沼 雅貴,A3,68.51,大宮@10/22-10/24;別府@11/04-11/06;武雄@11/14-11/16,静岡,静岡Ｆ２@10/07/3R;静岡Ｆ２@10/08/4R,27,0,🥺,5.6,
014502,相笠 翔太,A2,84.95,川崎@10/20-10/22;武雄@10/27-10/29;京王閣@11/05-11/07;小松島@11/16-11/18;久留米@11/26-11/28,,,24,0,🚀,2.4,
014503,真船 拓磨,A3,69.30,富山@10/17-10/19;静岡@11/17-11/19;小倉@11/28-11/30,高知,高知Ｆ２@10/07/6R;高知Ｆ２@10/08/3R,20,0,,3.8,
014510,菅谷 隆司,A1,89.47,,,,19,1,🚀,2.6,
014513,樋口 絢土,A2,81.00,青森@10/24-10/26;宇都宮@11/17-11/19;松阪@11/26-11/28,平塚,平塚Ｆ１@10/08/3R,16,0,,4.0,
014516,村松 俊弥,A3,70.57,いわき平@10/21-10/23;奈良@11/02-11/04;佐世保@11/27-11/29,,,26,1,,4.2,
014519,湯浅 大輔,A3,76.06,前橋@10/13-10/15;熊本@10/31-11/02;小松島@11/16-11/18,,,30,0,🚀,2.8,
014520,伊藤 彰規,A2,82.75,取手@10/19-10/21;宇都宮@11/17-11/19;松山@11/24-11/26,,,24,0,🥺,4.6,
014522,高橋 佑輔,A2,82.04,松阪@10/21-10/23;弥彦@10/30-11/01;奈良@11/14-11/16;小田原@11/21-11/23,,,24,0,🥺,4.6,
014525,三ッ井 武,A2,88.70,いわき平@10/12-10/14;武雄@11/09-11/11;西武園@11/23-11/25,,,24,0,🚀,2.4,
014526,渡辺 馨,A3,70.12,いわき平@10/21-10/23;松戸@10/30-11/01;宇都宮@11/08-11/10;小松島@11/16-11/18;富山@11/26-11/28,,,25,0,,4.4,
014527,飯田 憲司,A1,89.37,小倉@10/11-10/13;青森@10/24-10/26;取手@11/04-11/06;久留米@11/26-11/28,,,24,0,,3.6,
014528,落合 達彦,A1,87.00,富山@10/17-10/19;京王閣@11/05-11/07;別府@11/15-11/17;松阪@11/26-11/28,大宮,大宮Ｆ１@10/06/3R;大宮Ｆ１@10/07/5R;大宮Ｆ１@10/08/2R,24,0,🚀,3.0,
014530,栗田 雄矢,A1,83.87,静岡@10/15-10/17;熊本@11/06-11/08;宇都宮@11/17-11/19,,,24,0,🥺,5.2,
014532,柴田 竜史,A2,81.41,小田原@10/20-10/22;取手@11/04-11/06;奈良@11/14-11/16,四日,四日Ｆ１@10/07/1R;四日Ｆ１@10/08/2R,24,0,🥺,5.4,
014533,加藤 正法,A2,79.85,奈良@10/14-10/16;松阪@10/21-10/23;名古屋@11/14-11/16;西武園@11/23-11/25,四日,四日Ｆ１@10/07/1R;四日Ｆ１@10/08/1R,21,0,,4.0,
014549,戸伏 康夫,A1,82.85,豊橋@10/15-10/17;久留米@10/27-10/29;小倉@11/05-11/07;松戸@11/26-11/28,,,20,1,🥺,4.8,
014550,龍門 慎太郎,A3,71.40,青森@10/19-10/21;名古屋@10/30-11/01;佐世保@11/11-11/13;福井@11/19-11/21,,,27,0,,3.8,
014555,水木 裕聡,A3,67.42,防府@10/23-10/25;玉野@11/12-11/14;小倉@11/28-11/30,,,21,0,,4.4,
014556,小川 祐司,A2,85.42,岐阜@10/10-10/12;武雄@10/17-10/19;大垣@10/27-10/29;高知@11/07-11/09;川崎@11/14-11/16,,,18,0,,3.6,
014559,田山 誠,A3,68.50,奈良@10/09-10/11;川崎@10/20-10/22;別府@11/04-11/06;佐世保@11/11-11/13,,,24,0,,4.2,
014561,高橋 義秋,A1,89.50,佐世保@10/18-10/20;別府@11/15-11/17;松戸@11/26-11/28,四日,四日Ｆ１@10/07/5R;四日Ｆ１@10/08/5R,24,0,,3.4,
014563,興呂木 雄治,A2,79.47,武雄@10/27-10/29;青森@11/03-11/05;小倉@11/28-11/30,,,23,0,,4.4,
014565,中村 健志,A1,94.62,佐世保@10/18-10/20;熊本@11/06-11/08;奈良@11/29-12/01,,,24,0,🚀,2.0,
014566,安谷屋 将志,A2,82.28,武雄@10/17-10/19;別府@10/28-10/30;玉野@11/12-11/14;小松島@11/26-11/28,,,21,0,🥺,4.8,
014567,仲松 勝太,A2,86.38,広島@10/18-10/20;別府@10/28-10/30;武雄@11/09-11/11;久留米@11/26-11/28,,,21,0,🥺,4.6,
014570,松澤 敬輔,A1,94.71,いわき平@10/12-10/14;西武園@10/30-11/01;奈良@11/08-11/10;前橋@11/20-11/22;玉野@11/29-12/01,,,21,0,🚀,2.0,
014572,赤塚 悠人,A1,83.79,川崎@10/09-10/11;大宮@10/22-10/24;松山@11/08-11/10;松戸@11/26-11/28,,,24,0,,3.8,
014575,鈴木 達也,A2,83.81,武雄@10/17-10/19;熊本@11/06-11/08;川崎@11/14-11/16;玉野@11/29-12/01,大宮,大宮Ｆ１@10/06/1R;大宮Ｆ１@10/07/3R,27,0,🥺,4.8,
014578,大越 啓介,A3,73.93,前橋@10/13-10/15;川崎@10/20-10/22;宇都宮@11/17-11/19;富山@11/26-11/28,高知,高知Ｆ２@10/07/3R;高知Ｆ２@10/08/5R,32,0,,3.8,
014579,齋藤 一茂,A2,84.91,静岡@10/15-10/17;川崎@10/24-10/26;久留米@11/01-11/03;松戸@11/13-11/15;福井@11/25-11/27,,,24,0,,4.2,
014581,佐山 俊樹,A1,86.08,川崎@10/09-10/11;青森@10/24-10/26;豊橋@11/02-11/04;宇都宮@11/17-11/19;松阪@11/26-11/28,,,25,0,,3.2,
014583,吉田 昌弘,A3,73.00,富山@10/17-10/19;武雄@10/27-10/29;別府@11/04-11/06;前橋@11/20-11/22,,,11,0,,3.6,
014584,井上 嵩,A2,77.57,静岡@10/15-10/17;京王閣@10/26-10/28;取手@11/04-11/06;小倉@11/28-11/30,,,21,0,🥺,5.4,
014586,近藤 寛央,A2,85.14,いわき平@10/12-10/14;奈良@10/23-10/25;熊本@11/06-11/08;静岡@11/17-11/19;小倉@11/28-11/30,,,21,0,🥺,5.0,
014587,鈴木 謙二,A1,84.08,奈良@10/14-10/16;青森@10/24-10/26;別府@11/04-11/06;松戸@11/13-11/15;富山@11/26-11/28,前橋,前橋Ｆ２@10/06/6R;前橋Ｆ２@10/07/6R;前橋Ｆ２@10/08/2R,24,0,,3.6,
014589,西巻 秀太,A3,71.33,大宮@10/12-10/14;武雄@11/02-11/04;富山@11/10-11/12;小倉@11/28-11/30,,,24,0,🥺,4.8,
014590,近藤 夏樹,A1,91.16,いわき平@10/12-10/14;大垣@10/22-10/24;西武園@10/30-11/01;松山@11/08-11/10;平塚@11/27-11/29,,,24,0,,3.6,
014591,本多 哲也,A1,88.85,前橋@10/13-10/15;川崎@10/24-10/26;四日市@11/11-11/13;静岡@11/24-11/26,,,21,0,,3.4,
014594,太田 剛司,A1,91.91,奈良@10/09-10/11;四日市@10/21-10/23;岐阜@10/28-10/30;名古屋@11/14-11/16;松阪@11/26-11/28,,,12,1,🚀,3.0,
014595,瀧本 匡平,A3,69.48,大宮@10/12-10/14;取手@10/19-10/21;奈良@11/02-11/04;西武園@11/23-11/25,大垣,大垣Ｆ２@10/06/2R,29,0,,4.4,
014596,中村 賢二,A2,79.79,豊橋@10/15-10/17;大垣@10/22-10/24;川崎@11/14-11/16;静岡@11/24-11/26,,,29,0,🥺,5.0,
014597,上田 隼,A2,85.14,豊橋@10/15-10/17;名古屋@11/14-11/16;小田原@11/21-11/23,静岡,静岡Ｆ２@10/07/7R;静岡Ｆ２@10/08/9R,21,0,,4.0,
014598,岡崎 祥伍,A2,80.80,岐阜@10/10-10/12;広島@10/18-10/20;奈良@11/08-11/10;松阪@11/26-11/28,,,21,0,🥺,4.6,
014600,山田 祥明,A1,83.38,岐阜@10/10-10/12;熊本@11/06-11/08;富山@11/15-11/17,,,18,1,,4.4,
014601,小竹 洋平,A1,86.54,熊本@10/12-10/14;川崎@10/20-10/22;高知@11/07-11/09;豊橋@11/21-11/23,,,24,0,🥺,4.6,
014603,佐野 洋継,A2,79.04,玉野@10/13-10/15;大垣@10/22-10/24;小倉@11/05-11/07;西武園@11/23-11/25,,,23,0,🥺,6.0,
014610,山村 慮太,A3,76.21,いわき平@10/21-10/23;名古屋@10/30-11/01;奈良@11/08-11/10;福井@11/19-11/21,,,32,0,,3.8,
014612,工藤 文彦,A1,88.37,熊本@10/12-10/14;武雄@11/09-11/11;小松島@11/26-11/28,,,24,0,,3.6,
014614,高橋 清太郎,A1,86.95,奈良@10/14-10/16;川崎@10/20-10/22;小田原@11/01-11/03;小倉@11/28-11/30,,,24,0,,3.2,
014615,藤原 亮太,A2,80.29,青森@10/29-10/31;松山@11/08-11/10;広島@11/22-11/24,平塚,平塚Ｆ１@10/08/3R,24,0,,3.8,
014619,木村 浩宣,A1,88.73,玉野@10/13-10/15;名古屋@10/24-10/26;京王閣@11/05-11/07;別府@11/15-11/17;玉野@11/23-11/25,,,20,0,,4.0,
014620,二條 祐也,A1,85.04,豊橋@10/15-10/17;別府@10/28-10/30;京王閣@11/05-11/07;高知@11/17-11/19,,,24,0,,4.0,
014623,飯田 裕次,A1,87.28,川崎@10/20-10/22;別府@10/28-10/30;高知@11/07-11/09;富山@11/15-11/17,,,21,0,🚀,3.0,
014625,藤野 貴章,A2,81.66,松山@11/08-11/10;西武園@11/18-11/20,四日,四日Ｆ１@10/07/4R;四日Ｆ１@10/08/4R,18,0,🥺,5.2,
014630,利根 正明,A1,87.54,佐世保@10/18-10/20;豊橋@11/02-11/04;玉野@11/23-11/25,平塚,平塚Ｆ１@10/08/4R,24,0,,4.2,
014634,寺崎 祐樹,A1,87.33,広島@10/18-10/20;久留米@11/01-11/03;小田原@11/21-11/23,,,24,0,,3.6,
014637,吉成 貴博,A2,81.54,武雄@10/17-10/19;名古屋@10/24-10/26;小田原@11/21-11/23;玉野@11/29-12/01,,,24,0,🥺,5.8,
014638,川又 裕樹,A2,84.88,豊橋@10/15-10/17;京王閣@10/26-10/28;玉野@11/12-11/14;奈良@11/22-11/24,,,27,0,🚀,2.8,
014643,菅原 洋輔,A3,69.00,大宮@10/12-10/14;川崎@10/20-10/22;名古屋@10/30-11/01;奈良@11/08-11/10;前橋@11/20-11/22,,,24,0,🥺,5.2,
014644,高橋 明久,A3,72.45,川崎@10/09-10/11;和歌山@10/26-10/28;武雄@11/02-11/04;宇都宮@11/17-11/19,,,20,1,🚀,2.4,
014646,三浦 雄大,A1,93.68,いわき平@10/12-10/14;富山@11/10-11/12;松戸@11/26-11/28,,,22,1,,3.6,
014650,佐藤 裕輝,A3,65.06,青森@10/19-10/21;武雄@10/27-10/29;富山@11/10-11/12;西武園@11/23-11/25,,,15,0,🥺,6.0,
014651,須永 勝太,A2,83.23,小倉@10/11-10/13;大宮@10/22-10/24;四日市@11/11-11/13;平塚@11/27-11/29,,,26,0,,4.0,
014652,原 清孝,A3,70.37,武雄@10/09-10/11;久留米@10/27-10/29;佐世保@11/11-11/13;小倉@11/28-11/30,,,24,0,,3.8,
014654,舘 真成,A2,87.50,青森@10/24-10/26;松戸@11/13-11/15;福井@11/25-11/27,,,10,0,,,
014657,野中 祐志,A1,92.28,いわき平@10/12-10/14;大垣@10/22-10/24;京王閣@11/05-11/07;小松島@11/16-11/18,,,21,0,,3.8,
014658,馬場 和広,A1,91.70,取手@10/19-10/21;西武園@10/30-11/01;奈良@11/08-11/10;小田原@11/21-11/23,,,24,0,🚀,2.6,
014662,櫻井 宏樹,A3,69.87,熊本@10/31-11/02;奈良@11/14-11/16;武雄@11/23-11/25,,,24,0,,4.2,
014665,小峰 烈,A1,81.75,いわき平@10/12-10/14;青森@10/24-10/26;静岡@11/02-11/04;名古屋@11/14-11/16;広島@11/22-11/24,,,24,0,🥺,4.8,
014666,等々力 久就,A3,70.61,大宮@10/12-10/14;前橋@10/21-10/23;弥彦@11/07-11/09;武雄@11/14-11/16;西武園@11/23-11/25,,,21,0,,4.4,
014667,藤本 龍也,A3,71.05,前橋@10/13-10/15;川崎@10/20-10/22;宇都宮@11/08-11/10;静岡@11/17-11/19;小倉@11/28-11/30,大垣,大垣Ｆ２@10/06/3R;大垣Ｆ２@10/07/3R;大垣Ｆ２@10/08/8R,18,0,🚀,2.8,
014669,植木 和広,A1,86.90,静岡@10/15-10/17;宇都宮@11/08-11/10;富山@11/26-11/28,平塚,平塚Ｆ１@10/08/4R,22,0,,3.2,
014671,山田 裕哉,A2,87.57,奈良@10/09-10/11;青森@10/29-10/31;松阪@11/11-11/13;静岡@11/24-11/26,,,21,0,,3.8,
014672,吉田 茂生,A1,92.41,大垣@10/22-10/24;高知@11/17-11/19;富山@11/26-11/28,,,17,0,🚀,2.8,
014673,松田 大,A1,84.70,岐阜@10/28-10/30;小倉@11/05-11/07;富山@11/15-11/17;小松島@11/26-11/28,大垣,大垣Ｆ２@10/06/8R;大垣Ｆ２@10/07/9R;大垣Ｆ２@10/08/6R,24,0,🥺,4.8,
014674,丹波 孝佑,A1,86.29,広島@10/18-10/20;小田原@11/01-11/03;名古屋@11/20-11/22;平塚@11/27-11/29,大垣,大垣Ｆ２@10/06/5R;大垣Ｆ２@10/07/8R;大垣Ｆ２@10/08/7R,24,0,,4.0,
014676,柳原 司,A2,84.58,別府@10/14-10/16;大宮@10/22-10/24;西武園@10/30-11/01;奈良@11/08-11/10;大垣@11/18-11/20,,,24,0,🥺,4.6,
014678,樋口 有樹郎,A3,70.32,大宮@10/22-10/24;名古屋@10/30-11/01;福井@11/19-11/21;佐世保@11/27-11/29,,,31,0,,3.2,
014679,小玉 拓真,A1,96.80,熊本@10/12-10/14;名古屋@10/24-10/26;静岡@11/02-11/04;高知@11/17-11/19;小倉@11/28-11/30,,,21,0,🚀,1.2,
014684,松本 卓也,A1,87.81,小倉@10/11-10/13;川崎@10/20-10/22;四日市@11/11-11/13;広島@11/22-11/24,,,16,0,,,
014686,秋永 昂人,A3,70.57,武雄@10/09-10/11;川崎@10/20-10/22;名古屋@10/30-11/01;宇都宮@11/08-11/10;前橋@11/20-11/22,,,26,0,,4.2,
014687,井上 将志,A2,81.95,富山@10/10-10/12;佐世保@10/18-10/20;松戸@11/09-11/11;小松島@11/16-11/18,,,21,0,🥺,4.8,
014688,西田 大志,A1,89.37,小田原@10/20-10/22;静岡@11/02-11/04;玉野@11/23-11/25,,,27,0,🚀,2.8,
014690,好永 晃,A1,87.19,四日市@10/16-10/18;武雄@10/27-10/29;松山@11/08-11/10;大垣@11/18-11/20,,,21,0,,3.8,
014693,高田 大輔,A3,68.59,名古屋@10/24-10/26;玉野@11/12-11/14;奈良@11/22-11/24,,,22,0,🥺,4.6,
014694,前島 恭平,A3,65.24,川崎@10/09-10/11;防府@10/23-10/25;別府@11/04-11/06;武雄@11/14-11/16,,,25,0,🥺,6.8,
014695,山口 茂,A2,79.62,青森@10/24-10/26;松戸@11/09-11/11;名古屋@11/20-11/22,,,24,0,🥺,4.6,
014697,相川 巧,A3,67.50,川崎@10/09-10/11;いわき平@10/21-10/23;奈良@11/02-11/04;大宮@11/10-11/12,,,26,0,🥺,4.8,
014699,小川 大地,A3,76.03,四日市@10/16-10/18;久留米@10/27-10/29;小倉@11/05-11/07;佐世保@11/27-11/29,大垣,大垣Ｆ２@10/06/3R,27,0,🚀,2.8,
014703,一ノ瀬 貴将,A2,79.19,豊橋@10/15-10/17;大宮@10/22-10/24;武雄@11/09-11/11;松山@11/17-11/19,,,26,0,🥺,5.8,
014704,阿部 充宏,A2,83.38,岐阜@10/10-10/12;武雄@10/17-10/19;青森@11/03-11/05;広島@11/22-11/24,,,13,0,,,
014705,沢田 勇治,A3,71.78,岐阜@10/10-10/12;名古屋@10/24-10/26;小倉@11/05-11/07;福井@11/19-11/21,,,32,0,🥺,5.4,
014707,飯塚 直人,A2,81.75,佐世保@10/18-10/20;武雄@10/27-10/29;宇都宮@11/08-11/10;松山@11/17-11/19,大宮,大宮Ｆ１@10/06/1R;大宮Ｆ１@10/07/1R;大宮Ｆ１@10/08/2R,20,0,,4.2,
014709,松岡 孝高,A1,85.85,小倉@10/11-10/13;岐阜@10/28-10/30;青森@11/08-11/10;広島@11/22-11/24,,,21,0,,4.2,
014711,相澤 政宏,A1,91.38,青森@10/24-10/26;別府@11/04-11/06;川崎@11/14-11/16;豊橋@11/21-11/23,四日,四日Ｆ１@10/07/5R;四日Ｆ１@10/08/4R,21,0,,3.2,
014713,鈴木 裕斗,A2,77.85,松阪@10/21-10/23;岐阜@10/28-10/30;富山@11/10-11/12;西武園@11/23-11/25,平塚,平塚Ｆ１@10/08/1R,21,0,🥺,6.0,
014714,橋本 智昭,A1,94.77,小倉@10/11-10/13;大宮@10/22-10/24;静岡@11/17-11/19;富山@11/26-11/28,,,22,0,,3.6,
014715,高橋 幸司,A1,85.96,高知@10/17-10/19;武雄@10/27-10/29;松山@11/08-11/10;広島@11/22-11/24,,,27,0,,4.0,
014716,猪狩 祐樹,A1,92.80,前橋@10/13-10/15;小田原@10/26-10/28;取手@11/04-11/06;奈良@11/14-11/16,,,21,0,,4.2,
014717,泉 文人,A2,86.31,いわき平@10/12-10/14;小松島@10/24-10/26;取手@11/04-11/06;玉野@11/12-11/14,,,22,0,,3.4,
014719,佐川 拓也,A3,68.31,いわき平@10/21-10/23;奈良@11/08-11/10;西武園@11/23-11/25,,,16,0,🥺,5.0,
014728,三好 恵一郎,A1,93.15,武雄@10/17-10/19;青森@10/24-10/26;大宮@11/04-11/06;豊橋@11/21-11/23,平塚,平塚Ｆ１@10/08/5R,20,0,,3.6,
014731,山崎 輝夫,A1,88.71,川崎@10/09-10/11;大垣@10/22-10/24;宇都宮@11/08-11/10;富山@11/26-11/28,,,21,0,🚀,3.0,
014732,和田 禎嗣,A2,80.75,小田原@10/20-10/22;宇都宮@10/30-11/01;松阪@11/11-11/13;西武園@11/18-11/20,,,20,0,🥺,5.2,
014734,長沼 謙太,A1,82.87,川崎@10/24-10/26;京王閣@11/05-11/07;小松島@11/16-11/18;平塚@11/27-11/29,,,16,0,,4.4,
014735,今村 俊雄,A3,71.50,青森@10/14-10/16;前橋@10/21-10/23;熊本@10/31-11/02;奈良@11/14-11/16;西武園@11/23-11/25,,,14,0,🥺,4.8,
014737,河上 陽一,A2,82.83,川崎@10/09-10/11;大垣@10/22-10/24;福井@11/11-11/13;前橋@11/20-11/22,,,24,0,,4.0,
014738,櫻川 雅彦,A3,72.75,青森@10/19-10/21;福井@11/05-11/07;小倉@11/28-11/30,,,16,0,🚀,3.0,
014739,里見 恒平,A3,78.33,防府@10/23-10/25;別府@11/04-11/06;玉野@11/12-11/14;奈良@11/22-11/24,高知,高知Ｆ２@10/07/2R;高知Ｆ２@10/08/6R,6,0,,,
014740,須藤 悟,A1,92.00,富山@10/10-10/12;静岡@11/02-11/04;小松島@11/16-11/18,,,27,0,🚀,3.0,
014742,河野 淳吾,A2,79.90,青森@10/24-10/26;豊橋@11/02-11/04;静岡@11/24-11/26,,,21,0,🥺,5.2,
014743,鈴木 広人,A3,71.29,青森@10/19-10/21;宇都宮@10/30-11/01;松山@11/08-11/10;武雄@11/23-11/25,大垣,大垣Ｆ２@10/06/1R;大垣Ｆ２@10/07/4R;大垣Ｆ２@10/08/8R,34,0,,4.0,
014747,猪俣 康一,A1,84.28,岐阜@10/10-10/12;弥彦@10/30-11/01;奈良@11/08-11/10;別府@11/15-11/17,,,21,0,,4.2,
014748,山口 智弘,A1,89.65,小松島@10/24-10/26;名古屋@11/14-11/16;奈良@11/22-11/24,,,26,0,🚀,3.0,
014749,山田 哲也,A2,84.00,熊本@10/12-10/14;大宮@11/04-11/06;大垣@11/18-11/20,,,28,0,,3.6,
014753,山田 純也,A2,78.52,大宮@10/22-10/24;宇都宮@10/30-11/01;名古屋@11/14-11/16;松阪@11/26-11/28,大垣,大垣Ｆ２@10/06/4R,21,0,🥺,6.0,
014755,奥出 健士郎,A2,77.96,豊橋@10/15-10/17;宇都宮@10/30-11/01;富山@11/15-11/17;西武園@11/23-11/25,,,27,0,🥺,4.6,
014758,中野 智公,A2,82.76,豊橋@10/15-10/17;奈良@10/23-10/25;大宮@11/04-11/06;名古屋@11/14-11/16;富山@11/26-11/28,,,21,0,🥺,5.2,
014765,樫村 伸平,A3,69.62,武雄@10/09-10/11;名古屋@10/24-10/26;熊本@10/31-11/02;奈良@11/14-11/16;四日市@11/23-11/25,,,16,0,,4.4,
014772,細田 純平,A3,72.17,青森@10/14-10/16;前橋@10/21-10/23;奈良@11/02-11/04;高知@11/17-11/19,,,29,0,🚀,1.8,
014774,阿部 弘,A3,71.00,名古屋@10/24-10/26;大宮@11/10-11/12;高知@11/17-11/19,,,24,0,,4.0,
014775,小原 周祐,A1,93.93,奈良@10/09-10/11;武雄@10/17-10/19;高知@11/07-11/09;小松島@11/16-11/18,,,15,0,🚀,2.2,
014776,川上 修平,A3,73.91,奈良@10/09-10/11;青森@10/19-10/21;別府@11/04-11/06;福井@11/19-11/21,,,23,0,,4.2,
014777,竹村 達也,A3,63.33,青森@10/19-10/21;久留米@10/27-10/29;弥彦@11/07-11/09;四日市@11/23-11/25,高知,高知Ｆ２@10/07/3R;高知Ｆ２@10/08/1R,18,0,🥺,6.8,
014778,宮崎 一彰,A3,76.59,奈良@10/09-10/11;名古屋@10/24-10/26;別府@11/04-11/06;武雄@11/14-11/16,,,22,1,🚀,2.2,
014779,名川 豊,A1,89.79,熊本@10/12-10/14;名古屋@10/24-10/26;久留米@11/01-11/03;前橋@11/20-11/22,,,24,0,🚀,2.2,
014780,古川 大輔,A3,72.22,奈良@10/09-10/11;熊本@10/31-11/02;武雄@11/23-11/25,,,27,0,,3.6,
014781,船倉 卓郎,A3,75.86,四日市@10/16-10/18;名古屋@10/24-10/26;福井@11/19-11/21;佐世保@11/27-11/29,,,22,0,🚀,1.8,
014782,山口 幸太郎,A2,80.86,武雄@10/17-10/19;久留米@10/27-10/29;佐世保@11/11-11/13;前橋@11/20-11/22,四日,四日Ｆ１@10/07/4R;四日Ｆ１@10/08/2R,23,0,🥺,5.0,
014783,魚屋 周成,A2,86.09,豊橋@10/15-10/17;奈良@10/23-10/25;小田原@11/01-11/03;小倉@11/28-11/30,,,21,0,,3.4,
014784,萱島 大介,A2,83.83,岐阜@10/10-10/12;小田原@10/26-10/28;青森@11/03-11/05;別府@11/15-11/17;松戸@11/26-11/28,,,24,0,,4.4,
014787,瀬口 匠,A3,74.44,青森@10/19-10/21;武雄@11/14-11/16;四日市@11/23-11/25,高知,高知Ｆ２@10/07/6R;高知Ｆ２@10/08/6R,27,0,,3.2,
014788,上吹越 俊一,A1,83.77,川崎@10/20-10/22;別府@10/28-10/30;大宮@11/04-11/06;玉野@11/23-11/25,,,18,0,,4.2,
014789,茅野 寛史,A1,80.00,奈良@10/09-10/11;四日市@10/16-10/18;武雄@10/27-10/29;京王閣@11/05-11/07;玉野@11/12-11/14,,,18,0,🥺,5.2,
014796,保科 千春,A1,90.76,奈良@10/14-10/16;大垣@10/22-10/24;青森@11/08-11/10;名古屋@11/20-11/22,静岡,静岡Ｆ２@10/07/11R;静岡Ｆ２@10/08/9R,21,2,🥺,5.6,
014797,佐々木 吉徳,A1,85.33,川崎@10/09-10/11;高知@10/17-10/19;小田原@11/01-11/03;奈良@11/08-11/10,,,27,0,,4.2,
014801,山本 恵介,A1,85.93,取手@10/19-10/21;武雄@10/27-10/29;松阪@11/11-11/13;平塚@11/27-11/29,,,16,0,🥺,5.0,
014802,渡邉 正人,A3,70.65,防府@10/23-10/25;熊本@10/31-11/02;静岡@11/17-11/19,,,20,0,,3.4,
014805,吉田 元輝,A2,89.16,いわき平@10/12-10/14;四日市@10/21-10/23;大宮@11/04-11/06;福井@11/11-11/13,,,25,1,,3.4,
014807,福田 拓也,A1,94.33,川崎@10/20-10/22;青森@10/29-10/31;名古屋@11/14-11/16;平塚@11/27-11/29,,,21,0,🚀,3.0,
014808,村上 貴彦,A3,75.91,富山@10/17-10/19;松戸@10/30-11/01;奈良@11/08-11/10;静岡@11/17-11/19,,,24,0,,3.8,
014810,小川 辰徳,A3,69.28,青森@10/14-10/16;武雄@11/02-11/04;玉野@11/12-11/14,静岡,静岡Ｆ２@10/07/5R;静岡Ｆ２@10/08/1R,28,0,,3.8,
014813,新井 僚太郎,A2,85.50,高知@10/17-10/19;奈良@11/08-11/10;富山@11/15-11/17;松戸@11/26-11/28,前橋,前橋Ｆ２@10/06/5R;前橋Ｆ２@10/07/7R;前橋Ｆ２@10/08/6R,26,0,🚀,2.4,
014816,齋藤 宗徳,A2,81.36,前橋@10/13-10/15;川崎@10/24-10/26;取手@11/04-11/06;久留米@11/26-11/28,,,25,0,,3.8,
014818,田口 裕一,A1,87.82,静岡@10/15-10/17;青森@10/24-10/26;松戸@11/13-11/15;松阪@11/26-11/28,前橋,前橋Ｆ２@10/06/4R;前橋Ｆ２@10/07/7R;前橋Ｆ２@10/08/9R,23,1,,4.2,
014819,太刀川 一成,A1,91.22,前橋@10/13-10/15;青森@11/08-11/10;富山@11/26-11/28,大垣,大垣Ｆ２@10/06/9R;大垣Ｆ２@10/07/8R;大垣Ｆ２@10/08/7R,24,0,🚀,2.8,
014820,中井 勇介,A1,88.80,松阪@10/21-10/23;四日市@11/11-11/13;小田原@11/21-11/23,,,2,0,,,
014821,原岡 泰志郎,A2,87.88,前橋@10/13-10/15;川崎@10/24-10/26;宇都宮@11/08-11/10;小松島@11/16-11/18,,,18,0,,3.2,
014822,関根 健太郎,A1,88.95,静岡@10/15-10/17;岐阜@10/28-10/30;宇都宮@11/17-11/19;奈良@11/29-12/01,,,22,1,,4.4,
014823,渡辺 聖,A2,81.58,富山@10/10-10/12;松戸@11/09-11/11;静岡@11/17-11/19,,,24,0,🥺,4.8,
014826,菅原 裕太,A1,95.91,青森@10/24-10/26;京王閣@11/05-11/07;広島@11/22-11/24,静岡,静岡Ｆ２@10/07/11R;静岡Ｆ２@10/08/11R,24,0,🚀,1.8,
014828,川口 聖翔,A2,78.91,大垣@10/22-10/24;西武園@10/30-11/01;奈良@11/08-11/10;松阪@11/26-11/28,大宮,大宮Ｆ１@10/06/3R;大宮Ｆ１@10/07/1R;大宮Ｆ１@10/08/1R,23,0,🥺,5.2,
014829,桜井 雄太,A3,75.53,武雄@10/09-10/11;いわき平@10/21-10/23;福井@11/05-11/07;四日市@11/23-11/25,,,30,0,,3.6,
014832,宮西 翼,A2,79.77,四日市@10/16-10/18;名古屋@10/24-10/26;小田原@11/01-11/03;富山@11/10-11/12;小松島@11/26-11/28,,,15,0,🥺,5.2,
014840,石貞 有基,A3,71.58,四日市@10/16-10/18;奈良@11/02-11/04;大宮@11/10-11/12;名古屋@11/20-11/22,,,12,0,,,
014841,井上 将志,A2,79.16,四日市@10/21-10/23;富山@11/10-11/12;高知@11/17-11/19,,,18,0,🥺,5.0,
014842,川本 琢也,A3,72.19,武雄@10/09-10/11;四日市@10/16-10/18;名古屋@10/30-11/01;佐世保@11/11-11/13;川崎@11/23-11/25,,,21,0,,4.0,
014843,峰重 祐之介,A2,84.46,奈良@10/09-10/11;名古屋@10/24-10/26;高知@11/07-11/09;平塚@11/27-11/29,,,28,0,🚀,2.4,
014844,三登 誉哲,A3,64.93,青森@10/14-10/16;前橋@10/21-10/23;名古屋@10/30-11/01;佐世保@11/11-11/13;武雄@11/23-11/25,,,16,0,🥺,4.6,
014845,表原 周,A1,85.85,富山@10/10-10/12;小倉@11/05-11/07;豊橋@11/21-11/23,,,35,1,,3.6,
014849,宗崎 世連,A1,91.00,熊本@10/12-10/14;奈良@10/23-10/25;玉野@11/12-11/14;小田原@11/21-11/23,,,14,0,,,
014850,岡田 啓渡,A2,88.03,青森@10/29-10/31;宇都宮@11/08-11/10;別府@11/15-11/17,,,27,0,🚀,2.6,
014851,横内 裕人,A2,83.38,熊本@10/12-10/14;四日市@10/21-10/23;静岡@11/02-11/04;玉野@11/12-11/14;豊橋@11/21-11/23,,,21,0,🥺,5.0,
014853,中山 敬太郎,A3,63.00,川崎@10/20-10/22;奈良@11/02-11/04;四日市@11/23-11/25,,,2,0,,,
014855,東 隆之,A3,69.13,名古屋@10/24-10/26;武雄@11/02-11/04;四日市@11/23-11/25,高知,高知Ｆ２@10/07/5R;高知Ｆ２@10/08/4R,22,0,🥺,5.6,
014858,小原 唯志,A1,89.82,川崎@10/20-10/22;京王閣@11/05-11/07;奈良@11/14-11/16;富山@11/26-11/28,,,29,0,,3.6,
014859,小林 申太,A2,86.59,静岡@10/15-10/17;京王閣@11/05-11/07;玉野@11/12-11/14,,,27,0,🥺,4.8,
014862,坂本 将太郎,A1,87.50,富山@10/10-10/12;取手@11/04-11/06;四日市@11/11-11/13,,,24,0,🚀,3.0,
014866,櫻井 利之,A3,71.11,青森@10/14-10/16;武雄@11/02-11/04;富山@11/10-11/12,,,17,0,🚀,3.0,
014867,巴 直也,A1,84.90,いわき平@10/12-10/14;小松島@10/24-10/26;川崎@11/14-11/16;奈良@11/22-11/24,,,10,0,,4.2,
014868,小林 寛弥,A3,68.54,川崎@10/20-10/22;大宮@11/10-11/12;静岡@11/17-11/19,高知,高知Ｆ２@10/07/7R;高知Ｆ２@10/08/1R,24,0,,4.0,
014869,泉谷 元樹,A2,87.88,松阪@10/21-10/23;小田原@11/01-11/03;玉野@11/29-12/01,,,9,0,,,
014872,玉村 元気,A3,71.00,前橋@10/21-10/23;熊本@10/31-11/02;武雄@11/14-11/16,高知,高知Ｆ２@10/07/1R;高知Ｆ２@10/08/3R,6,0,,3.8,
014876,冨尾 享平,A1,80.22,玉野@10/13-10/15;久留米@10/27-10/29;別府@11/04-11/06;前橋@11/20-11/22,,,18,0,🥺,5.6,
014880,野見 泰要,A3,70.36,久留米@10/27-10/29;別府@11/04-11/06;武雄@11/14-11/16;川崎@11/23-11/25,高知,高知Ｆ２@10/07/2R;高知Ｆ２@10/08/2R,36,0,,3.8,
014884,友永 龍介,A3,67.29,防府@10/23-10/25;松戸@10/30-11/01;高知@11/17-11/19;小倉@11/28-11/30,,,24,0,🥺,5.0,
014885,戸田 康平,A3,77.80,青森@10/14-10/16;防府@10/23-10/25;武雄@11/02-11/04;佐世保@11/11-11/13,,,21,0,🚀,2.4,
014887,板崎 佑矢,A2,81.59,名古屋@10/24-10/26;武雄@11/09-11/11;小田原@11/21-11/23,,,27,0,🥺,5.2,
014891,小岩 哲也,A2,82.29,佐世保@10/18-10/20;久留米@11/01-11/03;川崎@11/14-11/16;小倉@11/28-11/30,,,27,0,,4.2,
014931,横田 政直,A3,68.45,青森@10/19-10/21;武雄@11/02-11/04;佐世保@11/27-11/29,,,24,0,🥺,5.2,
014932,浦野 慈生,A3,67.87,川崎@10/20-10/22;武雄@10/27-10/29;別府@11/04-11/06;玉野@11/12-11/14,,,24,1,,3.8,
014933,奥原 亨,A2,88.34,川崎@10/24-10/26;宇都宮@11/08-11/10;大垣@11/18-11/20,,,26,0,,4.2,
014934,渋谷 錬,A1,88.63,小田原@10/26-10/28;青森@11/03-11/05;富山@11/10-11/12,,,19,1,🚀,2.6,
014937,田中 誇士,A2,84.44,川崎@10/20-10/22;青森@11/03-11/05;久留米@11/26-11/28,前橋,前橋Ｆ２@10/06/8R;前橋Ｆ２@10/07/6R;前橋Ｆ２@10/08/7R,18,0,,3.4,
014938,夏目 新吾,A2,83.77,玉野@10/13-10/15;大垣@10/22-10/24;西武園@10/30-11/01;松戸@11/13-11/15;広島@11/22-11/24,,,18,0,,3.6,
014941,江端 隆司,A2,79.95,佐世保@10/18-10/20;弥彦@11/07-11/09;川崎@11/14-11/16,静岡,静岡Ｆ２@10/07/7R;静岡Ｆ２@10/08/7R,21,0,🥺,4.6,
014948,斎藤 敦,A3,68.56,大宮@10/12-10/14;宇都宮@10/30-11/01;富山@11/10-11/12;四日市@11/23-11/25,,,23,0,🥺,4.6,
014949,石口 慶多,A1,85.80,玉野@10/13-10/15;小田原@10/20-10/22;弥彦@10/30-11/01;佐世保@11/11-11/13;大垣@11/18-11/20,,,20,0,🥺,4.8,
014950,市村 昌樹,A1,84.87,豊橋@10/15-10/17;京王閣@10/26-10/28;武雄@11/09-11/11;宇都宮@11/17-11/19,四日,四日Ｆ１@10/07/1R;四日Ｆ１@10/08/3R,24,0,,3.6,
014951,後藤 祐貴,A2,82.75,富山@10/17-10/19;宇都宮@10/30-11/01;松戸@11/09-11/11;高知@11/17-11/19,,,24,0,,4.4,
014952,多田 晃紀,A1,91.29,豊橋@10/15-10/17;青森@10/29-10/31;松山@11/08-11/10;松阪@11/26-11/28,,,27,0,🚀,2.8,
014953,和田 誠寿,A1,89.58,四日市@10/16-10/18;大垣@10/27-10/29;宇都宮@11/08-11/10;小松島@11/26-11/28,,,24,0,🥺,4.8,
014954,日野 博幸,A1,89.15,佐世保@10/18-10/20;京王閣@10/26-10/28;高知@11/07-11/09;川崎@11/14-11/16;小松島@11/26-11/28,,,20,0,🚀,2.6,
014958,新納 大輝,A1,,,,,0,0,,,
014979,黒川 渉,A3,70.20,奈良@10/09-10/11;四日市@10/16-10/18;小倉@11/05-11/07;福井@11/19-11/21;佐世保@11/27-11/29,,,10,0,,4.0,
014980,田原 宥明,A2,88.88,小田原@10/26-10/28;大宮@11/04-11/06;富山@11/15-11/17,,,25,0,,4.4,
014981,磯島 康祐,A1,91.95,武雄@10/27-10/29;四日市@11/11-11/13;西武園@11/18-11/20,,,24,0,,4.0,
014984,會澤 龍,A1,87.37,静岡@10/15-10/17;小田原@10/26-10/28;奈良@11/14-11/16;松戸@11/26-11/28,,,24,0,🚀,3.0,
014985,竹山 慶太,A1,81.53,静岡@10/15-10/17;小松島@10/24-10/26;京王閣@11/05-11/07;富山@11/15-11/17,,,15,0,🥺,5.4,
014986,三浦 綾,A3,69.96,前橋@10/21-10/23;富山@11/10-11/12;名古屋@11/20-11/22;佐世保@11/27-11/29,,,27,0,,4.4,
014987,門馬 琢麿,A3,68.63,富山@10/17-10/19;和歌山@10/26-10/28;小松島@11/16-11/18;武雄@11/23-11/25,,,11,0,🥺,5.2,
014988,伊早坂 駿一,A2,82.64,川崎@10/20-10/22;宇都宮@11/17-11/19;玉野@11/29-12/01,前橋,前橋Ｆ２@10/06/3R;前橋Ｆ２@10/07/4R;前橋Ｆ２@10/08/3R,28,0,,4.2,
014989,鈴木 豪,A2,77.04,富山@10/17-10/19;武雄@10/27-10/29;松山@11/08-11/10;宇都宮@11/17-11/19,,,24,0,🥺,6.0,
014991,中島 将尊,A1,92.73,静岡@10/15-10/17;川崎@10/24-10/26;久留米@11/01-11/03;松戸@11/26-11/28,大垣,大垣Ｆ２@10/06/9R;大垣Ｆ２@10/07/7R;大垣Ｆ２@10/08/6R,15,0,,4.0,
014992,楠野 史尭,A2,81.42,富山@10/17-10/19;青森@11/03-11/05;奈良@11/14-11/16,平塚,平塚Ｆ１@10/08/1R,7,1,,,
014993,副島 和人,A1,86.07,川崎@10/20-10/22;武雄@10/27-10/29;取手@11/04-11/06;松阪@11/11-11/13,,,13,1,,4.4,
014994,野口 修平,A3,76.66,和歌山@10/26-10/28;松山@11/08-11/10;宇都宮@11/17-11/19;佐世保@11/27-11/29,静岡,静岡Ｆ２@10/07/1R;静岡Ｆ２@10/08/4R,3,0,,4.4,
014997,下岡 優季,A1,89.38,熊本@10/12-10/14;宇都宮@10/30-11/01;富山@11/10-11/12;高知@11/17-11/19,,,26,0,,4.0,
014999,水谷 将司,A2,89.66,大垣@10/27-10/29;四日市@11/11-11/13;西武園@11/23-11/25,,,27,0,🚀,2.4,
015000,藤井 準也,A3,76.33,奈良@10/09-10/11;大宮@10/22-10/24;名古屋@10/30-11/01;佐世保@11/11-11/13;福井@11/19-11/21,,,24,0,🚀,3.0,
015003,小笹 隼人,A1,91.03,四日市@10/16-10/18;小倉@11/05-11/07;奈良@11/14-11/16;豊橋@11/21-11/23,,,27,0,,3.8,
015005,野口 正則,A1,91.79,奈良@11/08-11/10;宇都宮@11/17-11/19;松山@11/24-11/26,平塚,平塚Ｆ１@10/08/5R,24,0,,4.2,
015007,岸川 哲也,A3,75.58,富山@10/17-10/19;和歌山@10/26-10/28;福井@11/05-11/07;奈良@11/14-11/16,,,24,0,,3.4,
015010,吉川 嘉斗,A1,89.13,熊本@10/12-10/14;別府@11/04-11/06;小倉@11/28-11/30,,,22,0,,3.2,
015011,吉岡 伸太郎,A2,81.38,佐世保@10/18-10/20;弥彦@10/30-11/01;松戸@11/09-11/11;玉野@11/23-11/25,,,18,0,,4.4,
015012,勝部 貴博,A2,77.38,別府@10/14-10/16;大垣@10/27-10/29;青森@11/03-11/05;玉野@11/12-11/14,,,21,0,🥺,6.0,
015015,野口 大誠,A1,91.33,高知@10/17-10/19;武雄@10/27-10/29;玉野@11/12-11/14;前橋@11/20-11/22,,,21,0,,3.2,
015042,高橋 泰裕,A1,92.38,青森@10/24-10/26;西武園@11/18-11/20;福井@11/25-11/27,,,18,0,,3.6,
015044,平川 雅晃,A3,71.37,川崎@10/20-10/22;名古屋@10/30-11/01;弥彦@11/07-11/09;西武園@11/23-11/25,,,27,0,,3.2,
015045,大関 祐也,A2,79.62,静岡@10/15-10/17;奈良@10/23-10/25;大宮@11/04-11/06;名古屋@11/14-11/16,四日,四日Ｆ１@10/07/1R;四日Ｆ１@10/08/2R,24,0,🥺,6.2,
015047,加藤 健一,A3,69.96,前橋@10/13-10/15;名古屋@10/30-11/01;宇都宮@11/08-11/10;静岡@11/17-11/19,,,27,0,,3.6,
015048,志佐 明,A1,91.21,いわき平@10/12-10/14;宇都宮@10/30-11/01;名古屋@11/14-11/16;小田原@11/21-11/23,,,19,0,🚀,1.4,
015053,廣田 敦士,A3,68.70,四日市@10/16-10/18;名古屋@10/24-10/26;奈良@11/02-11/04;大宮@11/10-11/12,,,30,0,🥺,4.6,
015054,谷本 奨輝,A2,87.95,高知@10/17-10/19;名古屋@10/24-10/26;別府@11/15-11/17;奈良@11/22-11/24,,,21,0,,3.2,
015056,田村 風起,A1,84.06,奈良@10/09-10/11;四日市@10/21-10/23;富山@11/15-11/17;奈良@11/22-11/24,,,16,0,🥺,4.6,
015057,小林 史也,A2,85.50,奈良@10/14-10/16;京王閣@10/26-10/28;別府@11/15-11/17;小松島@11/26-11/28,平塚,平塚Ｆ１@10/08/1R,24,0,,3.4,
015059,畝木 努,A1,93.66,玉野@10/13-10/15;豊橋@11/02-11/04;小松島@11/16-11/18;松山@11/24-11/26,,,24,0,🥺,4.8,
015060,滝本 泰行,A1,93.14,武雄@10/17-10/19;玉野@11/12-11/14;奈良@11/22-11/24,,,24,0,🚀,2.2,
015062,大室 翔,A3,70.66,川崎@10/20-10/22;別府@11/04-11/06;佐世保@11/27-11/29,,,24,0,,4.0,
015083,中村 弘之輔,A1,90.73,川崎@10/09-10/11;松阪@10/21-10/23;宇都宮@10/30-11/01;松戸@11/09-11/11;名古屋@11/20-11/22,,,19,1,🥺,4.8,
015084,菅田 謙仁,A2,85.23,川崎@10/24-10/26;弥彦@11/07-11/09;名古屋@11/14-11/16,,,21,0,,4.0,
015085,奈良 基,A2,81.41,小倉@10/11-10/13;大宮@10/22-10/24;静岡@11/02-11/04;奈良@11/14-11/16,,,24,0,,4.4,
015087,本馬 鎌,A3,76.00,前橋@10/21-10/23;武雄@11/02-11/04;大宮@11/10-11/12,大垣,大垣Ｆ２@10/06/1R;大垣Ｆ２@10/07/3R;大垣Ｆ２@10/08/8R,18,0,,3.8,
015088,神山 尚,A1,81.64,別府@10/14-10/16;奈良@10/23-10/25;松戸@11/09-11/11;小松島@11/16-11/18,静岡,静岡Ｆ２@10/07/9R;静岡Ｆ２@10/08/8R,28,0,🥺,5.0,
015091,樋口 瑛土,A2,84.04,前橋@10/13-10/15;小松島@10/24-10/26;四日市@11/11-11/13;静岡@11/24-11/26,,,22,0,🚀,3.0,
015095,遠藤 勝弥,A1,87.58,高知@10/17-10/19;豊橋@11/02-11/04;松戸@11/26-11/28,,,24,0,🚀,2.6,
015099,吉竹 尚城,A1,89.29,静岡@10/15-10/17;大垣@10/22-10/24;玉野@11/12-11/14;松戸@11/26-11/28,,,27,0,,3.2,
015100,渡邊 颯太,A2,78.66,静岡@10/15-10/17;京王閣@11/05-11/07;小倉@11/28-11/30,,,3,0,🥺,5.2,
015101,松岡 晋乃介,A2,81.19,豊橋@10/15-10/17;奈良@11/08-11/10;宇都宮@11/17-11/19;松山@11/24-11/26,静岡,静岡Ｆ２@10/07/10R;静岡Ｆ２@10/08/6R,21,0,,3.8,
015102,奥出 良,A2,81.95,前橋@10/13-10/15;松阪@10/21-10/23;名古屋@11/14-11/16;小田原@11/21-11/23,,,20,0,,3.8,
015105,大崎 龍一郎,A3,73.00,富山@10/17-10/19;名古屋@10/24-10/26;宇都宮@11/17-11/19;佐世保@11/27-11/29,,,13,1,🚀,3.0,
015107,田頭 寛之,A1,85.14,川崎@10/24-10/26;取手@11/04-11/06;広島@11/22-11/24,前橋,前橋Ｆ２@10/06/4R;前橋Ｆ２@10/07/7R;前橋Ｆ２@10/08/9R,21,0,🥺,5.4,
015108,吉田 篤史,A2,85.58,四日市@10/16-10/18;弥彦@11/07-11/09;名古屋@11/14-11/16;奈良@11/29-12/01,,,24,0,,3.8,
015109,大利 航平,A1,83.17,取手@10/19-10/21;松阪@11/11-11/13;小松島@11/26-11/28,四日,四日Ｆ１@10/07/3R;四日Ｆ１@10/08/2R,23,0,,3.6,
015110,小出 慎也,A3,73.80,武雄@10/09-10/11;四日市@10/16-10/18;熊本@10/31-11/02;宇都宮@11/17-11/19;富山@11/26-11/28,,,30,0,🚀,2.0,
015111,布居 翼,A3,70.95,大宮@11/10-11/12;四日市@11/23-11/25,,,24,0,,4.0,
015112,日浦 崇道,A2,75.79,奈良@10/09-10/11;小松島@10/24-10/26;川崎@11/14-11/16;松山@11/24-11/26,,,24,0,🥺,6.8,
015114,谷口 友真,A1,85.79,奈良@10/09-10/11;富山@11/10-11/12;松山@11/24-11/26,,,21,0,🥺,5.0,
015115,堀 僚介,A2,78.22,富山@10/17-10/19;小倉@11/05-11/07;小田原@11/21-11/23,,,27,0,🥺,6.4,
015116,池野 健太,A1,95.40,奈良@10/09-10/11;熊本@11/06-11/08;富山@11/26-11/28,,,30,0,,3.8,
015119,佐伯 辰哉,A1,77.33,豊橋@10/15-10/17;岐阜@10/28-10/30;京王閣@11/05-11/07;広島@11/22-11/24,,,12,0,🥺,5.2,
015120,竹内 翼,A1,93.95,熊本@10/12-10/14;久留米@10/27-10/29;青森@11/03-11/05;玉野@11/29-12/01,,,21,0,,3.4,
015126,高山 雄丞,A2,82.47,奈良@10/09-10/11;武雄@10/27-10/29;宇都宮@11/08-11/10;小松島@11/16-11/18;松阪@11/26-11/28,,,21,0,🥺,4.8,
015131,池部 壮太,A1,85.23,別府@10/14-10/16;奈良@10/23-10/25;久留米@11/01-11/03;川崎@11/14-11/16,,,21,0,🚀,3.0,
015155,三浦 大輝,A3,75.08,取手@10/19-10/21;武雄@10/27-10/29;別府@11/04-11/06;奈良@11/22-11/24,,,24,0,🚀,3.0,
015156,門脇 翼,A2,80.57,川崎@10/20-10/22;奈良@11/14-11/16;小田原@11/21-11/23,大宮,大宮Ｆ１@10/06/4R;大宮Ｆ１@10/07/2R;大宮Ｆ１@10/08/3R,21,0,🥺,5.0,
015157,高橋 大輝,A2,82.41,静岡@10/15-10/17;宇都宮@11/08-11/10;奈良@11/22-11/24,,,24,0,🥺,4.6,
015158,猪野 泰介,A3,69.96,青森@10/19-10/21;宇都宮@10/30-11/01;大宮@11/10-11/12;名古屋@11/20-11/22,,,29,1,🚀,3.0,
015159,坂本 拓也,A1,88.58,前橋@10/13-10/15;松阪@10/21-10/23;玉野@11/12-11/14;静岡@11/24-11/26,,,24,0,,3.8,
015160,牧田 賢也,A3,70.95,大宮@10/22-10/24;松戸@10/30-11/01;奈良@11/14-11/16;富山@11/26-11/28,高知,高知Ｆ２@10/07/6R;高知Ｆ２@10/08/3R,21,0,,4.0,
015162,蕗澤 鴻太郎,A1,94.94,静岡@10/15-10/17;奈良@10/23-10/25;小田原@11/01-11/03;玉野@11/12-11/14,前橋,前橋Ｆ２@10/06/9R;前橋Ｆ２@10/07/9R;前橋Ｆ２@10/08/9R,17,0,🚀,1.4,
015163,戸塚 涼介,A2,80.79,前橋@10/13-10/15;川崎@10/24-10/26;松阪@11/11-11/13;平塚@11/27-11/29,,,24,0,🥺,5.8,
015164,菱沼 元樹,A3,75.93,前橋@10/13-10/15;名古屋@10/30-11/01;宇都宮@11/08-11/10;武雄@11/23-11/25,,,30,0,🚀,1.8,
015165,寺沼 将彦,A1,89.57,武雄@10/17-10/19;小田原@11/01-11/03;福井@11/11-11/13,,,21,0,🚀,3.0,
015166,内田 淳,A3,76.66,川崎@10/09-10/11;松戸@10/30-11/01;松山@11/08-11/10;名古屋@11/20-11/22;佐世保@11/27-11/29,,,24,0,🚀,2.2,
015167,小林 裕一朗,A1,79.16,いわき平@10/12-10/14;武雄@10/27-10/29;青森@11/08-11/10;小松島@11/16-11/18;富山@11/26-11/28,,,12,0,,,
015172,能代谷 元,A1,93.66,奈良@10/14-10/16;青森@10/24-10/26;小田原@11/01-11/03;小倉@11/28-11/30,,,3,0,🚀,3.0,
015175,桜井 大地,A2,83.28,前橋@10/13-10/15;小松島@10/24-10/26;奈良@11/14-11/16;西武園@11/23-11/25,,,28,0,,4.0,
015176,望月 一成,A1,93.85,武雄@10/17-10/19;川崎@10/24-10/26;小田原@11/01-11/03;奈良@11/14-11/16,,,21,0,,3.6,
015177,森川 康輔,A3,74.80,富山@10/17-10/19;久留米@10/27-10/29;佐世保@11/11-11/13;西武園@11/23-11/25,,,21,0,🚀,2.8,
015180,下岡 将也,A2,80.45,小倉@11/05-11/07;名古屋@11/14-11/16,平塚,平塚Ｆ１@10/08/4R,24,0,🥺,5.0,
015181,栗田 万生,A2,81.47,川崎@10/20-10/22;別府@11/04-11/06;平塚@11/27-11/29,,,21,0,,4.2,
015182,吉川 希望,A1,92.08,名古屋@10/24-10/26;小田原@11/01-11/03;大垣@11/18-11/20;富山@11/26-11/28,,,24,0,🚀,2.8,
015184,中野 雄喜,A1,91.36,岐阜@10/10-10/12;佐世保@10/18-10/20;小田原@11/01-11/03;奈良@11/14-11/16,,,19,0,,4.0,
015185,布居 大地,A2,85.13,四日市@10/16-10/18;熊本@11/06-11/08;宇都宮@11/17-11/19;奈良@11/29-12/01,大宮,大宮Ｆ１@10/06/2R;大宮Ｆ１@10/07/4R;大宮Ｆ１@10/08/10R,15,1,,3.6,
015187,鮫島 康治,A2,85.80,広島@10/18-10/20;岐阜@10/28-10/30;富山@11/10-11/12;松山@11/17-11/19,四日,四日Ｆ１@10/07/2R;四日Ｆ１@10/08/3R,21,0,,3.8,
015188,浜田 翔平,A3,68.18,取手@10/19-10/21;名古屋@10/30-11/01;奈良@11/08-11/10;西武園@11/23-11/25,,,22,1,,4.0,
015189,山本 隼人,A2,89.81,四日市@10/21-10/23;小田原@11/01-11/03;名古屋@11/20-11/22,平塚,平塚Ｆ１@10/08/1R,22,0,🚀,2.8,
015190,大中 拓磨,A3,75.09,大宮@10/12-10/14;小倉@11/05-11/07;福井@11/19-11/21,,,33,1,🚀,2.6,
015192,藤原 俊太郎,A1,86.85,四日市@10/16-10/18;静岡@11/02-11/04;武雄@11/09-11/11,,,20,0,🥺,5.0,
015193,藏本 徹二,A1,91.00,富山@10/10-10/12;久留米@10/27-10/29;大垣@11/18-11/20;小倉@11/28-11/30,,,23,0,,3.2,
015194,船瀬 惇平,A1,92.28,小倉@10/11-10/13;四日市@10/21-10/23;松戸@11/09-11/11;久留米@11/26-11/28,,,21,0,,3.6,
015200,谷口 幸司,A2,83.69,名古屋@10/24-10/26;小田原@11/01-11/03;玉野@11/12-11/14,,,26,0,,4.2,
015202,今野 大輔,A1,95.45,奈良@10/09-10/11;武雄@10/17-10/19;小田原@11/01-11/03;佐世保@11/11-11/13,,,22,0,,3.6,
015204,吉田 智哉,A1,95.20,豊橋@10/15-10/17;小田原@11/01-11/03;玉野@11/12-11/14;静岡@11/24-11/26,,,24,0,🚀,3.0,
015208,金ヶ江 勇気,A1,93.06,奈良@10/09-10/11;小田原@11/01-11/03;玉野@11/12-11/14,,,30,0,,3.8,
015209,中野 真吾,A2,77.30,名古屋@10/24-10/26;弥彦@11/07-11/09;高知@11/17-11/19,,,23,0,🥺,6.8,
015210,白濱 一平,A2,84.44,大垣@10/27-10/29;宇都宮@11/08-11/10;別府@11/15-11/17;静岡@11/24-11/26,,,18,0,🥺,4.6,
015212,山口 龍也,A1,89.45,富山@10/10-10/12;広島@10/18-10/20;松戸@11/09-11/11;松山@11/17-11/19,,,20,0,🥺,4.8,
015214,境 啓亨,A2,82.44,武雄@10/17-10/19;小松島@11/16-11/18;小倉@11/28-11/30,平塚,平塚Ｆ１@10/08/3R,24,0,,4.0,
015215,照屋 将貴,A3,74.68,武雄@10/09-10/11;久留米@10/27-10/29;松山@11/08-11/10;高知@11/17-11/19;佐世保@11/27-11/29,,,19,1,,3.6,
015233,渋谷 海,A1,85.53,,,,15,0,,3.8,
015234,八嶋 稔真,A1,84.66,小田原@10/20-10/22;西武園@10/30-11/01;静岡@11/17-11/19;奈良@11/29-12/01,大垣,大垣Ｆ２@10/06/7R;大垣Ｆ２@10/07/9R;大垣Ｆ２@10/08/4R,21,0,,4.0,
015237,太田 将成,A2,84.38,いわき平@10/12-10/14;取手@11/04-11/06;大垣@11/18-11/20,,,26,0,,4.2,
015238,井寺 亮太,A1,82.72,別府@10/14-10/16;武雄@10/27-10/29;小倉@11/05-11/07;別府@11/15-11/17;広島@11/22-11/24,,,18,0,,4.2,
015240,前川 大輔,A1,93.27,いわき平@10/12-10/14;川崎@10/24-10/26;熊本@11/06-11/08;前橋@11/20-11/22,,,18,0,🚀,2.8,
015241,山田 祐太,A3,72.03,取手@10/19-10/21;福井@11/05-11/07;武雄@11/14-11/16,静岡,静岡Ｆ２@10/07/2R;静岡Ｆ２@10/08/5R,27,0,🚀,2.8,
015245,尾崎 悠生,A1,88.50,奈良@10/14-10/16;青森@10/24-10/26;静岡@11/02-11/04;名古屋@11/14-11/16,,,24,0,,3.2,
015247,小玉 勇一,A2,83.61,前橋@10/13-10/15;青森@10/24-10/26;川崎@11/14-11/16;小倉@11/28-11/30,静岡,静岡Ｆ２@10/07/10R;静岡Ｆ２@10/08/6R,21,0,🥺,5.4,
015253,清水 健次,A3,70.41,いわき平@10/21-10/23;武雄@11/02-11/04;静岡@11/17-11/19,,,17,0,,3.8,
015254,鈴木 輝大,A1,92.66,前橋@10/13-10/15;川崎@10/24-10/26;青森@11/03-11/05;別府@11/15-11/17;福井@11/25-11/27,,,21,0,🥺,4.6,
015255,樋口 開土,A1,83.00,取手@10/19-10/21;松阪@11/11-11/13;西武園@11/23-11/25,,,27,0,,3.6,
015257,舟山 佑京,A3,76.41,大宮@10/22-10/24;名古屋@10/30-11/01;小松島@11/16-11/18;西武園@11/23-11/25,,,24,0,,3.2,
015259,小林 稜武,A1,90.41,川崎@10/09-10/11;富山@10/17-10/19;青森@10/24-10/26;松山@11/08-11/10;宇都宮@11/17-11/19,,,12,0,,,
015260,國井 裕樹,A3,73.44,富山@10/17-10/19;奈良@11/08-11/10;小松島@11/16-11/18;西武園@11/23-11/25,,,18,0,,3.6,
015262,内山 雅貴,A1,96.78,川崎@10/09-10/11;大宮@11/04-11/06;松戸@11/13-11/15;名古屋@11/20-11/22,,,28,1,,3.6,
015264,渡邉 直弥,A2,83.00,いわき平@10/12-10/14;青森@10/24-10/26;久留米@11/01-11/03;静岡@11/17-11/19,,,23,0,🥺,5.4,
015265,井田 晶之,A2,82.32,熊本@10/12-10/14;豊橋@11/02-11/04;富山@11/10-11/12,,,28,0,,3.6,
015266,福田 真平,A1,83.22,別府@10/14-10/16;福井@11/11-11/13;奈良@11/29-12/01,静岡,静岡Ｆ２@10/07/8R;静岡Ｆ２@10/08/7R,9,0,,4.4,
015267,橋本 英也,A1,93.22,大宮@10/22-10/24;富山@11/10-11/12;平塚@11/27-11/29,,,26,0,,,
015270,元砂 海人,A3,71.92,武雄@10/09-10/11;大宮@10/22-10/24;熊本@10/31-11/02;富山@11/10-11/12,,,13,0,🥺,4.8,
015271,大城 慶之,A2,85.44,熊本@10/12-10/14;宇都宮@10/30-11/01;西武園@11/18-11/20;富山@11/26-11/28,,,18,0,,3.4,
015273,中武 三四郎,A2,83.48,小倉@10/11-10/13;久留米@10/27-10/29;奈良@11/14-11/16;静岡@11/24-11/26,,,26,0,🥺,4.6,
015275,伊藤 歩登,A2,85.33,四日市@10/16-10/18;青森@10/29-10/31;小倉@11/05-11/07;名古屋@11/20-11/22,,,21,0,,3.6,
015276,佐伯 亮輔,S2,98.28,防府@10/31-11/03;西武園@11/18-11/20,平塚,平塚Ｆ１@10/08/11R,25,0,🚀,2.8,
015277,高井 流星,A2,87.44,広島@10/18-10/20;静岡@11/02-11/04;久留米@11/26-11/28,四日,四日Ｆ１@10/07/3R;四日Ｆ１@10/08/3R,24,0,,4.4,
015278,田中 和磨,A1,93.59,豊橋@10/15-10/17;佐世保@11/11-11/13;大垣@11/18-11/20;小倉@11/28-11/30,,,22,1,🚀,2.8,
015279,山崎 駿哉,A2,87.83,熊本@10/12-10/14;川崎@10/20-10/22;久留米@11/01-11/03;四日市@11/11-11/13;福井@11/25-11/27,,,18,0,,3.2,
015280,藤井 將,A1,92.39,奈良@10/23-10/25;弥彦@10/30-11/01;松山@11/08-11/10;静岡@11/24-11/26,,,20,1,,3.8,
015281,増田 仁,A2,80.38,小倉@10/11-10/13;別府@10/28-10/30;高知@11/17-11/19;松阪@11/26-11/28,,,31,0,,4.0,
015283,安本 昇平,A3,71.50,武雄@10/09-10/11;四日市@10/16-10/18;高知@11/17-11/19;佐世保@11/27-11/29,,,24,0,🚀,3.0,
015284,田村 裕也,A2,75.75,佐世保@10/18-10/20;別府@10/28-10/30;高知@11/17-11/19;平塚@11/27-11/29,,,24,0,🥺,6.0,
015285,久樹 克門,A1,92.33,玉野@10/13-10/15;四日市@11/11-11/13;小田原@11/21-11/23;小倉@11/28-11/30,大宮,大宮Ｆ１@10/06/5R;大宮Ｆ１@10/07/5R;大宮Ｆ１@10/08/10R,24,0,🚀,2.8,
015286,土居 佑次,A3,69.79,奈良@10/09-10/11;小倉@11/05-11/07;玉野@11/12-11/14,,,24,0,,3.4,
015287,山中 崇弘,A2,81.16,奈良@10/23-10/25;川崎@11/14-11/16;小倉@11/28-11/30,,,24,1,🥺,5.0,
015288,薦田 将伍,A1,93.43,武雄@10/27-10/29;松山@11/17-11/19;奈良@11/29-12/01,平塚,平塚Ｆ１@10/08/5R,23,0,🚀,2.6,
015290,真崎 章徳,A3,67.91,青森@10/14-10/16;小倉@11/05-11/07;玉野@11/12-11/14;奈良@11/22-11/24,,,12,0,,4.4,
015293,中里 福太郎,A2,81.23,川崎@10/09-10/11;静岡@10/15-10/17;青森@10/24-10/26;取手@11/04-11/06;名古屋@11/14-11/16;富山@11/26-11/28,,,21,0,🥺,4.6,
015294,小原 亮哉,A1,87.37,広島@10/18-10/20;大垣@10/27-10/29;京王閣@11/05-11/07;小松島@11/16-11/18,,,24,0,,3.8,
015295,篠田 樹,A3,69.20,岐阜@10/10-10/12;川崎@10/20-10/22;小倉@11/05-11/07;高知@11/17-11/19,,,30,0,🥺,5.4,
015299,曽我 圭佑,A1,91.96,別府@10/28-10/30;四日市@11/11-11/13;広島@11/22-11/24,,,30,0,,3.8,
015300,ラモス レオ,A3,68.29,防府@10/23-10/25;別府@11/04-11/06;武雄@11/23-11/25,,,17,0,🥺,5.8,
015327,阿部 架惟都,A1,90.84,川崎@10/24-10/26;豊橋@11/02-11/04;松戸@11/13-11/15,静岡,静岡Ｆ２@10/07/11R;静岡Ｆ２@10/08/9R,19,0,,4.0,
015330,伊藤 奎,A1,85.92,青森@10/24-10/26;静岡@11/17-11/19;富山@11/26-11/28,,,27,0,,3.6,
015331,宇佐見 優介,A1,94.33,武雄@10/17-10/19;西武園@10/30-11/01;静岡@11/17-11/19;小倉@11/28-11/30,,,24,0,,3.2,
015332,鈴木 涼介,A1,91.40,川崎@10/20-10/22,静岡,静岡Ｆ２@10/07/11R;静岡Ｆ２@10/08/10R,20,1,🚀,3.0,
015338,土田 栄二,A1,91.66,川崎@10/09-10/11;松阪@10/21-10/23;取手@11/04-11/06;玉野@11/12-11/14;松山@11/24-11/26,,,15,0,,,
015339,土田 武志,A1,88.54,静岡@10/15-10/17;青森@11/08-11/10;松阪@11/26-11/28,大垣,大垣Ｆ２@10/06/6R;大垣Ｆ２@10/07/7R;大垣Ｆ２@10/08/6R,22,1,🚀,2.8,
015344,荒木 貴大,A1,92.05,小松島@10/24-10/26;松阪@11/11-11/13;松戸@11/26-11/28,,,19,1,🚀,2.8,
015345,浅見 隼,A1,88.26,佐世保@10/18-10/20;玉野@11/12-11/14;福井@11/25-11/27,,,30,0,,4.4,
015346,鈴木 薫,A1,96.28,富山@10/10-10/12;小田原@10/26-10/28;豊橋@11/02-11/04;松戸@11/13-11/15,,,21,0,🚀,1.0,
015348,寺沼 伊織,A1,91.00,川崎@10/09-10/11;大宮@10/22-10/24;玉野@11/12-11/14;平塚@11/27-11/29,,,21,0,🚀,2.0,
015350,山本 修平,A2,86.14,京王閣@10/26-10/28;高知@11/07-11/09;静岡@11/17-11/19,,,21,0,,3.8,
015351,宮下 一歩,A1,82.75,富山@10/10-10/12;川崎@10/24-10/26;弥彦@11/07-11/09;奈良@11/14-11/16,,,24,0,🚀,3.0,
015353,松坂 侑亮,A1,87.16,小田原@10/26-10/28;宇都宮@11/08-11/10;久留米@11/26-11/28,,,27,0,🚀,3.0,
015355,磯村 蓮太,A3,68.09,大宮@10/22-10/24;佐世保@11/11-11/13;四日市@11/23-11/25,静岡,静岡Ｆ２@10/07/1R;静岡Ｆ２@10/08/5R,21,0,🥺,5.0,
015357,藤井 稜也,A2,80.66,小田原@10/20-10/22;久留米@10/27-10/29;四日市@11/11-11/13;平塚@11/27-11/29,,,24,0,🥺,4.6,
015359,山口 聖矢,A1,86.80,奈良@10/14-10/16;別府@10/28-10/30;大垣@11/18-11/20;福井@11/25-11/27,,,18,0,🚀,2.8,
015360,勝谷 勝治,A2,81.00,広島@10/18-10/20;西武園@10/30-11/01;松戸@11/09-11/11;富山@11/26-11/28,,,24,0,🥺,5.8,
015364,吉堂 将規,A1,93.47,四日市@10/16-10/18;奈良@10/23-10/25;富山@11/10-11/12;西武園@11/18-11/20,,,21,0,,3.8,
015365,古賀 勝大,A1,96.00,四日市@10/16-10/18;久留米@11/01-11/03;松阪@11/11-11/13;小田原@11/21-11/23,大宮,大宮Ｆ１@10/06/5R;大宮Ｆ１@10/07/5R;大宮Ｆ１@10/08/10R,21,0,🚀,1.8,
015367,南 蓮,A3,68.83,取手@10/19-10/21;熊本@10/31-11/02;大宮@11/10-11/12;四日市@11/23-11/25,,,24,0,,3.2,
015368,井坂 泰誓,A3,73.29,いわき平@10/21-10/23;宇都宮@10/30-11/01;大宮@11/10-11/12;名古屋@11/20-11/22,,,27,0,🚀,2.4,
015371,田上 晃也,A3,80.09,青森@10/19-10/21;別府@11/04-11/06;玉野@11/12-11/14,,,21,0,🚀,1.4,
015372,野上 竜太,A2,86.69,岐阜@10/10-10/12;四日市@10/16-10/18;別府@11/04-11/06;福井@11/11-11/13;小田原@11/21-11/23,,,26,0,,4.4,
015375,村上 竜馬,A1,92.38,奈良@10/09-10/11;広島@10/18-10/20;武雄@10/27-10/29;別府@11/04-11/06;西武園@11/18-11/20,,,13,0,,4.0,
015377,蒋野 翔太,A1,87.10,小田原@10/20-10/22;大垣@10/27-10/29;京王閣@11/05-11/07;松山@11/17-11/19,,,30,0,🚀,2.6,
015379,下野 義城,A2,80.90,広島@10/18-10/20;小田原@11/01-11/03;久留米@11/26-11/28,,,11,0,🥺,5.8,
015382,竹元 健竜,A2,77.14,四日市@10/16-10/18;武雄@10/27-10/29;別府@11/04-11/06;高知@11/17-11/19,平塚,平塚Ｆ１@10/08/1R,21,0,🥺,6.8,
015384,天野 純平,A2,80.28,奈良@10/14-10/16;別府@10/28-10/30;武雄@11/09-11/11;小田原@11/21-11/23,,,22,0,🥺,5.8,
015387,緒方 慎太朗,A2,84.25,佐世保@10/18-10/20;松山@11/08-11/10;奈良@11/22-11/24,,,24,0,,4.2,
015388,松尾 勇吾,A1,92.28,豊橋@10/15-10/17;武雄@10/27-10/29;弥彦@11/07-11/09;小松島@11/16-11/18;久留米@11/26-11/28,,,21,0,,3.4,
015414,大森 光明,A2,83.55,静岡@10/15-10/17;青森@10/29-10/31;奈良@11/08-11/10;西武園@11/18-11/20;小倉@11/28-11/30,前橋,前橋Ｆ２@10/06/6R;前橋Ｆ２@10/07/3R;前橋Ｆ２@10/08/5R,18,0,🥺,5.0,
015415,坂本 紘規,A1,94.95,別府@10/14-10/16;松戸@11/13-11/15;久留米@11/26-11/28,,,24,0,,3.4,
015419,黒滝 大翔,A1,85.12,玉野@10/13-10/15;西武園@10/30-11/01;奈良@11/08-11/10;小田原@11/21-11/23,,,24,0,,3.4,
015421,秋本 耀太郎,A1,89.58,取手@10/19-10/21;西武園@10/30-11/01;青森@11/08-11/10;静岡@11/17-11/19,四日,四日Ｆ１@10/07/5R;四日Ｆ１@10/08/3R,24,0,,3.2,
015423,上川 直紀,A1,91.45,静岡@10/15-10/17;岐阜@10/28-10/30;宇都宮@11/08-11/10;小松島@11/16-11/18;玉野@11/23-11/25,前橋,前橋Ｆ２@10/06/9R;前橋Ｆ２@10/07/8R;前橋Ｆ２@10/08/9R,24,0,🚀,1.8,
015424,中村 隆生,A1,92.91,前橋@10/13-10/15;宇都宮@10/30-11/01;弥彦@11/07-11/09;玉野@11/23-11/25,,,24,0,🚀,2.2,
015425,藤野 竜也,A3,72.47,川崎@10/09-10/11;大宮@10/22-10/24;松戸@10/30-11/01;弥彦@11/07-11/09;奈良@11/14-11/16,,,21,0,🚀,2.4,
015427,戸邉 捺希,A1,88.51,松阪@10/21-10/23;西武園@10/30-11/01;川崎@11/14-11/16;久留米@11/26-11/28,,,24,0,,4.4,
015428,藤田 周磨,A1,95.70,いわき平@10/12-10/14;宇都宮@10/30-11/01;高知@11/07-11/09;西武園@11/18-11/20;富山@11/26-11/28,,,24,0,🚀,2.6,
015429,山田 雄大,A1,89.00,松阪@10/21-10/23;青森@10/29-10/31;奈良@11/08-11/10;前橋@11/20-11/22,大宮,大宮Ｆ１@10/06/5R;大宮Ｆ１@10/07/3R;大宮Ｆ１@10/08/10R,24,0,🚀,2.6,
015432,水森 湧太,A1,84.00,富山@10/17-10/19;取手@11/04-11/06;奈良@11/22-11/24,,,15,1,,3.6,
015433,山本 勝利,A1,94.77,大宮@10/22-10/24;弥彦@10/30-11/01;富山@11/10-11/12;西武園@11/23-11/25,,,18,0,🚀,3.0,
015434,片桐 善也,A1,92.14,京王閣@10/26-10/28;青森@11/03-11/05;名古屋@11/20-11/22,大垣,大垣Ｆ２@10/06/9R;大垣Ｆ２@10/07/9R;大垣Ｆ２@10/08/9R,21,0,🚀,2.6,
015442,仁藤 秀,A1,95.18,川崎@10/20-10/22;宇都宮@10/30-11/01;松阪@11/11-11/13;小田原@11/21-11/23,静岡,静岡Ｆ２@10/07/11R;静岡Ｆ２@10/08/11R,22,1,🚀,2.0,
015445,内藤 久文,A1,93.00,大垣@10/22-10/24;豊橋@11/02-11/04;福井@11/11-11/13,四日,四日Ｆ１@10/07/5R;四日Ｆ１@10/08/5R,21,0,🚀,2.8,
015446,林 敬宏,A1,92.14,取手@10/19-10/21;富山@11/10-11/12;豊橋@11/21-11/23,,,27,0,🚀,3.0,
015447,小浦 凪,A2,84.52,四日市@10/16-10/18;別府@10/28-10/30;松阪@11/11-11/13;名古屋@11/20-11/22,大垣,大垣Ｆ２@10/06/7R;大垣Ｆ２@10/07/8R;大垣Ｆ２@10/08/9R,18,1,🚀,2.6,
015455,枠元 一葵,A2,82.14,大宮@10/22-10/24;久留米@11/01-11/03;高知@11/17-11/19,大垣,大垣Ｆ２@10/06/8R;大垣Ｆ２@10/07/5R;大垣Ｆ２@10/08/4R,18,0,,4.0,
015456,安藤 直希,A2,82.13,熊本@10/12-10/14;佐世保@10/18-10/20;大垣@10/27-10/29;高知@11/07-11/09;福井@11/25-11/27,,,23,0,,4.2,
015457,村田 瑞季,A1,93.66,熊本@10/12-10/14;武雄@11/09-11/11;奈良@11/22-11/24,,,24,0,🚀,3.0,
015459,中村 泰輔,A2,78.71,取手@10/19-10/21;佐世保@11/11-11/13;小松島@11/26-11/28,四日,四日Ｆ１@10/07/3R;四日Ｆ１@10/08/1R,18,0,🥺,5.2,
015460,仲野 結音,A1,93.21,高知@10/17-10/19;小松島@10/24-10/26;松戸@11/09-11/11;西武園@11/23-11/25,,,23,0,,4.0,
015461,土生 敦弘,A1,97.50,富山@10/17-10/19;大垣@10/27-10/29;高知@11/07-11/09;別府@11/15-11/17;奈良@11/29-12/01,,,18,0,🚀,1.8,
015462,溝口 葵,A1,90.12,松阪@10/21-10/23;豊橋@11/02-11/04;四日市@11/11-11/13,静岡,静岡Ｆ２@10/07/9R;静岡Ｆ２@10/08/9R,24,0,🚀,2.6,
015467,倉松 涼,A3,74.77,四日市@10/16-10/18;弥彦@11/07-11/09;武雄@11/14-11/16,,,18,0,🚀,3.0,
015469,犬塚 貴之,A1,90.75,,,,8,1,,,
015471,中村 翔平,A2,87.61,四日市@10/16-10/18;久留米@10/27-10/29,,,21,1,,3.8,
015472,吉田 勇気,A3,71.46,名古屋@10/24-10/26;福井@11/05-11/07;四日市@11/23-11/25,,,30,0,,3.6,
015481,山川 奨太,A2,81.00,豊橋@10/15-10/17;静岡@11/02-11/04;四日市@11/11-11/13;久留米@11/26-11/28,,,24,0,,4.2,
015482,松本 一志,A3,73.45,武雄@10/09-10/11;宇都宮@11/08-11/10;奈良@11/22-11/24,,,31,0,,3.2,
015483,谷元 奎心,A1,88.21,豊橋@10/15-10/17;名古屋@10/24-10/26;松山@11/08-11/10;広島@11/22-11/24,,,19,0,,3.4,
015505,荻原 寿嗣,A1,88.91,いわき平@10/12-10/14;青森@10/24-10/26;取手@11/04-11/06;福井@11/11-11/13,,,24,0,,3.8,
015506,佐藤 啓斗,A2,78.43,前橋@10/13-10/15;京王閣@10/26-10/28;松戸@11/13-11/15;広島@11/22-11/24,四日,四日Ｆ１@10/07/2R;四日Ｆ１@10/08/1R,23,0,🥺,5.4,
015507,上遠野 拓馬,A1,87.45,静岡@10/15-10/17;小松島@10/24-10/26;取手@11/04-11/06;松阪@11/26-11/28,大宮,大宮Ｆ１@10/06/3R;大宮Ｆ１@10/07/5R;大宮Ｆ１@10/08/4R,24,0,,4.2,
015508,菅野 航基,A1,94.91,玉野@10/13-10/15;川崎@10/24-10/26;静岡@11/02-11/04;名古屋@11/14-11/16,,,24,0,,3.4,
015510,田口 勇介,A1,91.57,いわき平@10/12-10/14;取手@10/19-10/21;岐阜@10/28-10/30;青森@11/08-11/10;奈良@11/22-11/24,,,21,0,,3.8,
015511,中込 健太,A3,77.00,富山@10/17-10/19;武雄@10/27-10/29;弥彦@11/07-11/09;奈良@11/14-11/16;小倉@11/28-11/30,,,12,0,,,
015512,大高 彰馬,A1,90.06,奈良@10/23-10/25;別府@11/04-11/06;宇都宮@11/17-11/19,,,15,0,,,
015513,菊池 翔,A2,83.50,小田原@10/20-10/22;松戸@11/26-11/28,大宮,大宮Ｆ１@10/06/4R;大宮Ｆ１@10/07/1R;大宮Ｆ１@10/08/3R,16,0,🚀,3.0,
015515,平山 優太,A2,80.19,玉野@10/13-10/15;青森@10/24-10/26;別府@11/04-11/06;静岡@11/17-11/19,前橋,前橋Ｆ２@10/06/7R;前橋Ｆ２@10/07/5R;前橋Ｆ２@10/08/4R,26,0,🥺,5.2,
015523,邊見 祐太,A3,79.80,青森@10/14-10/16;熊本@10/31-11/02;静岡@11/17-11/19;富山@11/26-11/28,,,21,0,🚀,1.4,
015526,梅田 加津也,A1,86.40,富山@10/10-10/12;奈良@10/23-10/25;京王閣@11/05-11/07;名古屋@11/20-11/22;小倉@11/28-11/30,,,27,0,,4.0,
015531,深瀬 泰我,A1,83.50,取手@10/19-10/21;青森@11/03-11/05;名古屋@11/14-11/16;玉野@11/23-11/25,四日,四日Ｆ１@10/07/3R;四日Ｆ１@10/08/1R,24,0,,4.4,
015532,石田 拓真,A1,93.33,小倉@10/11-10/13;四日市@10/21-10/23;大宮@11/04-11/06;玉野@11/29-12/01,,,21,0,,4.4,
015533,岩城 佑典,A2,81.25,奈良@10/23-10/25;西武園@10/30-11/01;松阪@11/11-11/13;豊橋@11/21-11/23,,,24,0,🥺,4.6,
015534,牛田 樹希斗,A2,77.63,弥彦@10/30-11/01;佐世保@11/11-11/13;大垣@11/18-11/20,静岡,静岡Ｆ２@10/07/8R;静岡Ｆ２@10/08/8R,30,0,🥺,5.2,
015535,佐藤 竜太,A1,90.54,名古屋@10/24-10/26;久留米@11/01-11/03;宇都宮@11/17-11/19,,,24,0,🚀,3.0,
015536,疋田 力也,A1,94.22,久留米@10/27-10/29;青森@11/03-11/05;高知@11/17-11/19,大垣,大垣Ｆ２@10/06/9R;大垣Ｆ２@10/07/8R;大垣Ｆ２@10/08/9R,18,0,,3.4,
015538,村瀬 大和,A2,83.70,熊本@10/12-10/14;大垣@10/22-10/24;松山@11/17-11/19;富山@11/26-11/28,,,27,0,,4.4,
015542,中嶋 樹,A3,69.17,奈良@10/09-10/11;名古屋@10/24-10/26;福井@11/05-11/07;高知@11/17-11/19,,,23,1,,4.4,
015544,大槇 大介,A1,92.00,佐世保@10/18-10/20;小倉@11/05-11/07;別府@11/15-11/17,,,10,0,🥺,5.0,
015545,橋本 凌汰,A1,90.36,別府@10/14-10/16;小田原@10/26-10/28;弥彦@11/07-11/09;玉野@11/23-11/25,,,22,0,🥺,5.2,
015547,米嶋 恵介,A1,94.85,小田原@10/20-10/22;久留米@10/27-10/29;大宮@11/04-11/06;玉野@11/23-11/25,,,21,0,🚀,1.2,
015548,白井 優太朗,A1,85.80,熊本@10/12-10/14;京王閣@10/26-10/28;小倉@11/05-11/07;前橋@11/20-11/22,,,23,0,,3.6,
015549,阿部 龍也,A3,69.09,武雄@10/09-10/11;川崎@10/20-10/22;松戸@10/30-11/01;福井@11/19-11/21;佐世保@11/27-11/29,,,21,0,,4.4,
015550,山崎 航,A1,88.96,高知@10/17-10/19;熊本@11/06-11/08;小田原@11/21-11/23;小倉@11/28-11/30,,,26,0,,4.2,
015554,近藤 翔馬,A1,91.09,広島@10/18-10/20;小倉@11/05-11/07;富山@11/15-11/17;小松島@11/26-11/28,,,11,1,🚀,3.0,
015556,上野 恭哉,A2,89.58,奈良@10/09-10/11;青森@11/08-11/10;小松島@11/16-11/18,,,24,1,,3.8,
015557,梶原 大地,A1,88.96,豊橋@10/15-10/17;松山@11/08-11/10;奈良@11/22-11/24,,,27,0,🚀,2.4,
015558,川野 深,A1,85.80,奈良@10/09-10/11;武雄@10/17-10/19;弥彦@10/30-11/01;松戸@11/09-11/11;小倉@11/28-11/30,,,21,0,🚀,2.2,
015559,神開 一輝,A1,93.19,武雄@10/17-10/19;久留米@11/01-11/03;松戸@11/26-11/28,大宮,大宮Ｆ１@10/06/5R;大宮Ｆ１@10/07/3R;大宮Ｆ１@10/08/3R,21,0,🚀,2.2,
015560,林 昴,A1,88.16,川崎@10/20-10/22;富山@11/15-11/17;玉野@11/29-12/01,,,24,0,,3.2,
015561,原井 剣也,A1,89.09,武雄@10/17-10/19;奈良@10/23-10/25;広島@11/22-11/24;玉野@11/29-12/01,,,22,0,🚀,2.6,
015562,山本 浩成,A1,95.70,小倉@10/11-10/13;佐世保@10/18-10/20;青森@10/29-10/31;宇都宮@11/08-11/10;高知@11/17-11/19,,,24,0,🚀,1.6,
015563,久保 光司,A2,80.57,岐阜@10/10-10/12;広島@10/18-10/20;大宮@11/04-11/06;小松島@11/16-11/18,,,21,0,,4.0,
015564,高橋 綜一郎,A1,,久留米@10/27-10/29;松山@11/17-11/19;静岡@11/24-11/26,,,0,0,,,
015565,入江 航太,A2,88.40,四日市@10/16-10/18;久留米@10/27-10/29;青森@11/08-11/10;松山@11/17-11/19,,,20,0,🚀,3.0,
015567,北川 大成,A2,77.61,小倉@10/11-10/13;大垣@10/27-10/29;四日市@11/11-11/13;西武園@11/18-11/20;久留米@11/26-11/28,,,18,0,🥺,6.0,
015568,田川 翔琉,A1,86.00,奈良@10/14-10/16;大垣@10/27-10/29;武雄@11/09-11/11;福井@11/25-11/27,,,19,0,,3.4,
015569,谷口 力也,A1,89.50,熊本@10/12-10/14;名古屋@10/24-10/26;小倉@11/05-11/07;川崎@11/14-11/16;久留米@11/26-11/28,,,2,0,,,
015571,吉田 悟,A3,66.88,武雄@10/09-10/11;名古屋@10/24-10/26;小倉@11/05-11/07;高知@11/17-11/19,,,18,0,,4.0,
015594,金田 涼馬,A2,89.83,高知@10/17-10/19;西武園@10/30-11/01;四日市@11/11-11/13;静岡@11/24-11/26,大垣,大垣Ｆ２@10/06/5R;大垣Ｆ２@10/07/8R,18,0,,3.6,
015599,堀 航輝,A1,85.13,前橋@10/13-10/15;四日市@10/21-10/23;宇都宮@10/30-11/01;弥彦@11/07-11/09;名古屋@11/14-11/16,,,15,0,,4.0,
015600,照井 力斗,A1,85.42,いわき平@10/12-10/14;取手@10/19-10/21;西武園@10/30-11/01;高知@11/07-11/09;静岡@11/17-11/19,,,21,0,,3.4,
015602,比佐 宝太,A1,91.62,静岡@10/15-10/17;大垣@10/22-10/24;宇都宮@11/17-11/19;平塚@11/27-11/29,,,27,0,🚀,3.0,
015603,小坂 丈,A2,86.44,奈良@10/23-10/25;西武園@10/30-11/01;別府@11/15-11/17;静岡@11/24-11/26,四日,四日Ｆ１@10/07/1R;四日Ｆ１@10/08/5R,18,0,,3.8,
015606,近藤 圭佑,A3,77.88,いわき平@10/21-10/23;富山@11/10-11/12;川崎@11/23-11/25,,,18,1,🚀,2.8,
015607,中山 拓人,A2,88.66,いわき平@10/12-10/14;大宮@10/22-10/24;青森@11/08-11/10;大垣@11/18-11/20,,,21,0,🚀,2.4,
015611,長谷川 飛向,A1,89.47,前橋@10/13-10/15;大宮@11/04-11/06;四日市@11/11-11/13;名古屋@11/20-11/22,,,21,1,🚀,2.8,
015617,添田 龍児,A1,85.40,玉野@10/13-10/15;松阪@10/21-10/23;別府@11/04-11/06;松戸@11/13-11/15,前橋,前橋Ｆ２@10/06/3R;前橋Ｆ２@10/07/9R;前橋Ｆ２@10/08/6R,27,0,,3.4,
015618,高本 和也,A1,89.80,静岡@10/15-10/17;熊本@11/06-11/08;大垣@11/18-11/20;平塚@11/27-11/29,大宮,大宮Ｆ１@10/06/5R;大宮Ｆ１@10/07/4R;大宮Ｆ１@10/08/2R,21,0,🚀,2.6,
015621,長谷川 裕一,A2,77.52,小倉@10/11-10/13;青森@11/03-11/05;富山@11/15-11/17,,,21,0,🥺,5.4,
015622,伊藤 温希,A2,84.66,四日市@10/16-10/18;京王閣@10/26-10/28;松阪@11/11-11/13;名古屋@11/20-11/22,,,18,0,,3.4,
015623,野崎 翼,A2,81.00,奈良@10/09-10/11;広島@10/18-10/20;福井@11/11-11/13;西武園@11/23-11/25,,,21,0,🥺,4.6,
015625,真鍋 顕汰,A1,95.19,西武園@10/30-11/01;松阪@11/11-11/13;小松島@11/26-11/28,,,21,0,🚀,3.0,
015626,近谷 涼,A1,93.94,松阪@10/21-10/23;別府@10/28-10/30;富山@11/15-11/17;玉野@11/23-11/25,,,18,0,,4.0,
015627,南儀 拓海,A1,90.00,広島@10/18-10/20;京王閣@10/26-10/28;四日市@11/11-11/13;玉野@11/23-11/25,,,24,0,,4.4,
015632,常次 勇人,A1,92.26,豊橋@10/15-10/17;大宮@10/22-10/24;佐世保@11/11-11/13;静岡@11/24-11/26,,,27,0,🚀,2.4,
015633,中釜 健次,A1,86.92,四日市@10/16-10/18;別府@10/28-10/30;弥彦@11/07-11/09;西武園@11/23-11/25,,,27,0,🥺,5.4,
015634,末廣 快理,A2,91.96,豊橋@10/15-10/17;大宮@10/22-10/24;富山@11/10-11/12;玉野@11/23-11/25,,,23,0,🚀,3.0,
015635,藤岡 徹也,A1,83.57,四日市@10/21-10/23;福井@11/11-11/13;豊橋@11/21-11/23,平塚,平塚Ｆ１@10/08/2R,19,0,,4.2,
015637,近藤 雄太,A3,79.48,奈良@10/09-10/11;前橋@10/21-10/23;大宮@11/10-11/12;福井@11/19-11/21,,,27,0,,3.4,
015639,松下 綾馬,A1,88.70,熊本@10/12-10/14;小田原@10/20-10/22;久留米@11/01-11/03;宇都宮@11/08-11/10;小松島@11/26-11/28,,,27,0,🚀,2.4,
015640,矢部 駿人,A1,92.80,四日市@10/16-10/18;小松島@10/24-10/26;青森@11/08-11/10;広島@11/22-11/24;玉野@11/29-12/01,,,18,0,🚀,2.4,
015642,眞砂 英作,A2,84.04,玉野@10/13-10/15;川崎@10/20-10/22;豊橋@11/02-11/04;広島@11/22-11/24,,,23,0,,4.0,
015644,中野 光太郎,A1,80.88,奈良@10/09-10/11;小松島@10/24-10/26;青森@11/08-11/10;久留米@11/26-11/28,,,18,0,🥺,6.4,
015650,田代 匠,A2,87.76,四日市@10/16-10/18;久留米@10/27-10/29;別府@11/04-11/06;福井@11/25-11/27,大宮,大宮Ｆ１@10/06/1R;大宮Ｆ１@10/07/3R;大宮Ｆ１@10/08/3R,21,0,,3.4,
015652,橋本 陸,A1,87.33,玉野@10/13-10/15;小田原@10/26-10/28;京王閣@11/05-11/07;小倉@11/28-11/30,,,24,0,,4.2,
015655,一丸 尚伍,A1,98.14,大垣@10/27-10/29;別府@11/04-11/06;福井@11/11-11/13;前橋@11/20-11/22,,,21,0,🚀,1.2,
015657,高橋 優斗,A1,87.66,熊本@10/12-10/14;青森@10/29-10/31;宇都宮@11/08-11/10;松山@11/24-11/26,,,21,0,🚀,2.6,
015658,長松 大祐,A2,85.16,熊本@10/12-10/14;宇都宮@11/08-11/10;広島@11/22-11/24,,,24,0,,3.2,
015659,池田 伍功羽,A2,81.82,豊橋@10/15-10/17;別府@10/28-10/30;熊本@11/06-11/08;前橋@11/20-11/22,,,23,0,,4.4,
015662,中山 遼太郎,A2,84.66,武雄@10/17-10/19;名古屋@10/24-10/26;小倉@11/05-11/07;川崎@11/14-11/16;松戸@11/26-11/28,,,21,0,,3.6,
015664,米村 光星,A2,79.58,広島@10/18-10/20;弥彦@10/30-11/01;松戸@11/09-11/11;小松島@11/26-11/28,,,17,0,🥺,6.2,
015665,福田 要,A2,89.16,川崎@10/20-10/22;久留米@10/27-10/29;青森@11/08-11/10;広島@11/22-11/24,,,24,1,,3.8,
015685,小笠原 一真,A1,92.61,青森@10/29-10/31;松阪@11/11-11/13;前橋@11/20-11/22;小倉@11/28-11/30,,,21,0,,3.6,
015688,佐々木 祐太,A1,82.04,小田原@10/20-10/22;弥彦@10/30-11/01;松阪@11/11-11/13;西武園@11/23-11/25,,,20,0,🥺,5.6,
015689,菊地 圭,A1,94.04,富山@10/10-10/12;松阪@10/21-10/23;京王閣@11/05-11/07;大垣@11/18-11/20,,,21,0,🚀,2.8,
015691,岡部 伶音,A1,92.80,青森@10/29-10/31;小松島@11/16-11/18;静岡@11/24-11/26,前橋,前橋Ｆ２@10/06/9R;前橋Ｆ２@10/07/7R;前橋Ｆ２@10/08/6R,21,0,,3.4,
015693,松田 昂己,A2,85.75,奈良@10/14-10/16;取手@11/04-11/06;松阪@11/26-11/28,,,24,0,,3.8,
015698,佐藤 譲士郎,A3,77.21,武雄@10/27-10/29;福井@11/05-11/07;宇都宮@11/17-11/19,静岡,静岡Ｆ２@10/07/1R;静岡Ｆ２@10/08/3R,14,0,,,
015699,助川 翔太郎,A1,80.23,いわき平@10/12-10/14,,,21,1,🥺,5.4,
015700,吉田 晏生,A1,90.95,武雄@10/17-10/19;川崎@10/24-10/26;久留米@11/01-11/03;静岡@11/17-11/19;福井@11/25-11/27,前橋,前橋Ｆ２@10/06/7R;前橋Ｆ２@10/07/8R,24,0,,3.4,
015701,石田 典大,A1,86.37,小松島@10/24-10/26;青森@11/08-11/10;玉野@11/29-12/01,,,16,0,,4.0,
015704,坪内 恒,A1,89.83,小田原@10/20-10/22;弥彦@10/30-11/01;奈良@11/08-11/10;西武園@11/23-11/25,静岡,静岡Ｆ２@10/07/8R;静岡Ｆ２@10/08/9R,24,0,,3.2,
015705,鳥海 創,A2,81.00,大宮@10/22-10/24;宇都宮@10/30-11/01;玉野@11/12-11/14;西武園@11/23-11/25,前橋,前橋Ｆ２@10/06/7R;前橋Ｆ２@10/07/4R;前橋Ｆ２@10/08/2R,25,0,,4.2,
015707,池邉 聖,A1,81.30,川崎@10/09-10/11;富山@10/17-10/19;青森@10/24-10/26;高知@11/07-11/09;前橋@11/20-11/22,,,30,0,🥺,5.2,
015708,山口 直樹,A3,73.16,前橋@10/13-10/15;防府@10/23-10/25;熊本@10/31-11/02;大宮@11/10-11/12;小倉@11/28-11/30,,,24,0,,3.2,
015709,神尾 敬冬,A1,87.86,いわき平@10/12-10/14;取手@10/19-10/21;静岡@11/02-11/04;武雄@11/09-11/11,,,15,0,🥺,4.6,
015710,鈴木 康平,A3,66.64,青森@10/19-10/21;福井@11/05-11/07;武雄@11/14-11/16;川崎@11/23-11/25,,,25,0,,4.0,
015712,松本 京太,A1,92.80,富山@10/17-10/19;西武園@10/30-11/01;川崎@11/14-11/16;松戸@11/26-11/28,大垣,大垣Ｆ２@10/06/9R;大垣Ｆ２@10/07/7R;大垣Ｆ２@10/08/7R,15,0,🚀,2.4,
015714,望月 嘉人,A3,72.41,前橋@10/13-10/15;いわき平@10/21-10/23;松戸@10/30-11/01;富山@11/10-11/12;宇都宮@11/17-11/19,,,17,0,🥺,4.6,
015719,出口 謙一郎,A1,91.16,豊橋@10/15-10/17;岐阜@10/28-10/30;名古屋@11/14-11/16;松山@11/24-11/26,,,24,0,,3.4,
015720,山元 大夢,A3,76.68,名古屋@10/24-10/26;福井@11/05-11/07;富山@11/26-11/28,大垣,大垣Ｆ２@10/06/2R;大垣Ｆ２@10/07/4R;大垣Ｆ２@10/08/3R,16,1,,3.2,
015721,内山 慧大,A1,91.54,奈良@10/14-10/16;川崎@11/14-11/16;福井@11/25-11/27,,,24,0,,3.6,
015722,竹澤 雅也,A2,78.78,岐阜@10/10-10/12;松阪@10/21-10/23;大宮@11/04-11/06;松山@11/17-11/19,,,23,0,🥺,5.6,
015726,龍野 琳太郎,A1,88.37,別府@10/14-10/16;名古屋@10/24-10/26;青森@11/03-11/05;松山@11/17-11/19;福井@11/25-11/27,,,27,0,,3.8,
015732,宮道 良輔,A3,73.25,四日市@10/16-10/18;武雄@10/27-10/29;小倉@11/05-11/07;佐世保@11/27-11/29,高知,高知Ｆ２@10/07/3R;高知Ｆ２@10/08/4R,27,0,,4.2,
015734,岡崎 陸登,A1,89.66,岐阜@10/10-10/12;小松島@10/24-10/26;宇都宮@11/08-11/10;高知@11/17-11/19;奈良@11/29-12/01,,,21,0,🚀,2.4,
015735,岡本 翔,A2,82.19,小松島@10/24-10/26;松山@11/08-11/10;富山@11/15-11/17;奈良@11/22-11/24,大宮,大宮Ｆ１@10/06/4R;大宮Ｆ１@10/07/2R;大宮Ｆ１@10/08/1R,21,0,,4.0,
015736,中岡 海,A2,76.61,小田原@10/20-10/22;久留米@10/27-10/29;佐世保@11/11-11/13;奈良@11/29-12/01,,,18,0,🥺,5.2,
015737,火島 裕輝,A1,85.25,小田原@10/20-10/22;別府@11/04-11/06;福井@11/11-11/13;松戸@11/26-11/28,,,27,0,,4.0,
015739,楠本 政明,A3,70.57,奈良@10/09-10/11;四日市@10/16-10/18;佐世保@11/11-11/13;小倉@11/28-11/30,,,21,0,,3.4,
015740,櫻木 雄太,A1,83.70,四日市@10/16-10/18;久留米@10/27-10/29;西武園@11/18-11/20;小松島@11/26-11/28,,,17,0,🥺,5.6,
015741,堀川 敬太郎,A1,91.85,奈良@10/09-10/11;広島@10/18-10/20;弥彦@10/30-11/01;熊本@11/06-11/08;小松島@11/16-11/18,,,21,0,,3.6,
015742,堀越 翔己,A2,83.16,高知@10/17-10/19;松山@11/08-11/10;玉野@11/29-12/01,,,24,0,,4.2,
015743,丸林 駿太,A2,78.61,豊橋@10/15-10/17;武雄@10/27-10/29;高知@11/07-11/09;奈良@11/29-12/01,,,18,0,🥺,6.0,
015746,峯口 司,A2,84.78,奈良@10/09-10/11;武雄@10/27-10/29;別府@11/04-11/06;四日市@11/11-11/13,,,14,0,,3.6,
015748,田中 会心,A1,87.92,熊本@10/12-10/14;岐阜@10/28-10/30;高知@11/07-11/09;松阪@11/26-11/28,,,24,0,,4.2,
015750,徳永 泰粋,A1,88.66,熊本@10/12-10/14;佐世保@11/11-11/13;静岡@11/24-11/26,,,24,0,,3.8,
015751,半田 誠,A1,96.28,岐阜@10/10-10/12;高知@10/17-10/19;熊本@11/06-11/08;奈良@11/22-11/24,,,21,0,🚀,2.6,
015752,石川 航大,A1,90.50,富山@10/10-10/12;武雄@10/17-10/19;大垣@10/27-10/29;別府@11/04-11/06;四日市@11/11-11/13,,,24,0,,3.4,
015753,枝村 弘樹,A1,88.15,豊橋@10/15-10/17;名古屋@10/24-10/26;静岡@11/02-11/04;高知@11/17-11/19,,,20,0,🥺,4.6,
015754,成海 大聖,A2,86.14,別府@10/28-10/30;京王閣@11/05-11/07;松山@11/17-11/19,四日,四日Ｆ１@10/07/4R;四日Ｆ１@10/08/5R,21,0,🥺,4.6,
015780,小田 恭介,A1,85.60,大宮@10/22-10/24;青森@11/08-11/10;玉野@11/23-11/25,前橋,前橋Ｆ２@10/06/5R;前橋Ｆ２@10/07/6R;前橋Ｆ２@10/08/7R,15,0,,3.4,
015781,齊藤 英伊須,A1,95.45,青森@10/24-10/26;宇都宮@11/08-11/10;別府@11/15-11/17;広島@11/22-11/24,,,24,0,🚀,3.0,
015783,吉田 優斗,A1,88.00,富山@10/17-10/19;川崎@10/24-10/26;久留米@11/01-11/03;西武園@11/23-11/25,四日,四日Ｆ１@10/07/4R;四日Ｆ１@10/08/4R,19,0,,3.4,
015785,福田 健太,A1,89.14,武雄@10/17-10/19;青森@10/24-10/26;熊本@11/06-11/08;静岡@11/17-11/19,平塚,平塚Ｆ１@10/08/2R,21,0,,4.2,
015788,平根 優大,A2,92.08,取手@10/19-10/21;岐阜@10/28-10/30;松阪@11/11-11/13;西武園@11/23-11/25,,,24,0,🚀,2.2,
015790,藤田 祐大,A1,95.27,四日市@10/21-10/23;別府@11/04-11/06;前橋@11/20-11/22,平塚,平塚Ｆ１@10/08/5R,22,0,🚀,1.6,
015791,岡部 陸斗,A1,94.95,奈良@10/14-10/16;取手@11/04-11/06;福井@11/11-11/13;広島@11/22-11/24,,,21,0,🚀,1.4,
015792,貝原 涼太,A1,86.40,いわき平@10/12-10/14;大垣@10/22-10/24;宇都宮@11/08-11/10;富山@11/15-11/17,,,27,0,🚀,3.0,
015795,今井 希,A1,87.92,静岡@10/15-10/17;大宮@10/22-10/24;取手@11/04-11/06;松阪@11/11-11/13,,,27,0,,4.4,
015796,川田 真也,A1,86.52,小田原@10/20-10/22;武雄@10/27-10/29;松戸@11/13-11/15;豊橋@11/21-11/23;小倉@11/28-11/30,静岡,静岡Ｆ２@10/07/6R;静岡Ｆ２@10/08/8R,21,0,,3.4,
015797,中島 淳,A2,89.66,静岡@10/15-10/17;小田原@10/26-10/28;京王閣@11/05-11/07;名古屋@11/14-11/16,,,24,0,🚀,2.8,
015798,橋谷 成海,A1,84.76,玉野@10/13-10/15;川崎@10/20-10/22;京王閣@11/05-11/07;小田原@11/21-11/23,大宮,大宮Ｆ１@10/06/2R;大宮Ｆ１@10/07/2R;大宮Ｆ１@10/08/1R,21,0,🥺,6.0,
015800,川越 宏臣,A2,89.33,小倉@10/11-10/13;小田原@11/01-11/03;松山@11/08-11/10,,,24,0,🚀,2.6,
015801,織茂 雄一郎,A3,75.70,青森@10/19-10/21;和歌山@10/26-10/28;武雄@11/02-11/04;名古屋@11/20-11/22,,,20,1,🚀,2.6,
015803,西村 剛,A1,89.90,富山@10/17-10/19;武雄@11/09-11/11;宇都宮@11/17-11/19,前橋,前橋Ｆ２@10/06/6R;前橋Ｆ２@10/07/7R;前橋Ｆ２@10/08/9R,21,0,,3.6,
015805,山下 祐輔,A1,92.55,大宮@10/22-10/24;取手@11/04-11/06;奈良@11/22-11/24,,,18,0,🚀,1.8,
015806,山本 天平,A2,86.25,川崎@10/09-10/11;武雄@10/27-10/29;奈良@11/08-11/10;西武園@11/18-11/20,,,17,0,,4.2,
015809,高野 信元,A1,92.23,四日市@10/16-10/18;青森@10/29-10/31;小倉@11/05-11/07;富山@11/15-11/17,,,21,0,🥺,5.2,
015810,瀧川 幸広,A2,81.66,岐阜@10/10-10/12;大垣@10/27-10/29;小倉@11/05-11/07;奈良@11/29-12/01,,,24,0,,3.4,
015811,水谷 亮太,A2,87.52,佐世保@10/18-10/20;高知@11/17-11/19;富山@11/26-11/28,大垣,大垣Ｆ２@10/06/7R;大垣Ｆ２@10/07/7R;大垣Ｆ２@10/08/9R,21,0,,4.0,
015812,森崎 英登,A1,85.44,奈良@10/09-10/11;取手@10/19-10/21;松阪@11/11-11/13;西武園@11/18-11/20,,,24,0,,3.4,
015813,山本 和虎,A2,82.40,四日市@10/21-10/23;青森@10/29-10/31;奈良@11/08-11/10;平塚@11/27-11/29,,,22,0,,4.0,
015817,梅澤 忠秀,A1,95.38,佐世保@10/18-10/20;宇都宮@10/30-11/01;奈良@11/08-11/10;松山@11/17-11/19,平塚,平塚Ｆ１@10/08/5R,21,0,🚀,1.4,
015819,弓矢 輪太郎,A1,84.90,四日市@10/16-10/18;久留米@10/27-10/29;熊本@11/06-11/08;奈良@11/14-11/16;豊橋@11/21-11/23,,,21,0,🚀,3.0,
015820,岩元 叶馬,A1,85.62,岐阜@10/10-10/12;青森@10/29-10/31;奈良@11/08-11/10;松山@11/17-11/19,,,24,0,,3.8,
015821,志田 愛希飛,A1,94.09,富山@10/10-10/12;小田原@10/20-10/22;大垣@10/27-10/29;名古屋@11/14-11/16;松阪@11/26-11/28,,,21,0,🚀,2.6,
015824,中嶋 響,A3,64.55,取手@10/19-10/21;奈良@11/02-11/04;四日市@11/23-11/25,大垣,大垣Ｆ２@10/06/1R;大垣Ｆ２@10/07/1R;大垣Ｆ２@10/08/2R,9,1,🥺,6.6,
015827,藤原 夏志,A2,81.83,豊橋@10/15-10/17;松阪@10/21-10/23;別府@10/28-10/30;高知@11/07-11/09;奈良@11/22-11/24,,,18,0,🥺,5.2,
015828,秋末 蓮,A2,86.71,四日市@10/21-10/23;青森@11/03-11/05;奈良@11/14-11/16;富山@11/26-11/28,大垣,大垣Ｆ２@10/06/6R;大垣Ｆ２@10/07/6R;大垣Ｆ２@10/08/5R,21,0,🚀,3.0,
015829,油谷 蒼,A2,80.80,松阪@10/21-10/23;武雄@11/09-11/11;松山@11/24-11/26,,,15,0,🥺,4.6,
015830,細中 翔太,A1,92.83,奈良@10/14-10/16;川崎@10/20-10/22;別府@10/28-10/30;高知@11/17-11/19;松戸@11/26-11/28,,,24,0,,3.8,
015831,三木 健正,A1,81.90,富山@10/10-10/12;佐世保@10/18-10/20;別府@11/04-11/06;玉野@11/12-11/14;松山@11/24-11/26,,,21,0,,4.4,
015833,野村 賢,A1,87.80,武雄@10/17-10/19;久留米@10/27-10/29;大宮@11/04-11/06;小松島@11/16-11/18,平塚,平塚Ｆ１@10/08/2R,21,0,🚀,2.4,
015834,原田 峻治,A2,83.10,奈良@10/14-10/16;小松島@10/24-10/26;武雄@11/09-11/11;西武園@11/18-11/20;玉野@11/29-12/01,,,20,0,,3.8,
015835,藤井 優希,A1,91.00,大垣@10/27-10/29;高知@11/07-11/09;豊橋@11/21-11/23,,,18,0,,3.4,
015838,森 柾斗,A2,86.04,別府@10/14-10/16;奈良@10/23-10/25;小松島@11/16-11/18;松山@11/24-11/26,,,23,0,🚀,2.6,
015839,船山 真生,A1,92.23,佐世保@10/18-10/20;久留米@11/01-11/03;松山@11/08-11/10,,,21,1,🥺,5.2,
015841,中西 勇,A3,76.16,岐阜@10/10-10/12;大宮@11/10-11/12;福井@11/19-11/21;小倉@11/28-11/30,,,24,0,🚀,2.4,
015843,松本 昂大,A1,86.76,武雄@10/17-10/19;大垣@10/27-10/29;佐世保@11/11-11/13;豊橋@11/21-11/23,,,21,0,🚀,3.0,
015844,小山 峻汰,A2,79.00,熊本@10/12-10/14;川崎@10/20-10/22;静岡@11/02-11/04;佐世保@11/11-11/13;松戸@11/26-11/28,,,21,0,🥺,5.6,
015845,稲留 敦貴,A2,89.58,小田原@10/20-10/22;武雄@10/27-10/29;京王閣@11/05-11/07;玉野@11/23-11/25,,,24,0,🚀,2.8,
015846,入田 龍馬,A3,76.12,青森@10/14-10/16;武雄@10/27-10/29;松山@11/08-11/10;小松島@11/16-11/18,,,25,1,🚀,2.2,
015847,寺師 幸成,A1,86.33,小田原@10/20-10/22;武雄@10/27-10/29;青森@11/03-11/05;佐世保@11/11-11/13,四日,四日Ｆ１@10/07/2R;四日Ｆ１@10/08/4R,15,1,,3.8,
015848,與古田 龍門,A3,73.83,防府@10/23-10/25;熊本@10/31-11/02;松山@11/08-11/10;小松島@11/16-11/18,高知,高知Ｆ２@10/07/1R;高知Ｆ２@10/08/7R,18,0,🚀,2.4,
015869,杉浦 颯太,A2,93.50,小田原@10/20-10/22;青森@10/29-10/31;奈良@11/14-11/16;松戸@11/26-11/28,,,16,1,🚀,2.2,
015870,畑崎 大輝,A2,88.56,弥彦@10/30-11/01;川崎@11/14-11/16;福井@11/25-11/27,,,16,0,🚀,2.8,
015871,三浦 生誠,A2,80.44,川崎@10/09-10/11;高知@11/07-11/09;小田原@11/21-11/23;奈良@11/29-12/01,,,18,0,🥺,6.2,
015872,池田 充槻,A2,91.44,高知@10/17-10/19;青森@10/24-10/26;小田原@11/01-11/03;福井@11/11-11/13,,,18,0,🚀,2.0,
015873,十文字 悠真,A3,75.72,いわき平@10/21-10/23;名古屋@10/30-11/01;大宮@11/10-11/12;前橋@11/20-11/22,,,25,0,🚀,2.6,
015874,角田 吏,A3,78.66,大宮@10/12-10/14;川崎@10/20-10/22;富山@11/10-11/12;静岡@11/17-11/19;佐世保@11/27-11/29,,,21,0,🚀,1.2,
015875,邊見 竜馬,A2,95.04,静岡@10/15-10/17;川崎@10/24-10/26;青森@11/03-11/05;玉野@11/23-11/25,大垣,大垣Ｆ２@10/06/8R;大垣Ｆ２@10/07/9R;大垣Ｆ２@10/08/9R,21,0,🚀,2.0,
015876,三神 遼矢,S2,99.72,四日市@11/05-11/08;別府@11/15-11/17,,,18,0,,3.2,
015877,三澤 優樹,S2,96.66,久留米@11/01-11/03;立川@11/12-11/15;静岡@11/24-11/26,,,21,0,,4.0,
015878,椎名 俊介,A2,94.05,川崎@10/09-10/11;大宮@10/22-10/24;宇都宮@10/30-11/01;四日市@11/11-11/13;西武園@11/23-11/25,,,18,0,🚀,2.0,
015879,西本 健三郎,A2,86.38,いわき平@10/12-10/14;青森@10/24-10/26;武雄@11/09-11/11;西武園@11/18-11/20,,,21,0,,3.4,
015880,吉岡 優太,A2,89.42,松阪@10/21-10/23;武雄@10/27-10/29;宇都宮@11/08-11/10;奈良@11/22-11/24,,,21,0,,3.2,
015881,関口 朗斗,A3,75.83,前橋@10/21-10/23;宇都宮@10/30-11/01;武雄@11/14-11/16;川崎@11/23-11/25,大垣,大垣Ｆ２@10/06/2R,12,0,,4.2,
015882,木村 優駿,A2,88.07,大垣@10/22-10/24;静岡@11/02-11/04;久留米@11/26-11/28,前橋,前橋Ｆ２@10/06/8R;前橋Ｆ２@10/07/8R;前橋Ｆ２@10/08/7R,27,0,🚀,2.8,
015883,吉田 夢希斗,A2,80.38,玉野@10/13-10/15;川崎@10/20-10/22;取手@11/04-11/06;名古屋@11/20-11/22,大宮,大宮Ｆ１@10/06/1R;大宮Ｆ１@10/07/1R;大宮Ｆ１@10/08/2R,21,0,,3.4,
015884,秋山 太洋,A3,77.52,前橋@10/13-10/15;武雄@10/27-10/29;福井@11/05-11/07;奈良@11/22-11/24,,,21,0,,3.4,
015885,五輪 拓巳,A2,81.66,武雄@10/17-10/19;川崎@10/24-10/26;松戸@11/13-11/15;松山@11/24-11/26,静岡,静岡Ｆ２@10/07/8R;静岡Ｆ２@10/08/7R,21,0,,3.2,
015886,中川 飛隆,A3,73.53,取手@10/19-10/21;松山@11/08-11/10;宇都宮@11/17-11/19,高知,高知Ｆ２@10/07/4R;高知Ｆ２@10/08/6R,15,0,,3.8,
015887,星野 京旺,A3,71.80,富山@10/17-10/19;松戸@10/30-11/01;大宮@11/10-11/12;佐世保@11/27-11/29,,,21,0,,3.8,
015888,水澤 秀哉,A2,88.16,富山@10/10-10/12;取手@10/19-10/21;熊本@11/06-11/08;松戸@11/26-11/28,,,24,0,,3.8,
015889,大本 隆也,A3,75.33,川崎@10/09-10/11;取手@10/19-10/21;奈良@11/02-11/04;玉野@11/12-11/14;名古屋@11/20-11/22,,,18,1,,3.4,
015890,中 秀平,A3,73.60,大宮@10/12-10/14;武雄@11/02-11/04;奈良@11/14-11/16,,,30,0,,3.4,
015892,山本 和瑳,A2,79.33,小田原@11/01-11/03;宇都宮@11/08-11/10,静岡,静岡Ｆ２@10/07/6R;静岡Ｆ２@10/08/10R,21,0,🥺,5.6,
015893,岩辺 陸,A2,91.00,松阪@10/21-10/23;弥彦@11/07-11/09;宇都宮@11/17-11/19;富山@11/26-11/28,平塚,平塚Ｆ１@10/08/4R,18,0,,4.2,
015894,大塚 城,A2,91.81,四日市@10/21-10/23;宇都宮@10/30-11/01;富山@11/10-11/12;前橋@11/20-11/22,,,16,0,🚀,1.6,
015895,鈴木 小次廊,A2,84.09,川崎@10/24-10/26;取手@11/04-11/06;松阪@11/11-11/13,前橋,前橋Ｆ２@10/06/4R;前橋Ｆ２@10/07/5R;前橋Ｆ２@10/08/5R,21,0,🚀,2.8,
015897,森 飛龍,A2,80.30,川崎@10/09-10/11;岐阜@10/28-10/30;青森@11/08-11/10;別府@11/15-11/17,,,20,0,🥺,5.0,
015898,岩原 健馬,A2,82.85,玉野@10/13-10/15;岐阜@10/28-10/30;奈良@11/14-11/16;小松島@11/26-11/28,,,21,0,🥺,5.0,
015899,加藤 駿,A2,89.29,別府@10/14-10/16;久留米@11/01-11/03;武雄@11/09-11/11,,,24,0,🚀,2.8,
015900,花田 雄飛,A3,71.22,奈良@10/09-10/11;小倉@11/05-11/07;名古屋@11/20-11/22,,,27,0,,3.2,
015901,真木 寛斗,A2,91.04,小松島@10/24-10/26;富山@11/10-11/12;小田原@11/21-11/23,大宮,大宮Ｆ１@10/06/4R,24,0,🚀,2.8,
015902,安達 光伸,A2,93.41,小田原@10/26-10/28;高知@11/07-11/09;西武園@11/18-11/20,,,17,0,🚀,1.8,
015903,谷澤 優貴,A2,86.52,奈良@10/09-10/11;佐世保@10/18-10/20;宇都宮@10/30-11/01;弥彦@11/07-11/09;名古屋@11/14-11/16,,,18,0,,3.6,
015904,辻田 祥大,A2,89.00,四日市@10/16-10/18;久留米@10/27-10/29;大宮@11/04-11/06;西武園@11/23-11/25,,,18,0,🚀,2.6,
015905,上野 幸星,A3,67.79,富山@10/17-10/19;和歌山@10/26-10/28;弥彦@11/07-11/09;奈良@11/14-11/16,静岡,静岡Ｆ２@10/07/4R;静岡Ｆ２@10/08/2R,24,0,,4.0,
015906,林 佳宗依,A2,80.38,富山@10/10-10/12;松阪@10/21-10/23;宇都宮@11/17-11/19;静岡@11/24-11/26,,,21,0,🥺,4.8,
015907,上杉 有弘,A2,93.12,富山@10/10-10/12;取手@10/19-10/21;福井@11/11-11/13;奈良@11/22-11/24,,,24,0,🚀,2.6,
015908,川村 峻輝,A2,,熊本@10/12-10/14;奈良@10/23-10/25;富山@11/15-11/17;玉野@11/29-12/01,,,0,0,,,
015909,馬越 裕之,A2,81.64,広島@10/18-10/20;奈良@11/08-11/10;松阪@11/26-11/28,,,14,0,🥺,5.0,
015910,土生 智徳,A2,83.95,岐阜@10/10-10/12;西武園@10/30-11/01;四日市@11/11-11/13;富山@11/26-11/28,,,23,0,🥺,6.6,
015911,松田 安綱,A2,92.77,大垣@10/22-10/24;松阪@11/11-11/13;福井@11/25-11/27,,,27,0,🚀,2.4,
015912,安達 豪太,A3,70.50,岐阜@10/10-10/12;取手@10/19-10/21;奈良@11/02-11/04;宇都宮@11/17-11/19,,,8,0,,4.2,
015913,一守 大葵,A2,92.35,名古屋@10/24-10/26;小田原@11/01-11/03;大垣@11/18-11/20;平塚@11/27-11/29,静岡,静岡Ｆ２@10/07/10R;静岡Ｆ２@10/08/10R,20,0,🚀,1.8,
015914,西森 一稀,A2,90.87,小田原@10/20-10/22;名古屋@11/14-11/16;豊橋@11/21-11/23,,,24,0,🚀,2.2,
015915,柏野 健吾,A2,80.12,豊橋@10/15-10/17;岐阜@10/28-10/30;松山@11/08-11/10;松戸@11/26-11/28,,,25,0,🥺,6.4,
015916,小西 涼太,A2,81.00,玉野@10/13-10/15;武雄@10/27-10/29;京王閣@11/05-11/07;松山@11/24-11/26,,,3,0,,3.4,
015918,土井 慎二,A2,83.70,高知@10/17-10/19;別府@11/15-11/17;奈良@11/22-11/24,,,24,0,,3.6,
015919,藤田 楓,A2,94.45,奈良@10/09-10/11;武雄@10/17-10/19;熊本@11/06-11/08;広島@11/22-11/24,,,24,0,🚀,1.0,
015920,吉野 太晟,A2,88.58,別府@10/14-10/16;弥彦@10/30-11/01;宇都宮@11/08-11/10;小松島@11/26-11/28,,,24,0,,3.8,
015921,伊藤 涼介,A2,93.70,,,,10,1,,,
015922,中田 拓也,A2,90.95,富山@10/10-10/12;佐世保@10/18-10/20;京王閣@10/26-10/28;小倉@11/05-11/07;前橋@11/20-11/22,,,24,0,🚀,3.0,
015923,右近 陸人,A3,69.59,武雄@10/09-10/11;防府@10/23-10/25;小倉@11/05-11/07;前橋@11/20-11/22,,,22,1,🥺,5.0,
015924,利川 寛太,A2,81.07,久留米@10/27-10/29;大宮@11/04-11/06;小倉@11/28-11/30,,,27,0,🥺,5.8,
015925,川西 康彦,A2,84.27,小倉@10/11-10/13;小田原@10/26-10/28;別府@11/04-11/06;松山@11/17-11/19;奈良@11/29-12/01,,,18,0,,3.4,
015926,諸隈 健太郎,A2,91.33,名古屋@10/24-10/26;青森@11/03-11/05;玉野@11/29-12/01,,,24,0,🚀,2.2,
015927,長野 魅切,A1,94.86,広島@10/18-10/20;静岡@11/02-11/04;武雄@11/09-11/11;玉野@11/23-11/25,,,23,0,🚀,2.2,
015928,尾野 翔一,A1,95.58,四日市@10/16-10/18;小松島@10/24-10/26;青森@11/08-11/10;松山@11/17-11/19,,,17,0,🚀,2.0,
015929,鶴 淳志,A2,85.33,岐阜@10/10-10/12;静岡@11/02-11/04;佐世保@11/11-11/13;松阪@11/26-11/28,,,21,0,🥺,5.0,
015930,野津 宏介,A2,87.40,川崎@10/20-10/22;別府@10/28-10/30;京王閣@11/05-11/07;玉野@11/12-11/14;豊橋@11/21-11/23,,,15,0,,3.8,
015931,山口 留稀哉,A2,90.14,佐世保@10/18-10/20;青森@10/29-10/31;富山@11/15-11/17;広島@11/22-11/24,,,21,0,🚀,2.8,
015932,生野 優翔,A2,89.14,広島@10/18-10/20;豊橋@11/02-11/04;玉野@11/23-11/25,平塚,平塚Ｆ１@10/08/3R,18,0,,3.2,
015933,山本 康旗,A2,82.00,奈良@10/09-10/11;武雄@10/17-10/19;京王閣@10/26-10/28;小松島@11/16-11/18;静岡@11/24-11/26,,,13,0,🥺,4.8,
015934,吉田 航,A2,88.78,四日市@10/16-10/18;大垣@10/27-10/29;小倉@11/05-11/07;前橋@11/20-11/22,,,23,1,🚀,2.4,
015935,佐藤 魁皇,A3,76.95,青森@10/19-10/21;名古屋@10/30-11/01;大宮@11/10-11/12;武雄@11/23-11/25,,,21,0,🚀,2.2,
015936,下山 聖斗,A3,78.00,前橋@10/21-10/23;宇都宮@11/08-11/10;福井@11/19-11/21,,,27,0,🚀,2.6,
015937,新垣 慶晃,A2,85.61,高知@10/17-10/19;小松島@10/24-10/26;久留米@11/01-11/03;松山@11/24-11/26,,,21,0,,4.0,
015958,庄子 琢心,A3,75.80,松戸@10/30-11/01;奈良@11/08-11/10;静岡@11/17-11/19,,,21,0,🚀,2.4,
015959,中野 楚樂,A3,80.88,取手@10/19-10/21;和歌山@10/26-10/28;福井@11/05-11/07;西武園@11/23-11/25,高知,高知Ｆ２@10/07/5R;高知Ｆ２@10/08/5R,18,0,🚀,1.2,
015960,阿部 蒼大,A3,78.50,前橋@10/13-10/15;熊本@10/31-11/02;川崎@11/23-11/25,,,8,0,,,
015961,榊枝 天旺,A3,78.55,川崎@10/09-10/11;青森@10/19-10/21;武雄@11/02-11/04;玉野@11/12-11/14,,,18,0,🚀,2.4,
015962,福田 悠航,A3,71.00,青森@10/14-10/16;奈良@11/02-11/04;宇都宮@11/17-11/19,,,13,0,,4.4,
015963,福地 晶,A3,74.00,前橋@10/13-10/15;大宮@10/22-10/24;松山@11/08-11/10;武雄@11/23-11/25,大垣,大垣Ｆ２@10/06/1R;大垣Ｆ２@10/07/3R;大垣Ｆ２@10/08/8R,18,0,🚀,1.8,
015964,柳沼 鼓太朗,A3,77.90,いわき平@10/21-10/23;熊本@10/31-11/02;武雄@11/14-11/16,高知,高知Ｆ２@10/07/1R;高知Ｆ２@10/08/6R,20,0,🚀,2.2,
015965,篠原 輝利,A3,79.88,取手@10/19-10/21;大宮@11/10-11/12;奈良@11/22-11/24,大垣,大垣Ｆ２@10/06/4R;大垣Ｆ２@10/07/4R;大垣Ｆ２@10/08/8R,18,0,🚀,1.8,
015966,近内 三孝,A3,65.90,川崎@10/20-10/22;宇都宮@10/30-11/01;奈良@11/14-11/16;佐世保@11/27-11/29,,,21,0,🥺,6.2,
015967,田崎 隼翔,A3,79.71,青森@10/19-10/21;福井@11/05-11/07;武雄@11/23-11/25,静岡,静岡Ｆ２@10/07/4R;静岡Ｆ２@10/08/4R,21,0,🚀,1.2,
015968,渡邉 拓,A3,79.76,名古屋@10/30-11/01;松山@11/08-11/10;西武園@11/23-11/25,,,26,0,🚀,1.2,
015969,北村 翔太,A3,75.44,青森@10/14-10/16;熊本@10/31-11/02;名古屋@11/20-11/22,,,18,0,🚀,2.2,
015970,田沼 龍弥,A3,76.38,前橋@10/21-10/23;奈良@11/02-11/04;玉野@11/12-11/14,高知,高知Ｆ２@10/07/3R;高知Ｆ２@10/08/7R,21,0,🚀,1.8,
015971,阿部 凪汰,A3,77.57,大宮@10/12-10/14;松戸@10/30-11/01;玉野@11/12-11/14;前橋@11/20-11/22,,,21,0,🚀,2.6,
015972,佐藤 凱王,A3,70.00,大宮@10/12-10/14;武雄@10/27-10/29;宇都宮@11/08-11/10;小松島@11/16-11/18,,,18,0,,4.2,
015973,長川 達哉,A3,79.47,前橋@10/13-10/15;防府@10/23-10/25;小松島@11/16-11/18;小倉@11/28-11/30,,,23,0,🚀,1.4,
015974,山下 季秦,A3,73.11,大宮@10/22-10/24;武雄@11/14-11/16;川崎@11/23-11/25,,,18,0,,4.0,
015975,小笠原 匠海,A2,82.20,奈良@10/14-10/16;松戸@11/09-11/11;小松島@11/16-11/18,,,20,0,🚀,1.6,
015976,勝沼 遼,A3,78.11,川崎@10/09-10/11;宇都宮@10/30-11/01;富山@11/10-11/12;前橋@11/20-11/22,,,18,0,🚀,2.2,
015977,齊藤 宏樹,A3,73.80,和歌山@10/26-10/28;大宮@11/10-11/12;富山@11/26-11/28,,,21,0,,3.4,
015978,中西 将太郎,A3,78.80,青森@10/19-10/21;別府@11/04-11/06;武雄@11/23-11/25,,,20,1,🚀,1.6,
015979,福田 海響,A3,80.66,川崎@10/09-10/11;前橋@10/21-10/23;弥彦@11/07-11/09;奈良@11/14-11/16,,,15,0,🚀,1.4,
015980,吉川 敬介,A3,80.19,富山@10/17-10/19;松戸@10/30-11/01;奈良@11/08-11/10;静岡@11/17-11/19,,,21,0,🚀,1.2,
015981,小川 佑希也,A3,73.35,川崎@10/20-10/22;熊本@10/31-11/02;静岡@11/17-11/19,,,17,0,🚀,2.4,
015982,中村 嶺央,A2,83.23,静岡@11/17-11/19;玉野@11/29-12/01,,,21,0,🚀,1.6,
015983,大村 涼兼,A3,78.74,武雄@10/27-10/29;弥彦@11/07-11/09;富山@11/26-11/28,,,27,0,🚀,1.8,
015984,藤岡 祐馬,A3,73.08,松戸@10/30-11/01;宇都宮@11/08-11/10;西武園@11/23-11/25,,,24,1,,3.2,
015985,山本 真,A3,76.25,名古屋@10/30-11/01;武雄@11/14-11/16;小倉@11/28-11/30,,,24,0,🚀,2.8,
015986,鈴木 那樹,A3,79.55,いわき平@10/21-10/23;宇都宮@11/17-11/19;佐世保@11/27-11/29,静岡,静岡Ｆ２@10/07/5R;静岡Ｆ２@10/08/5R,20,0,🚀,2.0,
015987,松田 祥位,A3,77.77,前橋@10/21-10/23;大宮@11/10-11/12,,,9,0,,,
015988,鴨下 佳朋,A3,75.71,武雄@10/09-10/11;名古屋@10/24-10/26;熊本@10/31-11/02;宇都宮@11/17-11/19,,,21,0,🚀,2.2,
015989,松木 一将,A3,70.66,大宮@10/12-10/14;名古屋@10/30-11/01;奈良@11/08-11/10;佐世保@11/27-11/29,,,15,0,,3.4,
015990,児玉 東次郎,A3,73.83,取手@10/19-10/21;奈良@11/02-11/04;名古屋@11/20-11/22,大垣,大垣Ｆ２@10/06/3R;大垣Ｆ２@10/07/3R;大垣Ｆ２@10/08/3R,18,0,,4.0,
015991,坂井 央雅,A3,79.90,富山@10/17-10/19;大宮@11/10-11/12;高知@11/17-11/19,,,21,0,🚀,1.2,
015992,永田 吏玖,A3,72.95,宇都宮@10/30-11/01;大宮@11/10-11/12;福井@11/19-11/21,,,21,0,,4.2,
015993,西澤 優聖,A3,78.29,四日市@10/16-10/18;小倉@11/05-11/07;福井@11/19-11/21,,,27,0,🚀,1.0,
015994,林 欣司,A3,70.05,岐阜@10/10-10/12;久留米@10/27-10/29;富山@11/10-11/12;佐世保@11/27-11/29,,,18,0,,4.4,
015995,伊藤 京介,A2,87.04,取手@10/19-10/21;大垣@10/27-10/29;熊本@11/06-11/08;名古屋@11/20-11/22,,,21,0,🚀,2.2,
015996,白井 輝,A3,76.04,取手@10/19-10/21;和歌山@10/26-10/28;福井@11/05-11/07;奈良@11/14-11/16,,,21,0,,3.4,
015997,片岡 遼真,A3,75.75,いわき平@10/21-10/23;福井@11/05-11/07;奈良@11/22-11/24,静岡,静岡Ｆ２@10/07/3R;静岡Ｆ２@10/08/3R,20,0,🚀,2.2,
015998,木曽田 晃大,A3,74.57,富山@10/17-10/19;奈良@11/02-11/04;佐世保@11/11-11/13,静岡,静岡Ｆ２@10/07/2R;静岡Ｆ２@10/08/4R,21,0,,3.6,
015999,冨倉 巧,A3,74.20,大宮@10/12-10/14;いわき平@10/21-10/23;奈良@11/14-11/16;四日市@11/23-11/25,,,20,0,,3.4,
016000,北宅 柊麻,A3,74.87,大宮@10/22-10/24;弥彦@11/07-11/09;富山@11/26-11/28,,,24,0,🚀,2.6,
016001,高橋 奏多,A3,79.20,久留米@10/27-10/29;富山@11/10-11/12;名古屋@11/20-11/22,,,10,1,,,
016002,宮田 龍一,A3,67.85,奈良@10/09-10/11;四日市@10/16-10/18;佐世保@11/11-11/13;西武園@11/23-11/25,,,7,0,,,
016003,吉岡 竜太,A3,79.42,岐阜@10/10-10/12;武雄@11/02-11/04;奈良@11/22-11/24,,,21,0,🚀,1.4,
016004,松本 悠平,A3,80.88,防府@10/23-10/25;小松島@11/16-11/18;四日市@11/23-11/25,高知,高知Ｆ２@10/07/7R;高知Ｆ２@10/08/7R,18,0,🚀,1.2,
016005,清家 大夢,A3,68.82,武雄@10/09-10/11;名古屋@10/24-10/26;宇都宮@11/08-11/10;小倉@11/28-11/30,,,17,0,,3.6,
016006,高橋 聖太,A3,77.52,防府@10/23-10/25;松山@11/08-11/10;高知@11/17-11/19,,,21,0,🚀,1.4,
016007,渡邊 諒馬,A3,79.10,奈良@10/09-10/11;青森@10/19-10/21;大宮@11/10-11/12;武雄@11/23-11/25,,,20,0,🚀,1.6,
016008,久保田 智之,A3,77.80,武雄@10/09-10/11;松山@11/08-11/10;四日市@11/23-11/25,,,21,0,🚀,1.8,
016009,兒島 直樹,A3,82.00,防府@10/23-10/25;玉野@11/12-11/14,,,3,0,,,
016010,駒壽 直人,A3,70.66,前橋@10/21-10/23;小倉@11/05-11/07;奈良@11/22-11/24,,,21,0,,3.4,
016011,鶴 健志,A3,74.76,川崎@10/20-10/22;松戸@10/30-11/01;弥彦@11/07-11/09;前橋@11/20-11/22,,,21,0,🚀,2.8,
016012,藤井 凜太郎,A3,69.06,青森@10/14-10/16;小倉@11/05-11/07;佐世保@11/27-11/29,,,15,0,,4.2,
016013,森下 龍之介,A3,77.61,防府@10/23-10/25;武雄@11/02-11/04;玉野@11/12-11/14,,,26,0,🚀,2.8,
016014,森田 瑞基,A3,76.88,四日市@10/16-10/18;奈良@11/02-11/04;佐世保@11/27-11/29,高知,高知Ｆ２@10/07/2R;高知Ｆ２@10/08/5R,18,0,🚀,2.8,
016015,横溝 貫太,A3,79.29,青森@10/14-10/16;久留米@10/27-10/29;武雄@11/14-11/16;四日市@11/23-11/25,,,17,0,🚀,1.0,
016016,西原 裕太郎,A3,79.25,武雄@10/27-10/29;宇都宮@11/08-11/10;高知@11/17-11/19,,,27,0,🚀,1.8,
016017,白濱 蓮,A3,71.08,名古屋@10/24-10/26;武雄@11/02-11/04;福井@11/19-11/21,,,12,0,,4.2,
016018,田中 衛太,A3,80.22,青森@10/19-10/21;名古屋@10/30-11/01;小松島@11/16-11/18;武雄@11/23-11/25,,,18,0,🚀,1.0,
016019,沢田 桂太郎,A3,81.33,名古屋@10/24-10/26;別府@11/04-11/06;川崎@11/23-11/25,高知,高知Ｆ２@10/07/6R;高知Ｆ２@10/08/6R,24,0,🚀,1.0,
016020,飯田 怜治,A3,76.33,奈良@10/09-10/11;武雄@10/27-10/29;別府@11/04-11/06;小倉@11/28-11/30,,,21,0,,3.2,
016021,財満 伊織,A3,72.90,青森@10/19-10/21;熊本@10/31-11/02;佐世保@11/11-11/13,,,21,0,,3.6,
016022,半田 莉都,A3,77.60,前橋@10/21-10/23;松戸@10/30-11/01;武雄@11/14-11/16;川崎@11/23-11/25,,,15,0,🚀,2.4,
016023,滿田 光紀,A3,79.50,武雄@10/09-10/11;川崎@10/20-10/22;奈良@11/02-11/04;前橋@11/20-11/22,,,20,0,🚀,2.2,
016024,宮本 寛大,A3,74.57,四日市@10/16-10/18;名古屋@10/30-11/01;武雄@11/14-11/16;小倉@11/28-11/30,,,21,0,🚀,3.0,
016025,高佐 龍太郎,A3,79.11,岐阜@10/10-10/12;久留米@10/27-10/29;佐世保@11/11-11/13;福井@11/19-11/21,,,18,0,🚀,1.0,
