reg_no,name,grade,score,entries,racing_now,starts,dq,form_emoji,form_avg,retired
010900,三浦 靖,A2,77.25,岸和田@08/27-08/29;豊橋@09/11-09/13;熊本@09/24-09/26,,8,0,🥺,5.6,
011142,小林 宏年,A3,67.61,弥彦@09/07-09/09;岸和田@09/14-09/16,,18,0,,5.4,
011198,大竹 慎吾,A3,65.41,久留米@09/05-09/07;いわき平@09/15-09/17;川崎@09/24-09/26,宇都,12,0,🥺,6.2,
011288,中澤 孝之,A3,66.42,四日市@08/29-08/31;豊橋@09/11-09/13;松山@09/19-09/21,,7,0,,5.2,
011328,川添 輝彦,A3,,武雄@09/09-09/11;小松島@09/17-09/19;別府@09/24-09/26,,0,0,,,
011341,黒崎 直行,A3,70.00,いわき平@08/30-09/01;武雄@09/09-09/11;川崎@09/17-09/19,,12,0,,4.0,
011346,野崎 修一,A3,66.50,松阪@09/05-09/07;小松島@09/17-09/19,熊本,12,0,,5.0,
011364,遠澤 健二,A3,66.66,伊東@09/02-09/04;豊橋@09/11-09/13;大宮@09/21-09/23,,12,0,,5.4,
011367,石川 一浩,A3,68.50,伊東@08/27-08/29;弥彦@09/07-09/09;川崎@09/17-09/19,,12,0,,4.0,
011372,黒瀬 浩一,A2,76.00,立川@09/03-09/05;川崎@09/17-09/19,,15,0,🥺,6.2,
011382,清水 広幸,A3,62.50,弥彦@09/02-09/04;豊橋@09/11-09/13;広島@09/20-09/22,,16,0,🥺,6.8,
011417,小川 巧,A3,74.66,松山@09/12-09/14;奈良@09/24-09/26,宇都,3,0,,,
011427,川口 秀人,A3,67.17,いわき平@09/15-09/17;奈良@09/24-09/26,青森,17,0,,5.2,
011431,梶應 弘樹,A3,62.62,大垣@09/13-09/15;広島@09/20-09/22,青森,16,0,🥺,6.2,
011451,重 一徳,A3,66.93,いわき平@08/30-09/01;武雄@09/09-09/11;奈良@09/24-09/26,,15,0,,4.0,
011454,杉浦 康一,A2,79.73,西武園@08/31-09/02;防府@09/15-09/17,,15,0,,4.4,
011477,川口 満宏,A1,90.66,松戸@09/01-09/03;いわき平@09/15-09/17,高知,12,0,,3.8,
011487,宮倉 勇,A2,82.83,西武園@08/31-09/02;川崎@09/17-09/19,,18,0,,4.4,
011574,坂本 英一,A3,75.92,静岡@08/30-09/01;富山@09/10-09/12;小松島@09/17-09/19,,13,1,,3.0,
011599,和泉田 喜一,A3,,弥彦@09/07-09/09;小松島@09/17-09/19,,0,0,,,
011619,疋田 敏,A2,85.66,四日市@08/29-08/31;松阪@09/05-09/07;別府@09/24-09/26,,12,0,,4.2,
011622,杉山 正和,A3,70.50,松阪@09/05-09/07;武雄@09/16-09/18,,12,0,,4.6,
011634,中澤 央治,A2,82.66,岐阜@08/30-09/01;別府@09/16-09/18;伊東@09/23-09/25,,6,0,,4.4,
011665,倉岡 慎太郎,A3,66.13,いわき平@08/30-09/01;武雄@09/16-09/18;奈良@09/24-09/26,,15,0,,5.0,
011712,金田 健一郎,A3,70.00,武雄@09/09-09/11;大宮@09/21-09/23,,15,0,,4.0,
011713,古原 勝己,A2,,,,0,0,,,
011715,黒木 誠一,A3,69.33,静岡@08/30-09/01;大垣@09/13-09/15;大宮@09/21-09/23,,9,0,,4.0,
011734,濱口 健二,A2,,,,0,0,,,
011790,廣川 貞治,A3,67.91,伊東@09/02-09/04;岸和田@09/14-09/16;奈良@09/24-09/26,青森,12,0,,4.6,
011792,木下 章,A3,67.13,四日市@08/29-08/31;富山@09/10-09/12;川崎@09/17-09/19,,15,0,,4.8,
011800,三住 博昭,A2,79.28,奈良@08/26-08/28;豊橋@09/04-09/06;佐世保@09/12-09/14;いわき平@09/27-09/29,,13,0,,4.8,
011803,植田 誠,A3,68.25,弥彦@09/02-09/04;いわき平@09/15-09/17;大垣@09/22-09/24,青森,12,0,🥺,5.6,
011817,有賀 高士,A2,78.41,川崎@08/30-09/01;岐阜@09/13-09/15;立川@09/22-09/24,,12,0,,5.0,
011821,中川 博文,A3,68.25,西武園@09/06-09/08;大垣@09/13-09/15,,12,0,,3.6,
011840,安田 光義,A2,,,,0,0,,,
011854,紫原 政文,A1,86.00,松山@08/31-09/02;立川@09/22-09/24,防府,9,0,,3.8,
011907,島野 浩司,A1,87.11,玉野@08/26-08/28;松阪@09/05-09/07;立川@09/22-09/24,,6,0,,3.6,
011935,高嶋 一朗,A3,70.77,武雄@09/09-09/11;小松島@09/17-09/19,,18,0,,3.4,
011990,茂木 和臣,A3,69.20,富山@09/10-09/12;平塚@09/28-09/30,,15,1,,3.4,
011993,深井 高志,A3,70.41,武雄@09/16-09/18;川崎@09/24-09/26,,12,0,,4.6,
011994,藤光 健一,A3,66.16,弥彦@09/02-09/04;小松島@09/17-09/19,,6,0,🥺,5.8,
012005,藤田 和彦,A3,69.46,大垣@09/13-09/15;弥彦@09/24-09/26,和歌,15,0,,4.2,
012042,山原 利秀,A2,80.58,川崎@08/30-09/01;久留米@09/17-09/19;熊本@09/24-09/26,,12,0,,4.8,
012092,高木 隆弘,A3,72.14,四日市@08/29-08/31;松阪@09/05-09/07;奈良@09/24-09/26,,7,0,,4.0,
012097,斯波 雅貴,A2,81.50,立川@09/16-09/18;いわき平@09/27-09/29,,18,0,,5.4,
012112,冨岡 健一,A2,81.66,和歌山@08/30-09/01;岸和田@09/14-09/16;玉野@09/27-09/29,,12,0,,4.8,
012128,山根 泰道,A2,81.50,富山@09/03-09/05;防府@09/15-09/17,,12,0,,4.6,
012130,石田 洋秀,A1,79.22,立川@09/03-09/05;高知@09/20-09/22;防府@09/29-10/01,,9,0,,5.0,
012132,甲斐下 智,A2,78.00,川崎@09/10-09/12;佐世保@09/20-09/22,高知,15,0,,5.0,
012157,竹野 行登,A3,68.31,いわき平@08/30-09/01;松山@09/12-09/14;広島@09/20-09/22,,16,1,,3.8,
012164,堀 政美,A2,81.47,立川@09/03-09/05;伊東@09/23-09/25,,17,0,,4.2,
012193,井手 尚治,A2,81.91,西武園@09/06-09/08,高知,12,0,,4.2,
012197,奥山 雅士,A3,66.25,弥彦@09/02-09/04;立川@09/16-09/18,,4,0,,,
012202,望月 裕一郎,,,,,12,0,,,
012206,白井 一機,A3,67.50,松戸@09/01-09/03;広島@09/20-09/22,,12,0,,5.4,
012208,鰐渕 正利,A3,74.16,四日市@08/29-08/31;松阪@09/05-09/07;大垣@09/22-09/24,,12,0,,3.4,
012216,武田 哲二,A2,79.76,西武園@08/31-09/02;前橋@09/11-09/13;立川@09/22-09/24,和歌,13,0,,5.2,
012234,室井 竜二,A1,88.50,豊橋@09/04-09/06;岐阜@09/13-09/15;小松島@09/23-09/25,,8,0,,4.0,
012242,穴井 利久,A2,77.13,玉野@09/08-09/10;立川@09/22-09/24,,12,0,🥺,6.2,
012248,中井 大介,A3,76.16,久留米@09/05-09/07;武雄@09/16-09/18;別府@09/24-09/26,熊本,12,0,,3.0,
012261,岡部 芳幸,A1,85.60,岸和田@08/27-08/29;青森@09/14-09/16;立川@09/22-09/24,,10,0,,3.8,
012277,井上 典善,A3,64.00,伊東@09/02-09/04;川崎@09/17-09/19;奈良@09/24-09/26,和歌,12,0,🥺,5.8,
012283,富永 益生,A1,85.66,防府@09/15-09/17;小松島@09/23-09/25,岐阜,3,0,,4.6,
012287,西川 弘資,A3,70.80,武雄@09/16-09/18;奈良@09/24-09/26,,15,0,,3.4,
012290,小西 芳樹,A3,64.44,富山@09/10-09/12;小松島@09/17-09/19,,9,0,🥺,5.6,
012298,星島 太,A2,78.91,小松島@08/27-08/29;高知@09/09-09/11;立川@09/22-09/24,,12,0,,5.2,
012299,増成 富夫,A3,68.36,弥彦@09/02-09/04;川崎@09/10-09/12;松山@09/19-09/21,松阪,11,0,,2.6,
012307,尾崎 勝弘,A3,71.50,武雄@09/16-09/18;別府@09/24-09/26,宇都,8,0,,3.8,
012319,高尾 剛文,A3,67.57,川崎@09/10-09/12;奈良@09/24-09/26,青森,14,0,,4.6,
012321,檀 雄二,A3,71.25,伊東@08/27-08/29;武雄@09/09-09/11;小松島@09/17-09/19,,12,0,,4.0,
012326,國武 耕二,A2,87.08,小倉@08/28-08/30;立川@09/22-09/24;防府@09/29-10/01,,12,0,,4.2,
012329,松尾 正人,A3,69.00,弥彦@09/02-09/04;松山@09/12-09/14;広島@09/20-09/22,宇都,6,0,,4.8,
012336,高谷 雅彦,A2,85.18,青森@09/14-09/16;武雄@09/27-09/29,高知,11,1,,2.6,
012340,金古 将人,A2,,,,0,0,,,
012348,飯田 威文,A3,70.28,松戸@09/01-09/03;弥彦@09/07-09/09;大垣@09/22-09/24,青森,14,0,,3.6,
012379,小林 健,A2,82.25,豊橋@09/04-09/06;松山@09/19-09/21;平塚@09/28-09/30,,16,0,,4.2,
012380,近藤 修康,A1,87.33,松山@08/31-09/02;立川@09/22-09/24,,9,0,,4.0,
012383,田村 光昭,A3,70.55,伊東@09/02-09/04;京王閣@09/08-09/10;別府@09/24-09/26,青森,9,0,,5.4,
012389,岡崎 昭次,A3,75.33,松山@09/12-09/14;弥彦@09/24-09/26,宇都,9,1,,2.8,
012402,時松 正,A3,75.33,静岡@08/30-09/01;京王閣@09/08-09/10;武雄@09/16-09/18,,3,0,,,
012406,濱田 昭一郎,A3,68.00,静岡@08/30-09/01;小松島@09/17-09/19;川崎@09/24-09/26,青森,17,0,,5.2,
012416,櫻井 紀幸,A3,71.50,松戸@09/01-09/03;川崎@09/24-09/26,,12,0,,4.0,
012417,須藤 直道,A1,82.58,小松島@08/27-08/29;前橋@09/11-09/13;熊本@09/24-09/26,,17,0,,3.4,
012421,小沼 良,A1,,大宮@09/13-09/15;広島@09/28-09/30,,0,0,,,
012431,會田 正一,A3,72.11,静岡@08/30-09/01;武雄@09/09-09/11;川崎@09/24-09/26,,9,0,,4.0,
012432,石井 孝,A3,71.86,西武園@08/31-09/02;富山@09/10-09/12;大宮@09/21-09/23,,15,0,,3.6,
012439,河合 康晴,A3,71.00,豊橋@09/11-09/13;大宮@09/21-09/23,,8,0,,3.6,
012452,伊藤 健詞,A2,86.50,岐阜@08/30-09/01;久留米@09/17-09/19;防府@09/29-10/01,和歌,10,1,,3.4,
012466,郡 英治,A2,81.00,松山@08/31-09/02;伊東@09/23-09/25,防府,15,0,,5.0,
012473,清水 邦章,A2,79.86,久留米@09/05-09/07;岐阜@09/13-09/15,,15,0,🥺,5.6,
012474,小川 圭二,A1,82.58,玉野@09/02-09/04;四日市@09/09-09/11,高知,12,0,,4.4,
012479,田中 弘章,A3,73.46,伊東@09/02-09/04;武雄@09/09-09/11;奈良@09/24-09/26,,15,0,,4.0,
012496,中村 淳,A3,,武雄@09/16-09/18;川崎@09/24-09/26,,0,0,,,
012501,金子 真也,A1,90.50,松阪@08/31-09/02;弥彦@09/07-09/09,和歌,6,0,,4.0,
012507,爲田 学,A3,69.86,久留米@09/05-09/07;松山@09/12-09/14;広島@09/20-09/22,,15,0,,4.0,
012509,岡嵜 浩一,A3,66.42,豊橋@09/11-09/13;平塚@09/28-09/30,熊本,7,0,,4.8,
012512,眞原 健一,A3,67.08,いわき平@08/30-09/01;富山@09/10-09/12;大宮@09/21-09/23,,12,0,,3.8,
012519,藤原 誠,A1,91.07,小倉@08/28-08/30;久留米@09/05-09/07;熊本@09/24-09/26,,14,1,,2.2,
012529,木本 賢二,A3,71.00,弥彦@09/02-09/04;松山@09/12-09/14;広島@09/20-09/22,宇都,15,0,,4.4,
012530,池上 孝之,A3,68.00,西武園@09/06-09/08;武雄@09/16-09/18,宇都,11,1,,4.4,
012532,西郷 剛,A2,80.66,立川@09/03-09/05;高知@09/20-09/22,松阪,15,0,,5.0,
012537,取鳥 敬一,A3,66.91,いわき平@08/30-09/01;武雄@09/09-09/11;川崎@09/24-09/26,,12,0,🥺,5.6,
012544,上田 学,A1,84.53,小松島@08/27-08/29;立川@09/22-09/24;防府@09/29-10/01,,12,0,,3.0,
012546,神開 将暢,A2,89.26,高知@09/09-09/11;岸和田@09/26-09/28,岐阜,15,0,,2.6,
012547,横瀬 聡,A3,68.00,伊東@08/27-08/29;松山@09/19-09/21;平塚@09/28-09/30,,12,0,,3.8,
012550,荒木 真慈,A3,70.60,弥彦@09/02-09/04;大垣@09/13-09/15;奈良@09/24-09/26,青森,15,0,,4.2,
012556,落合 豊,A3,,松戸@09/01-09/03;京王閣@09/08-09/10;大垣@09/22-09/24,,0,0,,,
012559,相良 勝美,A3,70.30,伊東@08/27-08/29;松阪@09/05-09/07;岸和田@09/14-09/16;大宮@09/21-09/23,,10,0,,5.0,
012586,佐藤 和典,A3,77.83,伊東@08/27-08/29;川崎@09/10-09/12;大垣@09/22-09/24,,12,0,🚀,1.4,
012590,山崎 敦雄,A1,88.40,和歌山@08/30-09/01;富山@09/10-09/12;立川@09/22-09/24,,15,0,,3.6,
012593,山田 圭二,A3,70.41,四日市@08/29-08/31;久留米@09/05-09/07;大垣@09/13-09/15;別府@09/24-09/26,和歌,12,0,,3.2,
012597,塚本 貴雄,A3,67.36,西武園@08/31-09/02;弥彦@09/24-09/26,熊本,11,0,,5.0,
012598,大庭 正紀,A1,85.26,松戸@09/01-09/03;別府@09/24-09/26,,15,0,,4.2,
012602,吉村 文隆,A2,78.44,久留米@09/05-09/07;別府@09/24-09/26,,9,0,,,
012603,大川 栄二,A2,81.16,和歌山@08/30-09/01;久留米@09/17-09/19;広島@09/28-09/30,,12,0,,2.8,
012618,武智 尚之,A3,66.75,伊東@09/02-09/04;大垣@09/13-09/15;弥彦@09/24-09/26,,12,0,,4.0,
012626,原 司,A3,67.23,弥彦@09/02-09/04;松山@09/19-09/21,松阪,13,0,,4.4,
012628,阪本 正和,A2,78.77,川崎@09/10-09/12;松山@09/19-09/21;玉野@09/27-09/29,高知,9,0,,5.4,
012634,大薗 宏,A3,74.26,伊東@08/27-08/29;西武園@09/06-09/08;弥彦@09/24-09/26,,15,0,,2.6,
012640,北村 貴幸,A2,83.00,岸和田@08/27-08/29;松阪@09/05-09/07;立川@09/16-09/18,,9,0,,4.6,
012646,大澤 裕之,A2,80.46,小松島@08/27-08/29;富山@09/03-09/05;大宮@09/13-09/15,,15,0,,4.6,
012649,山本 恵太郎,A3,75.60,いわき平@08/30-09/01;武雄@09/09-09/11;広島@09/20-09/22,,15,0,,2.2,
012656,柴田 健,A3,70.88,静岡@08/30-09/01;弥彦@09/07-09/09;岸和田@09/14-09/16;奈良@09/24-09/26,青森,9,0,,4.6,
012671,滝川 秀嗣,A3,67.15,伊東@08/27-08/29;豊橋@09/11-09/13;弥彦@09/24-09/26,,13,1,,4.2,
012677,花村 直人,A3,72.22,西武園@09/06-09/08;小松島@09/17-09/19,松阪,9,0,,4.0,
012678,舛井 幹雄,A1,84.41,西武園@09/06-09/08;弥彦@09/19-09/21,松阪,12,0,,4.8,
012679,坂上 忠克,A1,86.60,久留米@09/05-09/07;別府@09/16-09/18,,15,0,,3.6,
012681,辻 力,A2,78.40,豊橋@09/11-09/13;伊東@09/23-09/25,,15,0,,5.4,
012684,四宮 哲郎,A1,82.66,岐阜@08/30-09/01;防府@09/15-09/17;大垣@09/22-09/24,,12,0,,4.4,
012689,前田 拓也,A2,86.16,四日市@08/29-08/31;豊橋@09/11-09/13;佐世保@09/20-09/22,,6,1,,4.2,
012694,志村 達也,A3,67.46,いわき平@08/30-09/01;武雄@09/09-09/11;平塚@09/28-09/30,,15,0,,5.0,
012705,那須 久幸,A1,89.50,立川@09/03-09/05;佐世保@09/20-09/22,松阪,12,0,,5.0,
012708,野木 義規,A2,82.25,松戸@09/01-09/03;青森@09/14-09/16,,12,0,,4.4,
012710,大内 達也,A3,76.00,松阪@09/05-09/07;大宮@09/21-09/23,和歌,5,0,,3.0,
012717,伊藤 一貴,A2,80.20,和歌山@08/30-09/01;いわき平@09/15-09/17;岸和田@09/26-09/28,,15,0,,5.2,
012718,大橋 徹,A1,85.26,松山@08/31-09/02;高知@09/09-09/11;伊東@09/23-09/25,,15,0,,3.8,
012719,篠崎 高志,A2,77.66,西武園@08/31-09/02;前橋@09/11-09/13,,15,0,🥺,6.0,
012721,梅山 英樹,A1,87.11,岸和田@08/27-08/29;富山@09/10-09/12;いわき平@09/27-09/29,,9,0,,3.6,
012725,浦山 一栄,A3,71.07,松阪@09/05-09/07;岸和田@09/14-09/16;平塚@09/28-09/30,,14,0,,2.8,
012728,飯田 辰哉,A1,90.93,岸和田@08/27-08/29;松阪@09/05-09/07;大宮@09/13-09/15,,15,0,,4.0,
012738,渡邊 一洋,A2,83.41,岸和田@08/27-08/29;弥彦@09/07-09/09;立川@09/16-09/18,,12,0,,4.2,
012742,山田 雅之,A2,84.55,四日市@08/29-08/31;松阪@09/05-09/07;岸和田@09/14-09/16,,9,0,,3.8,
012747,布居 寛幸,A1,84.55,和歌山@08/30-09/01;四日市@09/09-09/11;立川@09/22-09/24,,9,0,,3.8,
012753,柳澤 達也,A3,70.14,弥彦@09/02-09/04;武雄@09/16-09/18,和歌,7,0,,4.6,
012754,小野 祐作,A3,67.11,伊東@08/27-08/29;武雄@09/16-09/18;弥彦@09/24-09/26,,9,0,,5.2,
012757,市本 隆司,A2,89.16,川崎@08/30-09/01;いわき平@09/07-09/09;別府@09/16-09/18;岸和田@09/26-09/28,,9,0,,4.4,
012759,金山 栄治,A1,91.16,松山@08/31-09/02;大垣@09/07-09/09;岸和田@09/26-09/28,,12,0,,4.6,
012760,櫻井 宏智,A2,86.80,防府@09/04-09/06;広島@09/28-09/30,,15,0,,3.6,
012763,内村 泰三,A2,86.58,小松島@08/27-08/29;玉野@09/08-09/10;熊本@09/24-09/26,,12,0,,3.0,
012766,立石 拓也,A1,84.73,松山@09/19-09/21;玉野@09/27-09/29,,15,0,,4.2,
012779,田川 辰二,A2,81.00,川崎@09/10-09/12;久留米@09/17-09/19,,12,1,,4.8,
012783,平澤 秀信,A3,70.00,いわき平@08/30-09/01;川崎@09/10-09/12;広島@09/20-09/22,,9,0,,4.2,
012785,小橋 明紀,A1,94.91,松戸@09/01-09/03;四日市@09/09-09/11,,12,0,🚀,2.0,
012794,宇賀神 浩幸,A2,81.80,伊東@09/07-09/09;川崎@09/17-09/19,,15,0,,3.2,
012795,黒田 充,A3,71.44,弥彦@09/02-09/04;立川@09/16-09/18,熊本,9,0,,4.2,
012800,豊田 一馬,A2,81.80,伊東@09/07-09/09;大垣@09/22-09/24,,15,0,,3.2,
012809,高峰 賢治,A2,86.80,西武園@09/06-09/08;平塚@09/28-09/30,,15,0,,2.8,
012811,江守 昇,A1,90.91,奈良@08/26-08/28;立川@09/03-09/05;川崎@09/17-09/19,,12,0,,3.4,
012819,齊藤 竜也,A1,91.77,松阪@09/05-09/07;弥彦@09/19-09/21,,9,0,,2.8,
012823,遠藤 勝行,A2,83.55,川崎@08/30-09/01;富山@09/10-09/12;伊東@09/23-09/25,,9,0,,3.8,
012826,渡邉 晴智,A1,93.00,青森@09/26-09/28,,1,0,,,
012827,光岡 義洋,A3,71.06,静岡@08/30-09/01;武雄@09/09-09/11;大垣@09/22-09/24,,15,0,,4.6,
012829,西浦 仙哉,A1,92.44,玉野@08/26-08/28;四日市@09/09-09/11;別府@09/16-09/18,,9,0,,4.2,
012832,仙石 淳,A3,71.25,武雄@09/09-09/11;松山@09/19-09/21,,12,0,,4.6,
012838,三木 健治,A2,81.13,防府@09/04-09/06;佐世保@09/20-09/22,,15,0,,4.0,
012844,米澤 大輔,A2,,久留米@09/05-09/07;弥彦@09/19-09/21,,0,0,,,
012845,林 成人,A2,79.66,松山@09/19-09/21;平塚@09/28-09/30,高知,12,0,,4.8,
012847,古閑 良介,A3,66.00,いわき平@08/30-09/01;大垣@09/13-09/15;広島@09/20-09/22,,9,1,,5.2,
012850,渡邉 満,A2,78.73,別府@09/16-09/18;伊東@09/23-09/25,,15,0,,5.2,
012858,亀井 宏佳,A3,67.73,弥彦@09/02-09/04;武雄@09/09-09/11;広島@09/20-09/22,,15,0,,5.2,
012861,小坂 敏之,A2,81.58,宇都宮@08/31-09/02;弥彦@09/07-09/09;青森@09/14-09/16,岐阜,12,0,,4.4,
012875,中曽 直彦,A2,79.66,岐阜@08/30-09/01;弥彦@09/07-09/09;青森@09/26-09/28,,6,0,,4.6,
012876,湯浅 弘光,A3,72.75,静岡@08/30-09/01;豊橋@09/11-09/13;広島@09/20-09/22,,12,0,,3.6,
012878,安藤 宜明,A3,74.00,松阪@09/05-09/07;川崎@09/17-09/19,熊本,12,0,,2.6,
012879,石井 毅,A2,82.73,富山@09/03-09/05;豊橋@09/11-09/13;いわき平@09/27-09/29,,15,0,,4.2,
012882,鈴木 愼二,A2,82.16,小松島@08/27-08/29;武雄@09/03-09/05;いわき平@09/15-09/17;広島@09/28-09/30,,12,0,,5.0,
012883,大沼 孝行,A3,68.16,伊東@09/02-09/04;大垣@09/13-09/15;大宮@09/21-09/23,,12,0,,4.4,
012885,田中 智也,A3,68.25,静岡@08/30-09/01;立川@09/16-09/18;川崎@09/24-09/26,宇都,12,0,,4.8,
012886,中井 達郎,A1,89.66,静岡@09/18-09/20;平塚@09/28-09/30,,9,0,,4.0,
012891,朝日 勇,A2,80.58,四日市@09/09-09/11;静岡@09/18-09/20;防府@09/29-10/01,松阪,12,0,,5.4,
012893,吉野 猛,A3,70.33,伊東@08/27-08/29;西武園@09/06-09/08;大垣@09/13-09/15;広島@09/20-09/22,,15,0,,4.8,
012895,小嶋 敬二,A1,93.75,立川@09/03-09/05;富山@09/10-09/12;広島@09/28-09/30,,12,0,,2.8,
012899,中井 護,A2,,,,0,0,,,
012906,太田 良政,A3,65.22,静岡@08/30-09/01;松山@09/19-09/21;平塚@09/28-09/30,,9,0,🥺,5.6,
012910,塩川 真一郎,A3,75.11,弥彦@09/02-09/04;いわき平@09/15-09/17,宇都,9,0,,2.8,
012913,増田 鉄男,A3,64.80,松山@09/19-09/21;平塚@09/28-09/30,熊本,5,0,🥺,5.6,
012914,武市 和人,A2,76.33,玉野@08/26-08/28;防府@09/04-09/06;大宮@09/13-09/15,,15,0,🥺,5.8,
012920,山崎 岳志,A2,86.33,四日市@09/09-09/11;久留米@09/17-09/19,,12,0,,4.2,
012924,太田黒 大心,A2,88.44,松山@09/19-09/21;防府@09/29-10/01,,9,0,,2.6,
012930,浦崎 貴史,A3,68.22,いわき平@08/30-09/01;大垣@09/13-09/15;大宮@09/21-09/23,,9,0,,4.6,
012934,煤賀 隆幸,A3,66.16,立川@09/16-09/18;平塚@09/28-09/30,宇都,6,1,,,
012937,十文字 菊雄,A1,83.33,高知@09/09-09/11;静岡@09/18-09/20,,15,0,,3.6,
012938,鈴木 規純,A3,71.25,静岡@08/30-09/01;西武園@09/06-09/08;大垣@09/22-09/24,,12,0,,3.6,
012940,小室 貴広,A2,81.68,岐阜@08/30-09/01;いわき平@09/07-09/09;岸和田@09/14-09/16,,16,0,,5.2,
012944,渡邊 恭典,,,,,3,0,,4.8,
012946,亀井 雅斗,A3,71.28,川崎@09/10-09/12;小松島@09/17-09/19;弥彦@09/24-09/26,,7,0,,3.4,
012953,矢内 良和,A2,82.46,松阪@08/31-09/02;富山@09/10-09/12;いわき平@09/27-09/29,,15,0,,3.8,
012955,太田 真一,A2,79.66,西武園@08/31-09/02;大垣@09/07-09/09,,15,0,,5.0,
012956,鈴木 孝征,A2,80.25,立川@09/16-09/18;小松島@09/23-09/25,高知,8,0,🥺,6.0,
012957,宮澤 晃,A2,82.13,西武園@08/31-09/02;川崎@09/10-09/12,,15,0,,4.8,
012960,水書 義弘,A2,85.26,松山@08/31-09/02;京王閣@09/08-09/10,,15,0,,3.2,
012963,荻野 哲,A2,85.60,豊橋@09/11-09/13;弥彦@09/19-09/21,,15,0,,5.0,
012965,成田 健児,A1,,川崎@09/17-09/19;武雄@09/27-09/29,,0,0,,,
012966,石川 英昭,A3,71.33,いわき平@08/30-09/01;武雄@09/16-09/18;弥彦@09/24-09/26,,12,0,,4.4,
012970,山内 大作,A3,64.52,いわき平@08/30-09/01;京王閣@09/08-09/10;大宮@09/21-09/23,,19,0,,5.2,
012971,小川 将人,A2,82.33,玉野@08/26-08/28;防府@09/04-09/06;大垣@09/22-09/24,,15,0,,4.4,
012972,金子 貴志,A1,89.33,岸和田@08/27-08/29;防府@09/04-09/06;大垣@09/22-09/24,,12,0,,3.6,
012976,中井 修,A3,69.33,大垣@09/13-09/15;弥彦@09/24-09/26,松阪,6,0,,3.8,
012981,片山 弘城,A1,90.00,高知@09/20-09/22;武雄@09/27-09/29,,11,0,,2.6,
012982,上原 直樹,A3,67.58,大垣@09/13-09/15;広島@09/20-09/22,,12,0,,4.6,
012986,近藤 直幹,A3,65.23,いわき平@08/30-09/01;川崎@09/10-09/12;広島@09/20-09/22,,17,0,🥺,5.8,
012989,森岡 正臣,A1,83.66,高知@09/20-09/22;玉野@09/27-09/29,,15,0,,3.6,
012992,吉良 勝信,A2,79.54,玉野@09/08-09/10;弥彦@09/19-09/21,松阪,11,0,🥺,5.8,
012997,後田 康成,A3,67.66,静岡@08/30-09/01;武雄@09/09-09/11;小松島@09/17-09/19,,12,0,,4.8,
013005,小笠原 昭太,A1,86.40,青森@09/14-09/16;大垣@09/22-09/24,,12,0,,4.2,
013006,佐々木 健司,A2,81.15,小倉@08/28-08/30;豊橋@09/04-09/06;青森@09/21-09/23,,13,0,,4.8,
013013,武田 靖夫,A3,,西武園@09/06-09/08;川崎@09/17-09/19;弥彦@09/24-09/26,青森,0,0,,,
013014,江連 和洋,A1,86.66,和歌山@08/30-09/01;弥彦@09/07-09/09;広島@09/28-09/30,,12,0,,4.6,
013023,吉田 英二,A3,69.45,松阪@09/05-09/07;いわき平@09/15-09/17;大垣@09/22-09/24,,20,0,,4.0,
013027,戸ノ下 太郎,A3,69.83,四日市@08/29-08/31;松阪@09/05-09/07;武雄@09/16-09/18,,12,0,,4.4,
013029,藤田 晃英,A3,66.00,京王閣@09/08-09/10;小松島@09/17-09/19,青森,15,0,,5.4,
013030,梶山 大輔,A3,67.28,伊東@08/27-08/29;大垣@09/13-09/15;川崎@09/24-09/26,,7,0,,5.2,
013036,深澤 伸介,A2,79.83,奈良@08/26-08/28;松阪@09/05-09/07;青森@09/26-09/28,,12,0,🥺,5.6,
013037,町田 勝志,A3,66.36,四日市@08/29-08/31;松阪@09/05-09/07;松山@09/12-09/14,,11,0,🥺,5.6,
013039,松山 正和,A2,77.41,小松島@08/27-08/29;弥彦@09/07-09/09;岸和田@09/14-09/16,,12,0,🥺,6.0,
013040,服部 竜二,A3,62.75,武雄@09/16-09/18;別府@09/24-09/26,,4,0,,,
013041,三浦 稔希,A1,83.72,松山@08/31-09/02;いわき平@09/07-09/09,,11,0,,4.6,
013042,渡邊 健,A1,89.00,岐阜@08/30-09/01;西武園@09/06-09/08;伊東@09/23-09/25,,12,0,,2.6,
013047,田中 俊充,A1,87.00,岸和田@08/27-08/29;立川@09/03-09/05;富山@09/10-09/12,,9,0,,3.6,
013049,南 大輔,A3,72.33,伊東@08/27-08/29;豊橋@09/11-09/13;大宮@09/21-09/23,,12,0,,4.0,
013054,石丸 寛之,A1,89.73,川崎@09/10-09/12;別府@09/24-09/26,,15,0,,3.6,
013056,山本 貴章,A2,81.06,立川@09/03-09/05;久留米@09/17-09/19,,15,0,,4.2,
013058,富 弥昭,A1,89.77,小松島@08/27-08/29;高知@09/20-09/22;防府@09/29-10/01,,9,0,,4.2,
013061,小磯 知也,A3,69.00,伊東@08/27-08/29;武雄@09/09-09/11;松山@09/19-09/21,,15,0,,4.4,
013062,藤原 義浩,A3,66.33,久留米@09/05-09/07;松山@09/12-09/14,熊本,9,0,,4.6,
013063,赤松 秀展,A3,72.66,弥彦@09/02-09/04;武雄@09/16-09/18,,9,0,,4.6,
013068,城戸崎 隆史,A2,83.22,玉野@09/02-09/04;静岡@09/18-09/20,,18,0,,3.0,
013069,白川 有司,A2,81.77,玉野@09/02-09/04;伊東@09/23-09/25,,18,0,,3.8,
013075,平 総一,A2,83.05,久留米@09/05-09/07;熊本@09/24-09/26,,15,0,,5.4,
013080,阿部 利光,A3,69.73,弥彦@09/02-09/04;富山@09/10-09/12;川崎@09/17-09/19,青森,15,0,,4.2,
013082,小泉 俊也,A3,68.00,松阪@09/05-09/07;岸和田@09/14-09/16;大宮@09/21-09/23,,7,0,,,
013086,坂本 毅,A2,78.46,和歌山@08/30-09/01;玉野@09/08-09/10;いわき平@09/15-09/17,,15,0,🥺,5.6,
013099,大橋 直人,A2,81.13,松戸@09/01-09/03;玉野@09/08-09/10,,15,0,,5.4,
013105,松本 一成,A3,67.55,松戸@09/01-09/03;松山@09/12-09/14,宇都,18,0,,4.4,
013106,赤井 学,A2,82.46,松阪@08/31-09/02;いわき平@09/07-09/09;小松島@09/23-09/25,,15,0,,3.8,
013109,志村 正洋,A3,70.70,いわき平@08/30-09/01;武雄@09/09-09/11;立川@09/16-09/18,青森,10,1,,4.4,
013110,法月 成祐,A1,86.58,川崎@08/30-09/01;玉野@09/08-09/10;いわき平@09/15-09/17,,12,0,,3.8,
013112,佐藤 明,A2,81.61,宇都宮@08/31-09/02;玉野@09/08-09/10;青森@09/26-09/28,,13,0,,4.2,
013117,鳥越 靖弘,A1,86.26,四日市@08/29-08/31;大宮@09/13-09/15;高知@09/20-09/22,,15,0,,3.4,
013119,松尾 淳,A2,79.55,防府@09/04-09/06;前橋@09/11-09/13;静岡@09/18-09/20,,9,0,,5.4,
013120,宮越 大,A1,,,,0,0,,,
013121,山田 晃久,A1,82.25,富山@09/03-09/05;佐世保@09/20-09/22,防府,12,0,,3.8,
013127,北浦 弘幹,A2,76.50,松阪@09/05-09/07;岸和田@09/14-09/16;大垣@09/22-09/24,,6,0,🥺,6.2,
013128,梶原 秀庸,A3,70.33,松戸@09/01-09/03;松山@09/12-09/14;奈良@09/24-09/26,熊本,6,0,,,
013129,原田 隆,A2,,,,15,0,,5.0,
013131,藤野 一良,A3,77.60,松阪@09/05-09/07;小松島@09/17-09/19;弥彦@09/24-09/26,,15,0,,2.2,
013142,黒田 大介,A2,80.40,松山@08/31-09/02;大垣@09/07-09/09,,15,0,,5.4,
013143,鳥生 知八,A2,,武雄@09/03-09/05;岸和田@09/26-09/28,,0,0,,,
013145,瓦田 勝也,A3,70.66,いわき平@08/30-09/01;武雄@09/16-09/18;弥彦@09/24-09/26,,15,0,,4.2,
013146,八谷 誠賢,A1,92.40,青森@09/14-09/16;熊本@09/24-09/26,岐阜,12,0,,3.4,
013147,米嶋 賢二,A2,78.71,松山@08/31-09/02;玉野@09/08-09/10;伊東@09/23-09/25,,14,0,🥺,5.8,
013155,四元 慎也,A2,83.66,玉野@08/26-08/28;京王閣@09/08-09/10;小松島@09/23-09/25,,12,0,,3.8,
013161,齋藤 和也,A3,68.43,弥彦@09/07-09/09;岸和田@09/14-09/16,宇都,16,0,,4.6,
013171,岩橋 則明,A2,80.88,いわき平@09/15-09/17;平塚@09/28-09/30,,9,0,,4.6,
013172,金子 周一郎,A2,80.50,小松島@08/27-08/29;岐阜@09/13-09/15;いわき平@09/27-09/29,,10,1,,5.2,
013175,峠 祐介,A2,77.15,岸和田@08/27-08/29;武雄@09/03-09/05;川崎@09/10-09/12,,13,0,🥺,5.6,
013176,早川 成矢,A3,71.91,伊東@08/27-08/29;松阪@09/05-09/07;川崎@09/17-09/19,,12,0,,4.8,
013179,飯島 淳,A2,80.16,前橋@09/11-09/13;静岡@09/18-09/20,高知,12,0,🥺,6.0,
013183,坂木田 雄介,A2,82.58,小倉@08/28-08/30;大宮@09/13-09/15;立川@09/22-09/24,,17,0,,3.0,
013184,相樂 修,A3,67.25,京王閣@09/08-09/10;いわき平@09/15-09/17;平塚@09/28-09/30,,4,0,,5.2,
013186,永山 英司,A3,,,,0,0,,,
013188,山田 幸司,A1,88.76,和歌山@08/30-09/01;西武園@09/06-09/08;青森@09/26-09/28,,13,0,🚀,2.0,
013192,平田 徹,A2,82.06,松戸@09/01-09/03;四日市@09/09-09/11,,15,0,,5.0,
013196,竹田 和幸,A1,84.08,松阪@08/31-09/02;久留米@09/17-09/19,岐阜,12,0,,4.4,
013197,鈴木 幸紀,A1,86.06,宇都宮@08/31-09/02;岸和田@09/14-09/16,,15,0,,4.2,
013199,北野 武史,A1,94.16,松阪@09/05-09/07;青森@09/21-09/23,防府,12,0,,3.4,
013201,北川 紋部,A2,78.83,防府@09/04-09/06;豊橋@09/11-09/13,,18,0,,4.6,
013206,岡崎 和久,A3,74.16,静岡@08/30-09/01;西武園@09/06-09/08;奈良@09/24-09/26,,12,0,,3.6,
013207,葉狩 伸泰,A2,79.33,前橋@09/11-09/13;松山@09/19-09/21,,3,0,,5.2,
013209,奥谷 広巳,A2,87.55,武雄@09/03-09/05;青森@09/21-09/23,,9,0,,4.2,
013210,川本 恵二,A3,70.16,西武園@08/31-09/02;岸和田@09/14-09/16;大垣@09/22-09/24,宇都,12,0,,4.0,
013212,岡田 浩太,A3,67.87,弥彦@09/02-09/04;別府@09/24-09/26,,8,0,,4.8,
013214,水本 博行,A3,76.35,伊東@09/02-09/04;奈良@09/24-09/26,松阪,14,0,,3.8,
013216,古城 英之,A3,70.50,いわき平@08/30-09/01;京王閣@09/08-09/10;弥彦@09/24-09/26,,10,0,,3.6,
013217,佐々木 英之,A3,65.85,静岡@08/30-09/01;小松島@09/17-09/19;別府@09/24-09/26,,7,1,,5.4,
013219,宮本 佳樹,A2,78.16,奈良@08/26-08/28;防府@09/15-09/17;岸和田@09/26-09/28,,12,0,,4.8,
013232,柳 充,A3,70.07,弥彦@09/02-09/04;武雄@09/16-09/18,,14,1,,4.6,
013233,小松 剛之,A2,83.50,富山@09/10-09/12;青森@09/26-09/28,高知,12,0,,4.6,
013235,榊枝 輝文,A3,71.20,西武園@08/31-09/02;大垣@09/13-09/15,宇都,15,0,,4.2,
013242,尾崎 剛,A1,93.44,岐阜@08/30-09/01;京王閣@09/08-09/10;大垣@09/22-09/24,,9,0,,3.0,
013244,小林 高志,A3,66.25,静岡@08/30-09/01;西武園@09/06-09/08;弥彦@09/24-09/26,青森,12,0,,5.0,
013246,山崎 充央,A2,80.50,玉野@08/26-08/28;松阪@09/05-09/07;立川@09/22-09/24,,6,0,,4.8,
013253,柴田 功一郎,A2,81.50,岐阜@08/30-09/01;玉野@09/08-09/10;川崎@09/17-09/19,,10,0,,5.4,
013255,安坂 洋一,A3,70.66,弥彦@09/02-09/04;広島@09/20-09/22,宇都,15,0,,3.4,
013259,望月 紀男,A2,88.50,四日市@08/29-08/31;前橋@09/11-09/13;大垣@09/22-09/24,,12,0,,3.0,
013261,柴田 昌樹,A3,70.86,弥彦@09/02-09/04;松山@09/12-09/14,松阪,15,0,,4.0,
013263,田中 雅史,A2,83.93,松山@08/31-09/02;いわき平@09/07-09/09;岸和田@09/14-09/16,,12,0,,3.8,
013264,山中 貴雄,A3,70.53,伊東@09/02-09/04;大宮@09/21-09/23,松阪,15,0,,4.2,
013266,伊藤 嘉浩,A3,68.76,松阪@09/05-09/07;豊橋@09/11-09/13;松山@09/19-09/21,,13,0,,5.4,
013267,鷲見 逸喜,A1,88.00,松阪@08/31-09/02;岐阜@09/13-09/15;佐世保@09/20-09/22,,15,0,,3.6,
013270,中川 貴史,A1,82.33,富山@09/03-09/05;高知@09/20-09/22,,12,0,,4.6,
013271,鮒田 博文,A2,83.46,川崎@08/30-09/01;富山@09/10-09/12;高知@09/20-09/22,,15,0,,4.4,
013272,古田 義明,A3,66.88,久留米@09/05-09/07;岸和田@09/14-09/16,松阪,17,0,,3.6,
013273,西 徹,A2,83.08,和歌山@08/30-09/01;西武園@09/06-09/08;防府@09/15-09/17,,12,0,,4.6,
013275,渡辺 航平,A1,86.08,和歌山@08/30-09/01;伊東@09/07-09/09;川崎@09/17-09/19,,12,0,,4.8,
013283,小林 卓人,A1,88.27,前橋@09/11-09/13;伊東@09/23-09/25,,18,0,,3.2,
013285,吉川 悟,A2,80.66,弥彦@09/19-09/21;岸和田@09/26-09/28,岐阜,9,0,,5.2,
013294,木村 勉,A2,82.77,佐世保@09/20-09/22;広島@09/28-09/30,防府,9,0,,4.2,
013296,林 明宏,A1,85.55,高知@09/09-09/11;岸和田@09/26-09/28,,9,0,,4.6,
013298,井手 健,A2,78.85,高知@09/20-09/22;武雄@09/27-09/29,,14,0,,4.6,
013303,須々田 大昇,A3,68.66,川崎@09/10-09/12;小松島@09/17-09/19;奈良@09/24-09/26,青森,9,0,,4.2,
013307,浦川 尊明,A1,90.69,松阪@08/31-09/02;高知@09/09-09/11;青森@09/26-09/28,,13,1,,2.2,
013308,木村 貴宏,A1,90.22,四日市@09/09-09/11;静岡@09/18-09/20;青森@09/26-09/28,,9,0,,3.0,
013311,根本 雄紀,A1,87.26,伊東@09/07-09/09;別府@09/16-09/18,,12,0,,3.8,
013314,鈴木 宏章,A3,71.76,西武園@08/31-09/02;豊橋@09/11-09/13,,13,0,,4.8,
013320,村上 順規,A3,66.00,伊東@09/02-09/04;岸和田@09/14-09/16;弥彦@09/24-09/26,青森,9,0,,5.4,
013324,市川 博章,A3,68.91,西武園@09/06-09/08;平塚@09/28-09/30,,12,1,,4.4,
013327,高橋 健太,A3,69.20,伊東@09/02-09/04;武雄@09/16-09/18,,5,1,,3.6,
013330,舘 泰守,A1,89.30,松戸@09/01-09/03;高知@09/20-09/22,松阪,10,0,,4.4,
013331,橋本 大祐,A3,70.41,松戸@09/01-09/03;富山@09/10-09/12;弥彦@09/24-09/26,松阪,12,0,,3.2,
013332,吉村 和之,A1,88.50,前橋@09/11-09/13;大垣@09/22-09/24,,4,0,,,
013333,小西 誠也,A2,82.08,西武園@08/31-09/02;富山@09/10-09/12,,12,0,,4.4,
013345,中村 美千隆,A2,82.07,松阪@08/31-09/02;久留米@09/17-09/19,防府,11,0,,4.0,
013348,内藤 敦,A2,80.83,川崎@09/10-09/12;別府@09/24-09/26,松阪,12,0,,4.8,
013349,三宅 旬,A2,81.00,立川@09/03-09/05;大宮@09/13-09/15;玉野@09/27-09/29,,12,0,,3.4,
013352,吉永 和生,A1,85.47,佐世保@09/12-09/14;防府@09/29-10/01,防府,17,0,,4.6,
013353,吉永 好宏,A1,85.00,小松島@08/27-08/29;防府@09/04-09/06;岐阜@09/13-09/15,,9,0,,3.0,
013354,國村 洋,A1,89.33,防府@09/04-09/06;玉野@09/27-09/29,高知,3,0,,3.0,
013358,行成 大祐,A2,80.36,いわき平@09/07-09/09;武雄@09/27-09/29,,11,0,,5.2,
013359,吉田 彰久,A3,73.56,静岡@08/30-09/01;松山@09/12-09/14;奈良@09/24-09/26,,16,1,,3.8,
013363,宇根 秀俊,A2,84.84,玉野@08/26-08/28;豊橋@09/04-09/06;別府@09/16-09/18,,13,0,,4.2,
013366,加藤 昌平,A3,74.60,弥彦@09/02-09/04;小松島@09/17-09/19;川崎@09/24-09/26,青森,15,0,,3.0,
013370,三槻 智清,A2,86.00,小倉@08/28-08/30;佐世保@09/20-09/22,,6,0,,,
013371,足達 重満,A2,83.33,奈良@08/26-08/28;いわき平@09/07-09/09;玉野@09/27-09/29,,6,0,,3.6,
013374,川野 正芳,A2,84.13,玉野@09/02-09/04;武雄@09/27-09/29,,12,0,,4.0,
013375,五反田 豊和,A3,70.73,いわき平@08/30-09/01;久留米@09/05-09/07;大垣@09/13-09/15;奈良@09/24-09/26,,15,0,,5.0,
013378,小田桐 義継,A3,71.20,西武園@08/31-09/02;武雄@09/16-09/18;弥彦@09/24-09/26,,15,0,,4.6,
013382,成田 直喜,A1,89.53,松阪@09/05-09/07;川崎@09/17-09/19,,15,0,,3.6,
013384,金子 兼久,A2,81.33,伊東@09/07-09/09;岸和田@09/14-09/16;大垣@09/22-09/24,,15,0,,4.6,
013385,鎌田 聡,A2,80.00,玉野@08/26-08/28;松阪@09/05-09/07;伊東@09/23-09/25,,5,0,,5.2,
013398,関 敬,A3,72.40,静岡@08/30-09/01;弥彦@09/07-09/09;川崎@09/17-09/19,,10,0,,3.8,
013399,塚本 勝士,A2,79.33,四日市@09/09-09/11;静岡@09/18-09/20;いわき平@09/27-09/29,,15,0,🥺,6.0,
013400,稲村 好将,A1,82.25,玉野@09/02-09/04;立川@09/22-09/24,,4,0,,4.8,
013402,沼川 夢久,A3,70.30,伊東@08/27-08/29;松阪@09/05-09/07;川崎@09/17-09/19,,10,1,,3.8,
013405,宮下 貴之,A1,83.33,小倉@08/28-08/30;豊橋@09/04-09/06;青森@09/26-09/28,,12,0,,5.4,
013408,川村 昭弘,A3,77.50,弥彦@09/02-09/04;松山@09/12-09/14;大宮@09/21-09/23,宇都,12,0,,3.2,
013413,鶴岡 與之,A3,71.33,松戸@09/01-09/03;大垣@09/13-09/15;弥彦@09/24-09/26,,9,0,,4.8,
013415,山崎 明寛,A3,69.00,松戸@09/01-09/03;川崎@09/17-09/19;奈良@09/24-09/26,,9,0,,4.6,
013416,飯尾 主税,A1,86.00,松阪@08/31-09/02;川崎@09/10-09/12;いわき平@09/27-09/29,和歌,12,0,,3.6,
013417,梅原 大治,A2,83.41,松阪@08/31-09/02;川崎@09/17-09/19,,12,0,,3.8,
013421,富澤 洋祐,A3,72.44,西武園@08/31-09/02;松山@09/12-09/14,青森,9,0,,,
013423,増田 利明,A1,84.93,小倉@08/28-08/30;松阪@09/05-09/07;大宮@09/13-09/15,,15,0,,4.8,
013426,本村 隆文,A2,83.66,豊橋@09/04-09/06;岐阜@09/13-09/15;佐世保@09/20-09/22,,15,0,,4.2,
013434,石黒 健,A2,85.25,玉野@09/02-09/04;四日市@09/09-09/11;熊本@09/24-09/26,,12,0,,5.0,
013435,中石 昌芳,A1,89.46,大垣@09/07-09/09;防府@09/15-09/17,,15,0,,3.6,
013439,青井 賢治,A1,93.77,奈良@08/26-08/28;防府@09/15-09/17;平塚@09/28-09/30,,9,0,🚀,1.8,
013445,中村 良二,A1,91.00,大垣@09/07-09/09;久留米@09/17-09/19;武雄@09/27-09/29,,6,0,,2.8,
013446,丸林 一孝,A3,68.13,伊東@09/02-09/04;いわき平@09/15-09/17,熊本,15,0,,4.6,
013447,坂本 晃輝,A1,89.66,高知@09/09-09/11;静岡@09/18-09/20,,15,0,,3.4,
013451,松本 大地,A3,75.86,静岡@08/30-09/01;川崎@09/10-09/12;松山@09/19-09/21,,15,0,,3.8,
013452,齊藤 紳一朗,A3,69.25,四日市@08/29-08/31;立川@09/16-09/18;川崎@09/24-09/26,和歌,12,0,,4.8,
013453,阿部 宏之,A2,78.83,松戸@09/01-09/03;四日市@09/09-09/11;広島@09/28-09/30,,12,0,,5.4,
013454,関戸 努,A3,65.83,,熊本,12,0,,4.8,
013456,小林 和彦,A3,75.16,伊東@08/27-08/29;豊橋@09/11-09/13;大宮@09/21-09/23,,12,0,🚀,1.8,
013461,市川 健太,A2,,,,0,0,,,
013465,春日 勇人,A1,86.00,弥彦@09/07-09/09;大垣@09/22-09/24,,18,0,,2.8,
013468,勝俣 亮,A2,80.00,川崎@08/30-09/01;いわき平@09/07-09/09;岸和田@09/26-09/28,,15,0,,5.0,
013469,野村 純宏,A2,82.53,松山@08/31-09/02;川崎@09/10-09/12,,13,1,,4.6,
013470,畠山 裕行,A3,67.84,いわき平@08/30-09/01;大宮@09/21-09/23;平塚@09/28-09/30,,13,0,🥺,6.0,
013471,松坂 英司,A1,87.33,松山@08/31-09/02;川崎@09/10-09/12,,15,0,,3.6,
013473,大塚 英伸,,,,,12,0,,3.4,
013477,宮司 周郎,A1,88.33,岸和田@08/27-08/29;久留米@09/05-09/07;佐世保@09/20-09/22,,12,0,,3.0,
013479,田中 秀治,A2,86.66,岸和田@08/27-08/29;富山@09/10-09/12;久留米@09/17-09/19,,9,0,,2.6,
013480,林 洋二,A3,72.46,伊東@09/02-09/04;松山@09/12-09/14,熊本,15,0,,4.4,
013482,松崎 貴久,A2,85.66,岐阜@08/30-09/01;富山@09/10-09/12;佐世保@09/20-09/22,,12,0,,3.2,
013483,宮越 孝治,A1,89.50,岐阜@08/30-09/01;いわき平@09/07-09/09;久留米@09/17-09/19;別府@09/24-09/26,,12,0,,4.0,
013484,表 大暁,A2,82.53,富山@09/03-09/05;豊橋@09/11-09/13,,13,0,,4.0,
013485,善利 裕生,A2,85.16,岸和田@08/27-08/29;いわき平@09/07-09/09;佐世保@09/20-09/22,,12,0,,3.8,
013489,藤井 孝則,A3,72.50,四日市@08/29-08/31;久留米@09/05-09/07;松山@09/19-09/21,,12,0,,3.4,
013491,近藤 範昌,A1,85.73,豊橋@09/04-09/06;高知@09/20-09/22,,15,0,,4.0,
013492,坂本 智哉,A3,68.66,大垣@09/13-09/15;別府@09/24-09/26,,3,0,,5.0,
013493,立花 成泰,A1,85.06,小倉@08/28-08/30;松山@09/19-09/21;広島@09/28-09/30,,15,0,,4.6,
013494,土井 勲,A2,80.94,大垣@09/07-09/09;青森@09/14-09/16;小松島@09/23-09/25,防府,18,0,,4.2,
013505,住村 実,A3,68.73,弥彦@09/02-09/04;小松島@09/17-09/19;川崎@09/24-09/26,,15,0,,5.0,
013506,田村 浩章,A2,79.87,玉野@09/02-09/04;青森@09/21-09/23;平塚@09/28-09/30,,16,0,,4.4,
013507,吉岡 篤志,A1,85.58,いわき平@09/15-09/17;別府@09/24-09/26,防府,12,0,,4.6,
013508,曽我部 匡史,A3,74.00,伊東@09/02-09/04;川崎@09/10-09/12,宇都,3,0,,,
013512,長野 和弘,A2,81.93,京王閣@09/08-09/10;高知@09/20-09/22,,15,0,,4.4,
013513,南 和夫,A3,65.53,久留米@09/05-09/07;いわき平@09/15-09/17;弥彦@09/24-09/26,松阪,15,0,🥺,5.8,
013521,中野 良,A3,71.08,松戸@09/01-09/03;川崎@09/10-09/12,青森,12,1,,5.0,
013525,亀井 道佳,A3,68.37,いわき平@08/30-09/01;弥彦@09/07-09/09;小松島@09/17-09/19,熊本,8,0,,3.8,
013526,三澤 勝成,A3,71.58,四日市@08/29-08/31;弥彦@09/07-09/09;大垣@09/22-09/24,,12,0,,4.4,
013531,伊藤 司,A3,65.40,京王閣@09/08-09/10;川崎@09/17-09/19;奈良@09/24-09/26,,15,0,🥺,6.2,
013535,平沼 由充,A1,87.77,小倉@08/28-08/30;西武園@09/06-09/08;広島@09/28-09/30,,9,0,,3.0,
013538,小林 圭介,A1,,富山@09/03-09/05;川崎@09/17-09/19;いわき平@09/27-09/29,,0,0,,,
013541,高森 圭介,A3,69.08,伊東@09/02-09/04;立川@09/16-09/18,宇都,12,0,,4.4,
013543,内海 雅夫,A3,70.42,いわき平@08/30-09/01;京王閣@09/08-09/10;川崎@09/17-09/19,和歌,7,0,,3.8,
013546,田村 真広,A1,86.75,弥彦@09/07-09/09;岸和田@09/14-09/16,,12,0,,3.4,
013547,土屋 宏,A2,84.00,岐阜@08/30-09/01;弥彦@09/07-09/09;川崎@09/17-09/19,,15,0,,4.0,
013548,手島 志誠,A2,79.83,玉野@09/02-09/04;いわき平@09/27-09/29,,6,0,,5.0,
013549,堀 勝政,A3,74.00,いわき平@08/30-09/01;弥彦@09/07-09/09;立川@09/16-09/18;川崎@09/24-09/26,,15,0,,3.2,
013550,安部 達也,A1,88.60,小松島@08/27-08/29;立川@09/03-09/05;岸和田@09/14-09/16,,10,0,,3.2,
013551,女屋 文伸,A3,71.83,西武園@08/31-09/02;富山@09/10-09/12;立川@09/16-09/18,,12,0,,5.0,
013553,小島 雅章,A2,81.26,松阪@08/31-09/02;弥彦@09/07-09/09,,15,0,,5.0,
013555,台 和紀,A1,88.66,松戸@09/01-09/03;玉野@09/08-09/10,,15,0,,3.6,
013556,山信田 学,A2,80.31,伊東@09/07-09/09;広島@09/28-09/30,,13,0,🥺,5.6,
013560,小佐野 文秀,A2,85.75,四日市@08/29-08/31;高知@09/09-09/11;別府@09/16-09/18;いわき平@09/27-09/29,,9,0,,3.8,
013567,吉原 友彦,A3,65.00,弥彦@09/07-09/09;川崎@09/17-09/19,,1,0,,,
013568,大木 雅也,A1,88.33,宇都宮@08/31-09/02;四日市@09/09-09/11,防府,12,0,,4.2,
013570,加藤 寛治,A1,87.66,西武園@08/31-09/02;前橋@09/11-09/13,,15,0,,3.0,
013571,小林 信晴,A1,92.26,防府@09/04-09/06;久留米@09/17-09/19,,15,0,,3.0,
013575,渡会 啓介,A2,79.83,岐阜@08/30-09/01;松山@09/19-09/21;玉野@09/27-09/29,防府,12,0,,5.0,
013576,土岐 幹多,A2,83.66,武雄@09/03-09/05;青森@09/21-09/23,,12,0,,4.2,
013580,河村 章憲,A2,81.71,奈良@08/26-08/28;豊橋@09/11-09/13;高知@09/20-09/22,,14,0,🥺,5.8,
013581,薮 謙治,A2,78.88,岐阜@08/30-09/01;佐世保@09/12-09/14;岸和田@09/26-09/28,和歌,9,0,🥺,5.6,
013582,肥後 尚己,A1,91.58,岐阜@09/13-09/15;小松島@09/23-09/25,,12,0,,3.8,
013584,坂田 学,A2,78.94,松阪@08/31-09/02;松山@09/19-09/21,和歌,14,0,,4.6,
013587,船曳 義之,A2,79.50,玉野@09/02-09/04;四日市@09/09-09/11,松阪,12,0,🥺,6.2,
013588,齋藤 仁,A3,69.33,伊東@08/27-08/29;京王閣@09/08-09/10;川崎@09/24-09/26,,15,0,,3.8,
013589,佐竹 和也,A1,88.33,武雄@09/03-09/05;広島@09/28-09/30,高知,12,0,,3.2,
013591,山本 宏明,A3,,弥彦@09/02-09/04;松山@09/12-09/14,,0,0,,,
013594,高田 真幸,A1,81.68,いわき平@09/15-09/17;小松島@09/23-09/25,防府,16,0,,5.0,
013595,別所 英幸,A2,78.00,防府@09/15-09/17;別府@09/24-09/26,,12,0,🥺,5.6,
013601,工藤 政志,A2,83.66,玉野@09/02-09/04;川崎@09/10-09/12,岐阜,12,0,,4.0,
013608,鈴木 誠,A1,81.66,青森@09/21-09/23,,9,0,,4.6,
013610,土屋 仁,A1,88.83,和歌山@08/30-09/01;大宮@09/13-09/15;大垣@09/22-09/24,,12,0,,2.6,
013613,宗景 祐樹,A2,,,,0,0,,,
013615,山口 貴弘,A2,84.08,岸和田@08/27-08/29;弥彦@09/07-09/09;立川@09/16-09/18;いわき平@09/27-09/29,,12,0,,4.0,
013616,渡邉 高志,A1,86.46,松阪@09/05-09/07;前橋@09/11-09/13;弥彦@09/19-09/21,岐阜,15,0,,3.0,
013621,國廣 哲治,A2,83.41,川崎@08/30-09/01;京王閣@09/08-09/10;川崎@09/17-09/19;青森@09/26-09/28,,12,0,,3.6,
013629,福森 慎太郎,A2,77.00,西武園@08/31-09/02;伊東@09/07-09/09;大垣@09/22-09/24,,12,0,🥺,5.6,
013632,川口 直人,A1,92.66,伊東@09/07-09/09;立川@09/16-09/18,高知,12,0,,3.2,
013635,柏木 伸介,A2,,岐阜@08/30-09/01;別府@09/16-09/18,,0,0,,,
013638,村上 卓茂,A2,86.26,川崎@08/30-09/01;西武園@09/06-09/08;岸和田@09/14-09/16,,15,0,,4.0,
013640,西村 豊,A1,91.08,豊橋@09/11-09/13;玉野@09/27-09/29,,12,0,,3.4,
013641,竹内 一暢,A1,83.41,奈良@08/26-08/28;防府@09/04-09/06;岸和田@09/26-09/28,,12,0,,4.0,
013645,川木 敬大,A1,85.60,久留米@09/05-09/07;青森@09/21-09/23,松阪,15,0,,3.4,
013646,日浅 保幸,A2,78.00,玉野@08/26-08/28;防府@09/04-09/06;静岡@09/18-09/20;岸和田@09/26-09/28,,10,0,🥺,5.6,
013647,光畑 政志,A3,69.83,静岡@08/30-09/01;いわき平@09/15-09/17;弥彦@09/24-09/26,,12,0,,4.2,
013650,吉本 哲郎,A1,91.33,宇都宮@08/31-09/02;久留米@09/17-09/19,,12,0,,3.2,
013651,井山 和裕,A3,68.00,久留米@09/05-09/07;川崎@09/24-09/26,,9,0,,,
013652,隅 直幸,A1,82.50,玉野@09/02-09/04;岸和田@09/26-09/28,,10,0,,4.2,
013653,森安 崇之,A1,93.40,立川@09/03-09/05;佐世保@09/12-09/14;伊東@09/23-09/25,,15,0,,3.0,
013654,滝山 実,A2,81.72,松山@08/31-09/02;四日市@09/09-09/11,,18,0,,4.6,
013659,高比良 豪,A2,81.55,小倉@08/28-08/30;佐世保@09/12-09/14;熊本@09/24-09/26,,9,1,,5.0,
013660,徳吉 広紀,A2,83.27,青森@09/14-09/16;別府@09/24-09/26,,18,0,,5.2,
013663,中野 功史,A3,69.33,静岡@08/30-09/01;小松島@09/17-09/19;川崎@09/24-09/26,熊本,9,0,,5.2,
013667,田中 洋輔,A1,86.08,松山@09/19-09/21;防府@09/29-10/01,松阪,12,0,,3.2,
013668,佐々木 孝司,A2,81.16,岸和田@08/27-08/29;松阪@09/05-09/07;川崎@09/17-09/19,,12,0,,4.4,
013676,塚本 諭,A3,70.50,いわき平@09/15-09/17;川崎@09/24-09/26,青森,12,0,,4.4,
013678,菊池 崇訓,A3,68.11,伊東@09/02-09/04;武雄@09/09-09/11,,9,0,,3.8,
013684,吉橋 秀城,A3,68.44,立川@09/16-09/18;弥彦@09/24-09/26,宇都,9,0,,4.4,
013690,伊藤 大理,A2,83.46,奈良@08/26-08/28;松阪@09/05-09/07;立川@09/16-09/18,,13,0,,3.8,
013692,佐野 多喜男,A3,70.00,西武園@08/31-09/02;松山@09/12-09/14;広島@09/20-09/22,熊本,12,0,,4.6,
013693,藤原 憲征,A1,94.91,川崎@09/10-09/12;熊本@09/24-09/26,,12,0,🚀,1.8,
013695,岡本 英之,A1,88.40,宇都宮@08/31-09/02;青森@09/14-09/16,,15,0,,3.2,
013705,佐藤 有輝,A3,72.29,岸和田@09/14-09/16;平塚@09/28-09/30,青森,17,0,,3.8,
013710,榎本 光男,A2,,,,0,0,,,
013711,小林 則之,A1,92.22,岸和田@08/27-08/29;大垣@09/07-09/09;いわき平@09/15-09/17;武雄@09/27-09/29,,9,0,,3.2,
013713,丸山 勝也,A3,68.08,川崎@09/10-09/12;小松島@09/17-09/19,和歌,12,0,,3.8,
013716,佐藤 亙,A1,88.75,小倉@08/28-08/30;岸和田@09/14-09/16;別府@09/24-09/26,,12,0,,3.2,
013723,高谷 進太郎,A2,,岸和田@08/27-08/29;松阪@09/05-09/07;佐世保@09/20-09/22;玉野@09/27-09/29,,0,0,,,
013728,伊狩 知人,A3,70.20,伊東@08/27-08/29;久留米@09/05-09/07;松山@09/12-09/14,,15,0,,4.0,
013729,堺 文人,A2,81.08,豊橋@09/04-09/06;防府@09/15-09/17;別府@09/24-09/26,松阪,12,0,,4.8,
013735,井上 剛,A3,72.88,弥彦@09/02-09/04;広島@09/20-09/22,,9,0,,5.0,
013736,榊原 洋,A2,82.00,武雄@09/03-09/05;立川@09/22-09/24,,16,0,,4.8,
013738,眞鍋 伸也,A2,76.64,立川@09/03-09/05;佐世保@09/12-09/14;高知@09/20-09/22,岐阜,14,0,🥺,6.2,
013740,大久保 直也,A3,,武雄@09/16-09/18;奈良@09/24-09/26,,0,0,,,
013742,葛西 雄太郎,A2,81.53,川崎@08/30-09/01;久留米@09/17-09/19;玉野@09/27-09/29,,15,0,,4.4,
013743,藤田 剣次,A3,74.00,川崎@09/10-09/12;弥彦@09/24-09/26,青森,12,0,,3.8,
013747,伊藤 大志,A1,95.16,富山@09/10-09/12;青森@09/21-09/23,,12,0,,2.2,
013748,佐々木 省司,A1,90.46,小松島@08/27-08/29;弥彦@09/07-09/09;いわき平@09/27-09/29,,15,0,,3.0,
013749,及川 裕奨,A3,74.33,岸和田@09/14-09/16;川崎@09/24-09/26,青森,12,0,,3.8,
013755,佐藤 悦夫,A1,,岐阜@09/13-09/15;平塚@09/28-09/30,,0,0,,,
013760,矢口 啓一郎,A2,87.41,小松島@08/27-08/29;京王閣@09/08-09/10;川崎@09/17-09/19,,12,0,,3.8,
013761,新井 剛央,A2,80.20,松阪@08/31-09/02;弥彦@09/07-09/09,,15,0,,5.0,
013763,川上 真二郎,A3,71.33,京王閣@09/08-09/10;大宮@09/21-09/23,,15,0,,3.8,
013766,武井 大介,A1,89.70,,,10,0,,2.2,
013767,松丸 裕紀,A3,71.53,伊東@08/27-08/29;武雄@09/09-09/11;別府@09/24-09/26,,15,0,,2.8,
013768,旭 啓介,,,,,15,0,,3.6,
013771,吉川 誠,A3,,岸和田@09/14-09/16;弥彦@09/24-09/26,,0,0,,,
013775,鈴木 良太,A1,85.66,玉野@09/02-09/04;前橋@09/11-09/13;青森@09/26-09/28,,6,0,,4.2,
013776,小塚 潤,A3,70.46,静岡@08/30-09/01;松山@09/12-09/14;大宮@09/21-09/23,,13,0,,4.0,
013781,服部 正継,A3,68.57,伊東@08/27-08/29;松阪@09/05-09/07;岸和田@09/14-09/16,,7,0,,4.0,
013782,原 真司,A1,87.06,岐阜@08/30-09/01;四日市@09/09-09/11;玉野@09/27-09/29,,15,0,,4.0,
013784,太田 雅之,A2,77.83,富山@09/03-09/05;久留米@09/17-09/19;玉野@09/27-09/29,,12,0,🥺,6.0,
013788,白崎 芳典,A3,67.08,豊橋@09/11-09/13;弥彦@09/24-09/26,松阪,12,0,,5.4,
013792,辰己 豊,A1,85.08,和歌山@08/30-09/01;大垣@09/07-09/09;岸和田@09/14-09/16,,12,0,,4.0,
013794,川西 亮介,A3,66.40,松阪@09/05-09/07;小松島@09/17-09/19,熊本,10,0,,5.4,
013796,陶器 一馬,A3,71.71,西武園@08/31-09/02;富山@09/10-09/12;弥彦@09/24-09/26,,14,0,,3.4,
013799,真田 晃,A2,83.50,岸和田@08/27-08/29;西武園@09/06-09/08;熊本@09/24-09/26,,12,0,,4.2,
013802,大林 亮介,A3,73.22,伊東@09/02-09/04;奈良@09/24-09/26,,18,0,,5.2,
013809,杉山 剛,A2,82.18,川崎@08/30-09/01;岐阜@09/13-09/15;高知@09/20-09/22,,16,0,,5.2,
013810,良永 浩一,A1,88.80,松山@09/19-09/21;防府@09/29-10/01,,5,0,,4.4,
013811,池田 浩士,A2,87.00,京王閣@09/08-09/10;防府@09/15-09/17,松阪,11,0,,3.6,
013817,吉川 裕二,A2,84.83,青森@09/14-09/16;広島@09/28-09/30,,12,0,,3.6,
013818,赤星 俊光,A3,64.90,いわき平@08/30-09/01;小松島@09/17-09/19;弥彦@09/24-09/26,熊本,10,1,,5.0,
013822,米原 大輔,A2,80.08,小松島@08/27-08/29;玉野@09/08-09/10;佐世保@09/20-09/22;防府@09/29-10/01,,12,0,🥺,6.2,
013824,上吹越 直樹,A1,92.13,玉野@09/02-09/04;別府@09/16-09/18,,15,0,,4.2,
013826,田原 大広,A1,86.33,岸和田@08/27-08/29;青森@09/14-09/16;いわき平@09/27-09/29,,12,0,,3.2,
013827,佐藤 雅彦,A1,88.75,四日市@08/29-08/31;京王閣@09/08-09/10;武雄@09/27-09/29,,12,0,,3.0,
013828,引地 正人,A1,83.08,玉野@09/08-09/10,,12,0,,4.0,
013830,田崎 良太郎,A3,,伊東@08/27-08/29;武雄@09/09-09/11;立川@09/16-09/18,,0,0,,,
013834,平石 浩之,A1,88.53,玉野@09/08-09/10;青森@09/21-09/23,,15,0,,3.0,
013838,山田 武,A2,78.33,西武園@08/31-09/02;青森@09/21-09/23,,15,0,,5.4,
013839,若林 耕司,A2,79.14,武雄@09/03-09/05;佐世保@09/12-09/14;青森@09/26-09/28,,14,0,,4.8,
013840,高瀬 卓,A3,63.77,大垣@09/13-09/15;広島@09/20-09/22,宇都,9,0,🥺,6.4,
013845,加賀美 智史,A2,82.50,西武園@08/31-09/02;伊東@09/07-09/09;青森@09/14-09/16,,16,0,,4.8,
013847,小林 大能,A3,65.20,弥彦@09/02-09/04;武雄@09/16-09/18,宇都,5,0,,5.4,
013853,長田 祐弥,A1,90.00,岐阜@08/30-09/01;高知@09/09-09/11;いわき平@09/27-09/29,,3,0,,5.0,
013854,川田 忍,A2,86.83,松戸@09/01-09/03;青森@09/21-09/23,和歌,6,0,,2.6,
013857,浅沼 聖士,A2,84.31,小倉@08/28-08/30;大垣@09/07-09/09;青森@09/26-09/28,,16,0,,4.0,
013859,荒木 伸哉,A1,86.61,岐阜@08/30-09/01;立川@09/16-09/18;岸和田@09/26-09/28,,13,1,,2.8,
013860,藤原 清隆,A2,,松戸@09/01-09/03;高知@09/09-09/11,和歌,0,0,,,
013861,岡田 大門,A3,69.22,伊東@08/27-08/29;大垣@09/13-09/15;弥彦@09/24-09/26,,18,0,,4.0,
013863,吉田 健市,A1,88.00,豊橋@09/04-09/06;松山@09/19-09/21,,7,0,,3.4,
013867,樋口 奨平,A3,68.66,富山@09/10-09/12;奈良@09/24-09/26,,15,0,,5.0,
013884,守谷 陽介,A1,91.66,京王閣@09/08-09/10;高知@09/20-09/22;玉野@09/27-09/29,,15,0,,3.2,
013885,柳谷 崇,A1,92.00,富山@09/03-09/05;佐世保@09/20-09/22,,15,0,,3.2,
013887,沖本 尚織,A3,71.80,松山@09/12-09/14;平塚@09/28-09/30,,5,0,,4.0,
013888,細川 貴史,A1,82.63,玉野@09/02-09/04;青森@09/21-09/23,高知,11,0,,4.4,
013890,藤原 浩,A1,90.50,川崎@08/30-09/01;青森@09/14-09/16;熊本@09/24-09/26,,6,0,,3.0,
013892,梶山 裕次郎,A2,82.00,富山@09/03-09/05;久留米@09/17-09/19;熊本@09/24-09/26,,11,0,,4.6,
013893,片山 直人,A2,76.83,富山@09/03-09/05;玉野@09/27-09/29,,15,0,🥺,5.8,
013895,松尾 大樹,A2,81.50,小松島@08/27-08/29;佐世保@09/20-09/22;防府@09/29-10/01,,12,0,,4.4,
013896,安東 英博,A2,81.50,玉野@09/08-09/10;高知@09/20-09/22,,18,0,,5.0,
013897,加藤 大輔,A3,73.44,京王閣@09/08-09/10;いわき平@09/15-09/17;平塚@09/28-09/30,青森,18,0,,3.0,
013899,山田 和巧,A2,85.83,四日市@08/29-08/31;松阪@09/05-09/07;立川@09/16-09/18,,12,0,,4.6,
013901,山田 敦也,A1,95.25,玉野@08/26-08/28;武雄@09/03-09/05;青森@09/26-09/28,,12,0,,3.0,
013902,岩崎 将士,A1,85.13,豊橋@09/11-09/13;青森@09/26-09/28,,15,0,,4.4,
013903,川崎 健次,A1,90.40,小松島@08/27-08/29;武雄@09/03-09/05;立川@09/16-09/18;平塚@09/28-09/30,,15,0,,4.0,
013907,佐藤 正吾,A2,84.06,武雄@09/03-09/05;豊橋@09/11-09/13;青森@09/26-09/28,,15,0,,4.2,
013908,菅田 和宏,A2,82.83,西武園@08/31-09/02;立川@09/22-09/24,,15,0,,3.8,
013910,高橋 秀吉,A1,85.20,奈良@08/26-08/28;伊東@09/07-09/09;青森@09/26-09/28,,15,0,,3.2,
013914,小谷田 公則,A1,86.26,伊東@09/07-09/09;別府@09/16-09/18;平塚@09/28-09/30,,15,0,,4.2,
013915,坂口 卓士,A2,86.75,宇都宮@08/31-09/02;佐世保@09/12-09/14,,12,0,,3.8,
013916,白石 大輔,A1,87.06,岸和田@08/27-08/29;伊東@09/07-09/09;防府@09/15-09/17,,12,0,,2.4,
013924,阿久津 修,A1,87.88,岸和田@08/27-08/29;松阪@09/05-09/07;前橋@09/11-09/13;青森@09/21-09/23,,9,0,,2.8,
013925,黒田 篤,A2,81.20,玉野@09/02-09/04;大宮@09/13-09/15;青森@09/26-09/28,,15,0,,4.0,
013926,早坂 道義,A3,70.77,弥彦@09/02-09/04;武雄@09/16-09/18;川崎@09/24-09/26,,18,0,,4.6,
013927,高橋 由記,A3,68.55,弥彦@09/07-09/09;いわき平@09/15-09/17;奈良@09/24-09/26,青森,9,0,,5.2,
013929,宮内 善光,A2,89.13,松阪@08/31-09/02;前橋@09/11-09/13,,15,0,,3.4,
013932,井上 雄三,A1,81.20,宇都宮@08/31-09/02;高知@09/09-09/11,,15,0,,4.4,
013933,藤田 竜矢,A1,86.93,川崎@09/10-09/12;熊本@09/24-09/26,,15,0,,3.8,
013936,小埜 正義,A1,90.14,富山@09/03-09/05;青森@09/14-09/16;いわき平@09/27-09/29,,14,0,,5.0,
013942,大西 健士,A2,83.64,弥彦@09/07-09/09;防府@09/15-09/17,,17,0,,3.8,
013947,石橋 慎太郎,A1,94.66,伊東@09/07-09/09;平塚@09/28-09/30,,12,0,,2.4,
013950,松山 桂輔,A1,88.73,富山@09/03-09/05;久留米@09/17-09/19;熊本@09/24-09/26,,15,0,,2.6,
013951,永井 清史,A2,81.00,防府@09/15-09/17;別府@09/24-09/26,,12,0,,3.0,
013952,東 鉄也,A2,82.08,岸和田@08/27-08/29;久留米@09/17-09/19;防府@09/29-10/01,,9,0,,3.8,
013953,坂元 洋行,A2,81.66,大垣@09/07-09/09;松山@09/19-09/21,,15,0,,4.4,
013955,三宅 裕武,A1,93.06,松阪@08/31-09/02;豊橋@09/11-09/13;大垣@09/22-09/24,,15,0,,3.8,
013957,堂村 知哉,A2,85.50,松山@08/31-09/02;富山@09/10-09/12;小松島@09/23-09/25,防府,12,0,,3.6,
013959,鷲田 佳史,A1,91.00,和歌山@08/30-09/01;松山@09/19-09/21;広島@09/28-09/30,,12,0,,3.6,
013964,高田 大輔,A3,71.08,伊東@08/27-08/29;小松島@09/17-09/19;平塚@09/28-09/30,,12,0,,3.6,
013965,岡田 雅也,A3,71.77,川崎@09/10-09/12;小松島@09/17-09/19;弥彦@09/24-09/26,,9,0,,3.4,
013968,越智 展孝,A2,84.06,玉野@08/26-08/28;高知@09/09-09/11;弥彦@09/19-09/21,,15,0,,5.0,
013969,武田 良太,A2,80.64,富山@09/03-09/05;玉野@09/27-09/29,松阪,14,0,,5.0,
013970,三好 陽一,A1,81.68,小松島@08/27-08/29;富山@09/03-09/05;武雄@09/27-09/29,,16,0,,3.6,
013971,内山 拓,A1,87.66,玉野@09/02-09/04;青森@09/21-09/23,,15,0,,3.0,
013972,富永 昌久,A3,67.26,京王閣@09/08-09/10;弥彦@09/24-09/26,松阪,15,0,,4.6,
013974,大竹野 裕樹,A3,76.40,静岡@08/30-09/01;京王閣@09/08-09/10;武雄@09/16-09/18,,15,0,🚀,2.0,
013979,竹内 優也,A2,84.60,富山@09/03-09/05;大宮@09/13-09/15,,15,0,,4.0,
013980,森田 康嗣,A2,87.00,小松島@08/27-08/29;武雄@09/03-09/05;いわき平@09/27-09/29,,12,0,,3.2,
013983,大崎 智久,A2,82.16,小松島@08/27-08/29;富山@09/03-09/05;いわき平@09/27-09/29,,12,0,,4.8,
013984,栗林 巧,A1,,立川@09/16-09/18;熊本@09/24-09/26,,0,0,,,
013985,高橋 陽介,A1,85.00,武雄@09/27-09/29,,9,0,,5.4,
013988,阿部 英光,A2,85.00,西武園@09/06-09/08;岐阜@09/13-09/15;小松島@09/23-09/25,,12,0,,3.4,
013989,大泉 英則,A2,79.33,岐阜@08/30-09/01;伊東@09/07-09/09;平塚@09/28-09/30,防府,9,0,,4.4,
013993,佐藤 朋也,A1,90.61,豊橋@09/04-09/06;前橋@09/11-09/13,,13,0,,2.2,
013994,杉山 悠也,A1,95.50,松山@08/31-09/02;弥彦@09/07-09/09;岸和田@09/26-09/28,,8,1,,2.4,
013996,丸山 貴秀,A1,95.11,立川@09/03-09/05;いわき平@09/15-09/17,和歌,9,0,,3.2,
013998,桂馬 将人,A3,70.00,いわき平@08/30-09/01;豊橋@09/11-09/13;広島@09/20-09/22;平塚@09/28-09/30,,11,0,,4.8,
014003,須賀 和彦,A2,86.00,松阪@08/31-09/02;京王閣@09/08-09/10;立川@09/22-09/24,和歌,12,0,,4.4,
014005,山本 健也,A1,90.75,岸和田@08/27-08/29;前橋@09/11-09/13;大垣@09/22-09/24,,12,0,,3.0,
014006,青木 亮太,A3,68.07,静岡@08/30-09/01;松山@09/12-09/14;大宮@09/21-09/23,,13,0,🥺,5.6,
014008,甲斐 康昭,A2,82.08,松戸@09/01-09/03;豊橋@09/11-09/13;熊本@09/24-09/26,,12,0,,4.0,
014010,長谷川 辰徳,A3,66.61,四日市@08/29-08/31;岸和田@09/14-09/16;川崎@09/24-09/26,和歌,13,0,,4.6,
014011,細沼 健治,A2,78.25,青森@09/26-09/28,,4,0,,,
014012,関 智晴,A2,82.75,富山@09/03-09/05;弥彦@09/19-09/21,和歌,12,0,,3.6,
014014,須藤 雄太,A3,71.00,伊東@08/27-08/29;大垣@09/13-09/15;大宮@09/21-09/23,,2,0,🥺,6.0,
014015,米倉 剛志,A3,69.41,四日市@08/29-08/31;弥彦@09/07-09/09;立川@09/16-09/18;川崎@09/24-09/26,,12,0,,4.6,
014019,長崎 達也,A3,67.46,四日市@08/29-08/31;西武園@09/06-09/08;大垣@09/22-09/24,,15,0,,4.6,
014021,森川 剛,A2,77.94,岐阜@09/13-09/15;いわき平@09/27-09/29,,17,0,,5.2,
014024,櫻井 丈,A1,86.93,玉野@09/02-09/04;青森@09/14-09/16,防府,15,0,,3.6,
014027,臼井 昌巨,A3,72.22,西武園@08/31-09/02;武雄@09/09-09/11,,18,0,,5.0,
014031,筒井 裕哉,A1,89.40,西武園@08/31-09/02;防府@09/29-10/01,,12,0,,3.2,
014032,藤田 真,A1,87.93,玉野@08/26-08/28;武雄@09/03-09/05;豊橋@09/11-09/13;別府@09/24-09/26,,12,0,,3.2,
014033,藤縄 洋介,A3,72.41,伊東@09/02-09/04;豊橋@09/11-09/13,和歌,12,0,,3.4,
014034,鳥丸 晃順,A3,72.33,京王閣@09/08-09/10;松山@09/19-09/21,松阪,15,0,,3.8,
014035,伊藤 大彦,A1,88.66,いわき平@09/07-09/09;熊本@09/24-09/26,,15,0,,3.2,
014036,篠原 龍馬,A1,90.06,久留米@09/05-09/07;いわき平@09/15-09/17,,15,0,🚀,2.0,
014037,橋本 勝弘,A2,80.40,小松島@08/27-08/29;富山@09/03-09/05;立川@09/22-09/24;防府@09/29-10/01,,10,0,,4.6,
014040,竹内 真一,A2,82.22,宇都宮@08/31-09/02;玉野@09/27-09/29,,18,0,,3.8,
014042,徳吉 正治,A3,69.66,松山@09/12-09/14;川崎@09/24-09/26,,18,0,,5.4,
014044,八尋 英輔,A1,86.00,青森@09/14-09/16;別府@09/24-09/26,松阪,15,0,,3.8,
014046,秋山 貴宏,A3,74.33,弥彦@09/02-09/04;いわき平@09/15-09/17;川崎@09/24-09/26,,15,0,,3.4,
014048,川島 勝,A2,86.40,岐阜@09/13-09/15;高知@09/20-09/22,,15,0,,4.2,
014049,廣田 樹里,A3,73.26,伊東@08/27-08/29;武雄@09/09-09/11;川崎@09/24-09/26,,15,0,,4.2,
014056,橋本 紀彰,A2,83.80,四日市@09/09-09/11;いわき平@09/27-09/29,,15,0,,4.0,
014057,松田 優一,A2,87.13,松戸@09/01-09/03;防府@09/15-09/17,,15,0,,3.0,
014058,佐藤 謙,A2,86.05,松戸@09/01-09/03;玉野@09/08-09/10;川崎@09/17-09/19,,18,0,,3.6,
014059,高塩 讓次,A1,94.46,宇都宮@08/31-09/02;玉野@09/08-09/10,,15,0,,3.4,
014061,塚本 和宏,A2,89.00,四日市@08/29-08/31;いわき平@09/07-09/09;青森@09/21-09/23,,3,0,,2.6,
014062,齋藤 昌弘,A2,80.07,岸和田@08/27-08/29;富山@09/03-09/05;川崎@09/10-09/12,,13,0,,4.8,
014064,吉松 賢二,A3,70.70,静岡@08/30-09/01;大垣@09/13-09/15;大宮@09/21-09/23,,24,0,,3.8,
014066,池田 勇人,A1,92.91,川崎@08/30-09/01;西武園@09/06-09/08;岸和田@09/14-09/16;平塚@09/28-09/30,,12,0,,3.2,
014067,工藤 考生,A3,71.06,いわき平@08/30-09/01;大垣@09/13-09/15;大宮@09/21-09/23,,15,0,,4.2,
014069,渡邊 政幸,A3,70.23,弥彦@09/07-09/09;大宮@09/21-09/23,青森,13,0,,4.6,
014070,秋葉 大輔,A2,86.16,川崎@08/30-09/01;玉野@09/08-09/10;青森@09/26-09/28,,12,0,,4.4,
014072,伊藤 之人,A3,72.26,西武園@08/31-09/02;川崎@09/10-09/12;大宮@09/21-09/23,和歌,15,0,,4.0,
014075,松根 真,A2,80.40,松山@08/31-09/02;弥彦@09/19-09/21,,15,0,,4.0,
014077,古屋 琢晶,A1,88.23,大宮@09/13-09/15;大垣@09/22-09/24,,13,0,,2.2,
014078,植草 亮介,A1,83.33,松阪@08/31-09/02;大垣@09/07-09/09;川崎@09/17-09/19,,6,0,,3.8,
014079,江本 博明,A2,80.40,富山@09/03-09/05;いわき平@09/27-09/29,,15,0,,4.8,
014080,近藤 隆司,A1,94.77,松阪@08/31-09/02;立川@09/22-09/24,,9,0,,3.4,
014082,高橋 雅之,A1,93.75,松戸@09/01-09/03;岸和田@09/14-09/16;大垣@09/22-09/24,,12,0,,2.2,
014083,成清 謙二郎,A1,79.50,四日市@08/29-08/31;伊東@09/07-09/09;岸和田@09/14-09/16,,12,0,,4.8,
014084,小菅 誠,A1,90.09,西武園@08/31-09/02;玉野@09/08-09/10,和歌,11,0,,4.2,
014086,齋藤 友幸,A1,86.80,岐阜@08/30-09/01;大宮@09/13-09/15;熊本@09/24-09/26,,5,1,,4.2,
014087,高橋 隆太,A2,79.55,松阪@08/31-09/02;伊東@09/07-09/09;熊本@09/24-09/26,岐阜,9,0,,5.2,
014091,伊原 弘幸,A1,82.66,松戸@09/01-09/03;弥彦@09/19-09/21,松阪,12,0,,4.4,
014092,山出 裕幸,A2,80.83,小倉@08/28-08/30;大垣@09/22-09/24;防府@09/29-10/01,,12,0,,4.0,
014093,窪田 陽介,A3,73.11,松戸@09/01-09/03;松山@09/19-09/21,松阪,9,0,,3.4,
014094,有馬 雄二,A2,80.43,和歌山@08/30-09/01;富山@09/10-09/12;静岡@09/18-09/20,,16,0,🥺,5.8,
014098,菊谷 信一,A1,90.66,四日市@08/29-08/31;富山@09/10-09/12;久留米@09/17-09/19,,9,0,,4.0,
014099,坂本 佳憲,A3,66.85,伊東@08/27-08/29;大垣@09/13-09/15;広島@09/20-09/22,,14,0,,4.4,
014101,永橋 武司,A3,68.66,四日市@08/29-08/31;松山@09/19-09/21,,12,0,,4.6,
014102,篠塚 光一,A1,82.77,松阪@09/05-09/07;佐世保@09/20-09/22,和歌,18,0,,4.0,
014104,池田 憲昭,A1,93.22,玉野@09/02-09/04;四日市@09/09-09/11,松阪,9,0,,3.6,
014110,廣川 泰昭,A2,83.20,豊橋@09/04-09/06;大宮@09/13-09/15;小松島@09/23-09/25,高知,7,0,,3.4,
014115,原田 礼,A2,83.80,武雄@09/03-09/05;川崎@09/10-09/12;青森@09/21-09/23,,15,0,,4.0,
014116,安東 宏高,A1,86.00,玉野@08/26-08/28;高知@09/09-09/11;広島@09/28-09/30,,1,0,,,
014119,中村 雅仁,A1,91.66,佐世保@09/12-09/14;青森@09/21-09/23,岐阜,9,0,,3.4,
014120,永田 修一,A3,73.41,伊東@09/02-09/04;松山@09/19-09/21,熊本,12,0,,3.0,
014124,石田 宏樹,A3,73.33,松阪@09/05-09/07;大垣@09/22-09/24,,18,0,,2.6,
014125,坂本 昌宏,A2,79.92,松阪@08/31-09/02;伊東@09/07-09/09;静岡@09/18-09/20,,13,0,,5.2,
014126,高谷 敏史,A3,73.41,弥彦@09/02-09/04;小松島@09/17-09/19,宇都,12,0,,2.8,
014128,嶋貫 高大,A3,67.33,西武園@09/06-09/08;岸和田@09/14-09/16;川崎@09/24-09/26,,3,1,,4.6,
014130,竹山 陵太,A1,95.08,和歌山@08/30-09/01;いわき平@09/07-09/09;立川@09/16-09/18,,12,0,,2.2,
014132,三澤 康人,A1,92.80,西武園@08/31-09/02;大垣@09/07-09/09;川崎@09/17-09/19,,15,0,🚀,1.8,
014133,高橋 紀史,A2,81.71,高知@09/09-09/11;松山@09/19-09/21,防府,14,0,,3.4,
014135,金澤 幸司,A1,93.11,岐阜@08/30-09/01;前橋@09/11-09/13;平塚@09/28-09/30,,9,0,,3.2,
014136,金澤 竜二,A1,94.66,奈良@08/26-08/28;富山@09/03-09/05;川崎@09/17-09/19,,9,0,,2.4,
014139,小田倉 勇二,A1,93.83,岐阜@08/30-09/01;いわき平@09/07-09/09;大垣@09/22-09/24,,12,0,,2.8,
014144,石川 雅望,A1,89.16,富山@09/03-09/05;立川@09/22-09/24,,12,0,,3.6,
014145,篠原 忍,A1,92.16,西武園@08/31-09/02;佐世保@09/20-09/22,,3,0,,3.8,
014153,伊藤 太一,A1,85.53,奈良@08/26-08/28;豊橋@09/11-09/13;弥彦@09/19-09/21,,15,0,,4.0,
014154,長岡 豪,A3,69.00,松阪@09/05-09/07;武雄@09/16-09/18;弥彦@09/24-09/26,,8,0,,5.4,
014155,佐藤 政利,A2,83.00,松山@08/31-09/02;伊東@09/07-09/09,,15,0,,5.2,
014157,原田 泰志,A1,85.46,松山@08/31-09/02;伊東@09/23-09/25,,15,0,,3.6,
014158,本間 慎吾,A3,74.33,いわき平@09/15-09/17;平塚@09/28-09/30,青森,9,0,,3.4,
014161,藤田 大輔,A1,86.06,宇都宮@08/31-09/02;熊本@09/24-09/26,,15,0,,3.8,
014164,田中 孝彦,A1,86.66,西武園@08/31-09/02;佐世保@09/12-09/14,和歌,15,0,,3.4,
014166,倉野 隆太郎,A2,82.00,岸和田@08/27-08/29;武雄@09/03-09/05;前橋@09/11-09/13;小松島@09/23-09/25,,12,0,,5.2,
014169,富安 保充,A2,83.50,前橋@09/11-09/13;弥彦@09/19-09/21,和歌,12,0,,4.6,
014171,深見 仁哉,,,,,16,0,,4.4,
014172,山田 隼司,A2,79.75,小倉@08/28-08/30;富山@09/10-09/12;久留米@09/17-09/19,,12,0,,5.4,
014178,伊原 克彦,A1,90.91,川崎@08/30-09/01;佐世保@09/12-09/14;熊本@09/24-09/26,,12,0,,3.0,
014179,肥後 公允,A3,68.12,伊東@09/02-09/04;広島@09/20-09/22,,8,0,,3.8,
014180,坂本 匡洋,A2,91.13,西武園@09/06-09/08;玉野@09/27-09/29,岐阜,12,0,,3.8,
014181,藤原 悠斗,A2,82.37,玉野@09/02-09/04;四日市@09/09-09/11;青森@09/21-09/23,防府,16,0,,4.8,
014183,隅田 幸助,A3,65.60,伊東@08/27-08/29;久留米@09/05-09/07;松山@09/12-09/14,,5,0,,5.2,
014185,隅 貴史,A1,89.55,玉野@09/08-09/10;弥彦@09/19-09/21,防府,9,0,,3.6,
014187,大西 祐,A1,89.80,小倉@08/28-08/30;川崎@09/10-09/12;玉野@09/27-09/29,,15,0,,5.4,
014192,野本 翔太,A1,84.50,佐世保@09/20-09/22;平塚@09/28-09/30,,12,0,,4.4,
014193,玉手 翔,A1,87.73,松阪@08/31-09/02;高知@09/09-09/11,岐阜,15,0,,3.8,
014194,桑原 亮,A1,92.20,京王閣@09/08-09/10;別府@09/24-09/26,,15,0,,3.2,
014195,田中 孝法,A2,79.86,大垣@09/07-09/09;防府@09/29-10/01,高知,15,0,,4.4,
014202,島田 茂希,A3,70.66,いわき平@08/30-09/01;弥彦@09/07-09/09;武雄@09/16-09/18,,15,0,,4.4,
014204,大崎 和也,A1,87.16,玉野@09/02-09/04;立川@09/16-09/18,岐阜,12,0,,4.0,
014205,日当 泰之,A2,80.66,京王閣@09/08-09/10;大垣@09/22-09/24,,15,0,,4.6,
014206,金野 俊秋,A1,88.00,西武園@08/31-09/02;高知@09/09-09/11,,15,0,,3.2,
014209,加美山 隆行,A3,66.93,静岡@08/30-09/01;いわき平@09/15-09/17;大垣@09/22-09/24,,15,0,,4.8,
014213,岡田 哲夫,A3,67.77,伊東@09/02-09/04;富山@09/10-09/12,和歌,9,0,,5.0,
014216,田村 純一,A3,74.55,四日市@08/29-08/31;富山@09/10-09/12;奈良@09/24-09/26,,9,0,,2.4,
014218,邊見 斎,A3,71.78,四日市@08/29-08/31;松山@09/12-09/14;大宮@09/21-09/23,和歌,14,0,,3.8,
014220,山崎 悟,A2,81.46,西武園@09/06-09/08;青森@09/14-09/16,,15,0,,4.0,
014223,瀧野 勝太,A2,84.33,小倉@08/28-08/30;伊東@09/07-09/09;防府@09/15-09/17,,15,0,,4.0,
014224,矢島 一弥,A1,81.44,前橋@09/11-09/13;青森@09/26-09/28,,9,0,,4.8,
014225,伊藤 亮,A1,89.23,大垣@09/07-09/09;青森@09/14-09/16,,13,0,,2.6,
014226,大畑 裕貴,A2,82.91,四日市@08/29-08/31;前橋@09/11-09/13;青森@09/21-09/23,,12,0,,4.8,
014227,緒方 剛,A2,80.73,玉野@09/02-09/04;高知@09/09-09/11;立川@09/16-09/18,,15,0,,4.2,
014230,山田 義彦,A1,88.00,伊東@09/07-09/09;防府@09/15-09/17,,15,0,,3.6,
014235,鈴木 庸之,A1,94.66,松阪@09/05-09/07;青森@09/14-09/16,,12,0,,3.0,
014236,本田 拓也,A2,81.52,松阪@08/31-09/02;青森@09/14-09/16,,17,0,,4.0,
014240,須藤 誠,A2,80.60,松阪@08/31-09/02;立川@09/16-09/18,,15,0,,4.8,
014242,亀谷 隆一,A2,78.64,伊東@09/07-09/09;青森@09/14-09/16,,14,0,,4.4,
014243,齊藤 健人,A2,80.83,松戸@09/01-09/03;富山@09/10-09/12,,18,0,,5.4,
014245,後藤 彰仁,A2,87.00,岸和田@08/27-08/29;豊橋@09/04-09/06;大宮@09/13-09/15;大垣@09/22-09/24,,5,0,,3.8,
014251,関谷 哲平,A3,69.20,伊東@08/27-08/29;西武園@09/06-09/08;岸和田@09/14-09/16,,15,0,,4.2,
014254,武田 和也,A3,69.75,久留米@09/05-09/07;武雄@09/16-09/18,松阪,16,0,,5.2,
014255,西本 直大,A2,84.66,豊橋@09/04-09/06;前橋@09/11-09/13;小松島@09/23-09/25,松阪,9,0,,3.6,
014257,岡崎 克政,A3,73.55,伊東@09/02-09/04;武雄@09/16-09/18;平塚@09/28-09/30,青森,20,0,,2.6,
014258,片山 智晴,A1,89.93,久留米@09/05-09/07;別府@09/24-09/26,,15,0,,4.4,
014261,作田 悦章,A3,78.83,武雄@09/09-09/11;広島@09/20-09/22,青森,12,0,,2.4,
014263,樫山 恭柄,A1,94.00,豊橋@09/04-09/06;小松島@09/23-09/25,,18,0,,2.4,
014265,松永 真太,A3,77.73,いわき平@08/30-09/01;広島@09/20-09/22;平塚@09/28-09/30,,15,0,,2.2,
014266,宮本 龍一,A3,72.90,大垣@09/13-09/15;奈良@09/24-09/26,,11,0,,5.4,
014267,一ノ瀬 匠,A1,86.82,松山@09/19-09/21;防府@09/29-10/01,,17,0,,4.0,
014269,梶原 恵介,A1,84.20,富山@09/03-09/05;久留米@09/17-09/19,,15,0,,4.0,
014270,小原 将通,A1,89.75,玉野@08/26-08/28;防府@09/04-09/06;高知@09/20-09/22,,12,0,,3.8,
014272,松田 直也,A3,69.57,大垣@09/13-09/15;川崎@09/24-09/26,宇都,14,0,,3.2,
014274,吉成 晃一,A3,70.42,伊東@08/27-08/29;川崎@09/10-09/12;広島@09/20-09/22,,19,0,,4.2,
014275,喜納 隆志,A3,69.76,武雄@09/16-09/18;別府@09/24-09/26,,13,0,,4.4,
014276,坂本 敏也,A3,71.16,伊東@08/27-08/29;弥彦@09/07-09/09;大宮@09/21-09/23,,12,0,,3.2,
014277,山口 慎吾,A2,85.41,伊東@09/07-09/09;青森@09/26-09/28,和歌,12,0,,3.6,
014280,井上 公利,A2,84.93,四日市@08/29-08/31;前橋@09/11-09/13;静岡@09/18-09/20,,16,0,,3.8,
014281,寺林 正秋,A1,87.00,玉野@09/02-09/04;大宮@09/13-09/15,高知,15,0,,3.0,
014282,石川 恭規,A2,80.80,西武園@08/31-09/02;高知@09/09-09/11;いわき平@09/27-09/29,,15,0,,5.2,
014287,齋藤 昌太,A3,69.13,松戸@09/01-09/03;豊橋@09/11-09/13;大宮@09/21-09/23,宇都,15,0,,5.0,
014289,羽石 国臣,A3,68.44,いわき平@08/30-09/01;川崎@09/17-09/19;奈良@09/24-09/26,和歌,9,0,,4.0,
014295,山崎 寛巳,A3,67.88,武雄@09/09-09/11;立川@09/16-09/18,,9,0,,4.4,
014296,佐藤 清之,A2,79.78,西武園@09/06-09/08;別府@09/16-09/18,高知,14,0,,4.6,
014297,田中 勝仁,A2,83.33,玉野@09/02-09/04;立川@09/16-09/18,,12,0,,5.0,
014298,蒔田 英彦,A1,96.16,小倉@08/28-08/30;弥彦@09/07-09/09;小松島@09/23-09/25,,12,0,🚀,2.0,
014300,上野 真吾,A1,83.50,大宮@09/13-09/15;大垣@09/22-09/24,,6,0,,4.2,
014301,齋藤 輝彦,A3,70.37,静岡@08/30-09/01;武雄@09/09-09/11;川崎@09/17-09/19,,8,0,,5.0,
014302,武田 憲祐,A1,88.33,松山@08/31-09/02;伊東@09/07-09/09,,15,0,,4.2,
014303,小川 達也,A1,79.46,和歌山@08/30-09/01;四日市@09/09-09/11;伊東@09/23-09/25,,15,0,🥺,5.8,
014304,大竹 哲也,A2,84.33,西武園@08/31-09/02;大垣@09/07-09/09;武雄@09/27-09/29,防府,9,0,,4.8,
014305,大谷 靖茂,A1,87.58,岐阜@08/30-09/01;西武園@09/06-09/08;岸和田@09/14-09/16,,17,0,,3.6,
014314,中川 繁樹,A2,87.66,玉野@08/26-08/28;豊橋@09/11-09/13;弥彦@09/19-09/21,,9,1,,3.2,
014315,西谷 岳文,A2,83.46,松戸@09/01-09/03;武雄@09/27-09/29,和歌,12,0,,3.8,
014316,山崎 光展,A3,73.50,伊東@08/27-08/29;久留米@09/05-09/07;岸和田@09/14-09/16;別府@09/24-09/26,,16,0,,2.8,
014319,中野 彰人,A3,71.00,武雄@09/09-09/11;別府@09/24-09/26,,1,1,,,
014320,在本 直樹,A2,86.11,宇都宮@08/31-09/02;玉野@09/08-09/10;いわき平@09/15-09/17,岐阜,9,0,,3.6,
014321,石坂 永伍,A1,87.00,川崎@08/30-09/01;大宮@09/13-09/15;防府@09/29-10/01,,15,0,,3.6,
014323,連佛 康浩,A1,78.11,京王閣@09/08-09/10;久留米@09/17-09/19,,9,0,,5.4,
014324,内村 竜也,A2,80.00,宇都宮@08/31-09/02;高知@09/20-09/22,防府,12,0,,4.8,
014326,福島 栄一,A1,88.41,久留米@09/05-09/07;青森@09/14-09/16,防府,12,0,🥺,5.8,
014328,藤田 洋平,A2,78.75,小松島@08/27-08/29;静岡@09/18-09/20;防府@09/29-10/01,,12,0,,5.4,
014329,阿部 功,A2,80.83,いわき平@09/15-09/17;玉野@09/27-09/29,,12,0,,5.0,
014331,栗田 貴徳,A1,87.33,玉野@09/08-09/10;松山@09/19-09/21,,12,0,,3.2,
014332,芳野 匠,A1,84.94,京王閣@09/08-09/10;別府@09/16-09/18,,15,0,,4.4,
014333,阿部 兼士,A1,88.13,松山@08/31-09/02;四日市@09/09-09/11,,15,0,,3.6,
014334,高倉 俊宏,A2,82.93,玉野@09/08-09/10;弥彦@09/19-09/21,,12,0,,3.8,
014335,中園 朋亨,A2,78.92,佐世保@09/12-09/14;青森@09/21-09/23,,13,0,,5.4,
014336,八尋 翔平,A2,86.08,大宮@09/13-09/15;佐世保@09/20-09/22,,12,0,,4.0,
014339,成松 春樹,A1,95.20,防府@09/04-09/06;松山@09/19-09/21,,15,0,,3.0,
014340,古川 貴之,A1,89.41,高知@09/20-09/22;武雄@09/27-09/29,,9,1,,3.0,
014341,松尾 玄太,A1,83.15,いわき平@09/07-09/09;防府@09/29-10/01,,13,0,,3.2,
014342,南部 亮太,A3,76.50,伊東@08/27-08/29;武雄@09/09-09/11;松山@09/19-09/21,,12,0,,2.6,
014344,園田 鉄兵,A2,81.41,久留米@09/17-09/19;玉野@09/27-09/29,,12,0,,5.0,
014347,外崎 一成,A2,84.91,岐阜@09/13-09/15;いわき平@09/27-09/29,,12,0,,2.8,
014349,佐藤 純嘉,A3,71.06,西武園@08/31-09/02;弥彦@09/07-09/09;立川@09/16-09/18,宇都,15,0,,4.4,
014351,田口 守,A2,76.80,岐阜@09/13-09/15;玉野@09/27-09/29,,15,0,🥺,5.6,
014353,宇佐見 裕輝,,,,,15,0,,3.0,
014354,大島 将人,A1,85.16,岐阜@08/30-09/01;玉野@09/08-09/10;いわき平@09/27-09/29,,12,0,,3.4,
014357,佐藤 康恭,A3,71.26,武雄@09/09-09/11;立川@09/16-09/18;弥彦@09/24-09/26,和歌,15,0,,4.8,
014359,関根 彰人,A2,83.75,小松島@08/27-08/29;別府@09/16-09/18;武雄@09/27-09/29,,12,0,,4.6,
014360,関根 崇人,A3,72.00,松山@09/12-09/14;弥彦@09/24-09/26,,12,0,,2.8,
014361,真船 圭一郎,A1,94.41,川崎@08/30-09/01;弥彦@09/07-09/09;岸和田@09/14-09/16,,12,0,,2.4,
014362,岩崎 大和,A2,80.33,前橋@09/11-09/13;青森@09/26-09/28,防府,15,0,,5.2,
014363,中川 昌久,A3,73.33,西武園@09/06-09/08;川崎@09/17-09/19,,6,0,,4.2,
014364,野間 司,A2,82.13,宇都宮@08/31-09/02;伊東@09/07-09/09;青森@09/26-09/28,,15,0,,4.2,
014365,薮田 貴幸,A3,66.14,弥彦@09/07-09/09;岸和田@09/14-09/16,,7,0,,5.0,
014366,阿久津 浩之,A2,78.00,岐阜@08/30-09/01;立川@09/16-09/18;広島@09/28-09/30,,18,0,🥺,5.8,
014369,中川 拓也,A3,75.09,西武園@09/06-09/08;立川@09/16-09/18,宇都,11,0,,3.4,
014373,鈴木 雄一朗,A3,67.00,いわき平@08/30-09/01;富山@09/10-09/12;平塚@09/28-09/30,,6,0,,,
014374,屋良 朝春,A2,80.44,久留米@09/05-09/07;松山@09/19-09/21;玉野@09/27-09/29,防府,9,0,,5.2,
014378,加賀山 淳,A1,91.00,岐阜@08/30-09/01;静岡@09/18-09/20;平塚@09/28-09/30,,1,0,,,
014381,吉澤 賢,A3,68.71,川崎@09/10-09/12;大垣@09/22-09/24,,14,0,,4.2,
014382,伊藤 翼,A3,68.05,松戸@09/01-09/03;小松島@09/17-09/19,宇都,18,0,,4.2,
014383,河野 要,A2,82.93,松阪@08/31-09/02;青森@09/26-09/28,,12,0,,4.6,
014385,山本 淳,A3,76.26,四日市@08/29-08/31;西武園@09/06-09/08;立川@09/16-09/18,,15,0,,3.4,
014386,伊藤 拓人,A2,79.00,玉野@09/02-09/04;立川@09/16-09/18,,12,0,🥺,5.6,
014387,佐野 恭太,A2,84.53,豊橋@09/04-09/06;大宮@09/13-09/15,,15,0,,4.0,
014388,水野 悟志,A3,69.54,四日市@08/29-08/31;川崎@09/10-09/12;大宮@09/21-09/23,,11,0,,4.2,
014389,村本 慎吾,A3,74.00,伊東@08/27-08/29;弥彦@09/07-09/09;小松島@09/17-09/19,,6,1,,,
014390,愛敬 博之,A1,89.53,川崎@08/30-09/01;岐阜@09/13-09/15;佐世保@09/20-09/22,,12,0,,4.0,
014392,北村 篤,A3,73.66,西武園@08/31-09/02;大垣@09/13-09/15;大宮@09/21-09/23,熊本,12,0,,3.4,
014393,柴田 祐也,A2,79.26,宇都宮@08/31-09/02;四日市@09/09-09/11,,15,0,,4.0,
014395,竹田 慎一,A3,67.91,小松島@09/17-09/19,,12,0,,5.2,
014400,志水 祐彦,A2,87.62,岸和田@09/14-09/16;大垣@09/22-09/24,,5,0,,3.0,
014402,泉谷 直哉,A2,87.00,玉野@08/26-08/28;防府@09/04-09/06;前橋@09/11-09/13;高知@09/20-09/22,,13,0,,3.8,
014403,櫻井 太士,A1,85.58,いわき平@09/07-09/09;小松島@09/23-09/25,高知,12,0,,5.2,
014404,岩本 純,A1,89.86,小倉@08/28-08/30;京王閣@09/08-09/10;高知@09/20-09/22,,15,0,,2.6,
014407,森 佑樹,A3,68.08,弥彦@09/02-09/04;武雄@09/09-09/11,熊本,12,0,,5.0,
014408,守安 政雄,A2,82.22,小松島@08/27-08/29,,9,0,,4.0,
014410,桶谷 明誉,A1,80.75,小松島@08/27-08/29;弥彦@09/19-09/21;広島@09/28-09/30,,8,0,🥺,5.6,
014411,小谷 文康,A2,80.00,大垣@09/07-09/09;防府@09/15-09/17,,3,0,,,
014412,宮崎 康司,A2,80.33,小倉@08/28-08/30;青森@09/14-09/16;別府@09/24-09/26,,12,0,,5.4,
014413,松本 充生,A3,67.75,弥彦@09/02-09/04;広島@09/20-09/22,青森,12,0,,5.0,
014414,是永 幸寛,A1,83.86,玉野@09/08-09/10;佐世保@09/20-09/22;平塚@09/28-09/30,,15,0,,4.6,
014415,楢原 由将,A2,79.91,小松島@08/27-08/29;立川@09/03-09/05;玉野@09/27-09/29,,12,0,,4.6,
014416,矢田 晋,A3,68.15,静岡@08/30-09/01;京王閣@09/08-09/10;小松島@09/17-09/19;弥彦@09/24-09/26,,13,0,,4.2,
014418,安部 龍文,A3,74.13,弥彦@09/02-09/04;大垣@09/13-09/15,青森,15,0,🚀,2.0,
014422,前田 義和,A1,89.26,宇都宮@08/31-09/02;佐世保@09/20-09/22;玉野@09/27-09/29,,15,0,,2.6,
014424,大澤 哉太,A3,66.36,いわき平@08/30-09/01;大垣@09/13-09/15;広島@09/20-09/22;平塚@09/28-09/30,青森,11,0,,4.8,
014425,前川 裕希,A3,69.90,静岡@08/30-09/01;西武園@09/06-09/08;大宮@09/21-09/23,,10,0,,4.4,
014428,鹿内 翔,A1,87.77,松阪@08/31-09/02;伊東@09/07-09/09,和歌,9,0,,3.6,
014429,千澤 大輔,A3,70.66,松戸@09/01-09/03;武雄@09/16-09/18;弥彦@09/24-09/26,和歌,12,0,,3.0,
014430,橋本 祐司,A3,74.75,川崎@09/17-09/19;奈良@09/24-09/26,,12,0,,4.2,
014432,相澤 恵一,A3,72.00,静岡@08/30-09/01;武雄@09/09-09/11;広島@09/20-09/22,和歌,9,0,,4.0,
014433,長田 彰人,A3,68.50,伊東@09/02-09/04;松山@09/12-09/14,,14,0,,5.0,
014434,山崎 功也,A3,74.00,いわき平@08/30-09/01;京王閣@09/08-09/10;小松島@09/17-09/19;平塚@09/28-09/30,,9,0,,,
014438,緑川 修平,A2,79.16,岐阜@08/30-09/01;弥彦@09/07-09/09;青森@09/14-09/16;岸和田@09/26-09/28,,12,0,,5.2,
014439,山崎 司,A1,84.66,玉野@08/26-08/28;富山@09/03-09/05;いわき平@09/15-09/17,,12,0,,3.6,
014443,堀内 昇,A3,71.77,西武園@08/31-09/02;豊橋@09/11-09/13;広島@09/20-09/22,,9,0,,3.2,
014444,星野 辰也,A1,89.06,奈良@08/26-08/28;伊東@09/07-09/09;いわき平@09/27-09/29,,12,0,,3.4,
014446,菅藤 智,A3,67.00,松戸@09/01-09/03;岸和田@09/14-09/16;大垣@09/22-09/24,宇都,8,0,,4.8,
014447,三木 翔太,A3,71.58,西武園@08/31-09/02;いわき平@09/15-09/17;川崎@09/24-09/26,,12,0,,4.2,
014449,片折 勇輝,A2,79.50,青森@09/14-09/16;熊本@09/24-09/26,,14,0,,5.0,
014452,長井 優斗,A1,88.66,玉野@09/02-09/04;川崎@09/10-09/12;青森@09/26-09/28,,6,0,,4.6,
014454,上原 龍,A1,91.33,岸和田@08/27-08/29;伊東@09/07-09/09;立川@09/16-09/18,,12,0,,4.2,
014455,小野 裕次,A1,90.60,松阪@08/31-09/02;京王閣@09/08-09/10;いわき平@09/27-09/29,,15,0,,2.6,
014456,亀井 久幸,A2,80.22,松戸@09/01-09/03;川崎@09/17-09/19,,18,0,,4.6,
014457,北野 良栄,A2,81.46,富山@09/03-09/05;前橋@09/11-09/13,,15,0,,4.0,
014459,根藤 浩二,A2,86.00,宇都宮@08/31-09/02;弥彦@09/07-09/09;熊本@09/24-09/26,,15,0,,3.4,
014460,矢口 大樹,A1,88.75,玉野@09/02-09/04;川崎@09/10-09/12,高知,12,0,,5.0,
014461,山中 秀将,A1,92.28,和歌山@08/30-09/01;静岡@09/18-09/20;広島@09/28-09/30,,7,0,,3.4,
014463,久保 将史,A3,63.40,松戸@09/01-09/03;大宮@09/21-09/23,宇都,10,0,🥺,6.2,
014464,中西 司,A2,83.46,松阪@08/31-09/02;川崎@09/17-09/19,,15,0,,4.0,
014466,二藤 元太,A1,93.33,松阪@08/31-09/02;弥彦@09/07-09/09,,9,0,,3.4,
014470,板橋 慎治,A2,80.80,松山@08/31-09/02;豊橋@09/11-09/13,,15,0,🥺,6.0,
014473,重倉 高史,A1,87.93,富山@09/03-09/05;大宮@09/13-09/15;玉野@09/27-09/29,,12,0,,2.6,
014474,山崎 晃,A2,84.52,西武園@08/31-09/02;武雄@09/27-09/29,,15,0,,4.2,
014475,高間 悠平,A1,92.16,西武園@09/06-09/08;佐世保@09/20-09/22;玉野@09/27-09/29,,12,0,,4.4,
014476,乾 庄平,A2,84.83,大垣@09/07-09/09;熊本@09/24-09/26,,18,0,,3.6,
014477,白上 翔,A1,93.00,四日市@08/29-08/31;松阪@09/05-09/07;松山@09/19-09/21,,12,0,,3.4,
014479,金子 浩貴,A2,83.53,久留米@09/05-09/07;岸和田@09/14-09/16;大垣@09/22-09/24,,15,0,,3.2,
014482,松本 琢也,A3,69.77,松戸@09/01-09/03;富山@09/10-09/12;大宮@09/21-09/23,宇都,9,0,,4.4,
014483,竜門 孝宗,A3,69.00,武雄@09/16-09/18;別府@09/24-09/26,松阪,12,0,,3.6,
014486,大瀬戸 潤一郎,A1,90.00,松山@08/31-09/02;青森@09/14-09/16,,18,0,,3.4,
014487,才迫 勇馬,A3,79.20,武雄@09/09-09/11;弥彦@09/24-09/26,青森,15,0,,2.4,
014489,高鍋 邦彰,A2,78.58,小松島@08/27-08/29;川崎@09/10-09/12;防府@09/29-10/01,,12,0,🥺,5.6,
014490,永田 隼一,A3,67.00,,,7,0,,4.2,
014492,飯塚 隼人,A2,80.28,久留米@09/05-09/07;佐世保@09/20-09/22,高知,14,0,,4.4,
014494,山崎 翼,A1,83.55,川崎@08/30-09/01;青森@09/14-09/16;別府@09/24-09/26,,9,0,,4.8,
014495,下沖 功児,A1,89.27,静岡@09/18-09/20;玉野@09/27-09/29,,18,0,,2.8,
014496,天沼 雅貴,A3,70.08,松阪@09/05-09/07;松山@09/12-09/14;奈良@09/24-09/26,青森,12,0,,4.6,
014502,相笠 翔太,A2,86.25,小倉@08/28-08/30;豊橋@09/04-09/06;別府@09/16-09/18;伊東@09/23-09/25,,12,0,,4.0,
014503,真船 拓磨,A3,66.75,松戸@09/01-09/03;松山@09/12-09/14;奈良@09/24-09/26,宇都,12,0,,4.4,
014510,菅谷 隆司,A1,89.40,立川@09/16-09/18;いわき平@09/27-09/29,,15,0,,3.8,
014513,樋口 絢土,A2,80.33,川崎@09/17-09/19;いわき平@09/27-09/29,,9,0,,4.8,
014516,村松 俊弥,A3,71.60,静岡@08/30-09/01;弥彦@09/07-09/09;武雄@09/16-09/18,,15,0,,4.4,
014519,湯浅 大輔,A3,76.93,弥彦@09/02-09/04;豊橋@09/11-09/13,宇都,15,0,,2.6,
014520,伊藤 彰規,A2,80.80,玉野@09/02-09/04;前橋@09/11-09/13,,15,0,,4.2,
014522,高橋 佑輔,A2,81.66,和歌山@08/30-09/01;伊東@09/07-09/09;青森@09/26-09/28,,15,0,,4.4,
014525,三ッ井 武,A2,88.75,伊東@09/07-09/09;青森@09/26-09/28,防府,12,0,,2.2,
014526,渡辺 馨,A3,71.15,伊東@08/27-08/29;富山@09/10-09/12;大垣@09/22-09/24,,13,0,,4.2,
014527,飯田 憲司,A1,89.00,四日市@08/29-08/31;富山@09/10-09/12;別府@09/16-09/18;いわき平@09/27-09/29,,12,0,,3.8,
014528,落合 達彦,A1,87.62,豊橋@09/04-09/06;前橋@09/11-09/13;熊本@09/24-09/26,,15,0,,3.0,
014530,栗田 雄矢,A1,85.08,松戸@09/01-09/03;豊橋@09/11-09/13,,12,0,,4.2,
014532,柴田 竜史,A2,80.33,岸和田@08/27-08/29;伊東@09/07-09/09;小松島@09/23-09/25,,12,0,,5.0,
014533,加藤 正法,A2,79.00,和歌山@08/30-09/01;高知@09/09-09/11;伊東@09/23-09/25,,12,0,🥺,5.8,
014549,戸伏 康夫,A1,83.40,奈良@08/26-08/28;防府@09/15-09/17;平塚@09/28-09/30,,15,0,,3.8,
014550,龍門 慎太郎,A3,71.38,武雄@09/16-09/18;川崎@09/24-09/26,,18,0,,4.0,
014555,水木 裕聡,A3,68.66,静岡@08/30-09/01;大垣@09/13-09/15;別府@09/24-09/26,,9,0,,4.4,
014556,小川 祐司,A2,87.69,玉野@09/08-09/10;青森@09/21-09/23,,10,0,,4.2,
014559,田山 誠,A3,68.33,伊東@08/27-08/29;久留米@09/05-09/07;松山@09/12-09/14,,12,0,,5.0,
014561,高橋 義秋,A1,89.25,小松島@08/27-08/29;富山@09/03-09/05;いわき平@09/15-09/17;玉野@09/27-09/29,,12,0,,3.8,
014563,興呂木 雄治,A2,78.28,富山@09/03-09/05;佐世保@09/20-09/22,,14,0,🥺,6.0,
014565,中村 健志,A1,93.80,防府@09/04-09/06;高知@09/20-09/22,,15,0,,2.4,
014566,安谷屋 将志,A2,82.50,防府@09/04-09/06;久留米@09/17-09/19,高知,12,0,,4.0,
014567,仲松 勝太,A2,84.00,小松島@08/27-08/29;玉野@09/08-09/10;久留米@09/17-09/19;熊本@09/24-09/26,,9,0,🥺,5.6,
014570,松澤 敬輔,A1,94.50,小松島@08/27-08/29;富山@09/03-09/05;川崎@09/10-09/12,,12,0,,2.2,
014572,赤塚 悠人,A1,82.26,松戸@09/01-09/03;豊橋@09/11-09/13,,15,0,,4.0,
014575,鈴木 達也,A2,84.44,西武園@08/31-09/02;別府@09/16-09/18,,18,0,,4.8,
014578,大越 啓介,A3,75.50,伊東@08/27-08/29;西武園@09/06-09/08;大宮@09/21-09/23,,18,0,,3.0,
014579,齋藤 一茂,A2,84.75,奈良@08/26-08/28;弥彦@09/07-09/09;青森@09/26-09/28,,12,0,,3.8,
014581,佐山 俊樹,A1,86.66,四日市@08/29-08/31;西武園@09/06-09/08;小松島@09/23-09/25,,15,0,,3.4,
014583,吉田 昌弘,A3,73.00,伊東@09/02-09/04;広島@09/20-09/22,,5,0,,3.4,
014584,井上 嵩,A2,77.50,玉野@09/02-09/04;前橋@09/11-09/13,,12,0,,5.4,
014586,近藤 寛央,A2,86.13,立川@09/03-09/05;富山@09/10-09/12;武雄@09/27-09/29,,15,0,,3.8,
014587,鈴木 謙二,A1,83.83,立川@09/03-09/05;佐世保@09/12-09/14;いわき平@09/27-09/29,岐阜,12,0,,5.2,
014589,西巻 秀太,A3,69.66,松戸@09/01-09/03;大垣@09/13-09/15,青森,6,0,,4.8,
014590,近藤 夏樹,A1,90.66,川崎@08/30-09/01;豊橋@09/11-09/13;伊東@09/23-09/25,,15,0,,3.4,
014591,本多 哲也,A1,89.66,川崎@08/30-09/01;弥彦@09/07-09/09;岸和田@09/14-09/16;青森@09/26-09/28,,9,0,,,
014594,太田 剛司,A1,92.00,松阪@08/31-09/02;静岡@09/18-09/20;玉野@09/27-09/29,和歌,6,0,,2.8,
014595,瀧本 匡平,A3,68.64,久留米@09/05-09/07;豊橋@09/11-09/13;松山@09/19-09/21,松阪,14,0,,3.8,
014596,中村 賢二,A2,80.26,和歌山@08/30-09/01;弥彦@09/19-09/21;玉野@09/27-09/29,岐阜,15,0,,4.8,
014597,上田 隼,A2,84.44,四日市@08/29-08/31;久留米@09/05-09/07;高知@09/20-09/22;広島@09/28-09/30,,9,0,,4.0,
014598,岡崎 祥伍,A2,80.66,富山@09/03-09/05;岸和田@09/26-09/28,,15,0,,3.8,
014600,山田 祥明,A1,82.66,高知@09/09-09/11;松山@09/19-09/21,松阪,9,1,,4.2,
014601,小竹 洋平,A1,85.00,久留米@09/05-09/07;佐世保@09/20-09/22,高知,9,0,,4.2,
014603,佐野 洋継,A2,80.07,岐阜@08/30-09/01;前橋@09/11-09/13;高知@09/20-09/22,和歌,13,0,🥺,5.6,
014610,山村 慮太,A3,76.00,弥彦@09/02-09/04;武雄@09/09-09/11;大宮@09/21-09/23,,18,0,,2.6,
014612,工藤 文彦,A1,90.33,玉野@09/02-09/04;久留米@09/17-09/19;武雄@09/27-09/29,高知,9,0,,2.8,
014614,高橋 清太郎,A1,85.40,玉野@09/08-09/10;青森@09/21-09/23,,15,0,,2.8,
014615,藤原 亮太,A2,78.66,松山@08/31-09/02;いわき平@09/15-09/17,,15,0,,4.6,
014619,木村 浩宣,A1,89.27,武雄@09/03-09/05;岐阜@09/13-09/15,松阪,8,0,,2.8,
014620,二條 祐也,A1,86.00,小松島@08/27-08/29;静岡@09/18-09/20;防府@09/29-10/01,,15,0,,4.0,
014623,飯田 裕次,A1,88.50,久留米@09/05-09/07;大宮@09/13-09/15;立川@09/22-09/24,,12,0,,4.6,
014625,藤野 貴章,A2,82.16,小松島@08/27-08/29;武雄@09/03-09/05;いわき平@09/15-09/17,,6,0,,5.0,
014630,利根 正明,A1,88.00,小松島@08/27-08/29;久留米@09/05-09/07;青森@09/14-09/16,,15,0,,3.6,
014634,寺崎 祐樹,A1,85.55,宇都宮@08/31-09/02;久留米@09/17-09/19,,15,0,,4.2,
014637,吉成 貴博,A2,82.27,佐世保@09/20-09/22;平塚@09/28-09/30,,18,0,,4.0,
014638,川又 裕樹,A2,84.66,いわき平@09/15-09/17;別府@09/24-09/26,,18,0,,3.6,
014643,菅原 洋輔,A3,70.58,西武園@08/31-09/02;豊橋@09/11-09/13,青森,12,0,,4.8,
014644,高橋 明久,A3,71.00,四日市@08/29-08/31;松山@09/12-09/14;大宮@09/21-09/23,,12,0,,4.2,
014646,三浦 雄大,A1,94.77,西武園@09/06-09/08;岐阜@09/13-09/15;立川@09/22-09/24,防府,9,0,,3.0,
014650,佐藤 裕輝,A3,66.00,松阪@09/05-09/07;大宮@09/21-09/23,宇都,6,0,,5.0,
014651,須永 勝太,A2,83.66,松阪@08/31-09/02;佐世保@09/12-09/14;青森@09/26-09/28,,15,0,,5.0,
014652,原 清孝,A3,68.73,久留米@09/05-09/07;小松島@09/17-09/19;別府@09/24-09/26,,15,0,,4.2,
014654,舘 真成,A2,87.66,松山@08/31-09/02;弥彦@09/07-09/09;いわき平@09/15-09/17,和歌,9,0,,4.2,
014657,野中 祐志,A1,92.88,四日市@08/29-08/31;前橋@09/11-09/13;武雄@09/27-09/29,,9,0,,2.8,
014658,馬場 和広,A1,91.83,武雄@09/03-09/05;川崎@09/17-09/19;いわき平@09/27-09/29,高知,12,0,,4.8,
014662,櫻井 宏樹,A3,68.25,松戸@09/01-09/03;富山@09/10-09/12;大宮@09/21-09/23,和歌,12,0,,4.8,
014665,小峰 烈,A1,82.86,西武園@08/31-09/02;富山@09/10-09/12,,15,0,,4.8,
014666,等々力 久就,A3,71.66,静岡@08/30-09/01;いわき平@09/15-09/17;川崎@09/24-09/26,,12,0,,4.0,
014667,藤本 龍也,A3,68.11,岸和田@09/14-09/16;弥彦@09/24-09/26,熊本,9,0,,3.6,
014669,植木 和広,A1,86.83,いわき平@09/07-09/09;小松島@09/23-09/25,,18,0,,3.0,
014671,山田 裕哉,A2,86.83,大垣@09/07-09/09;別府@09/24-09/26,和歌,12,0,,3.2,
014672,吉田 茂生,A1,93.66,奈良@08/26-08/28;武雄@09/03-09/05;前橋@09/11-09/13,,3,0,,2.8,
014673,松田 大,A1,86.26,西武園@08/31-09/02;別府@09/24-09/26,和歌,15,0,,3.8,
014674,丹波 孝佑,A1,86.13,四日市@09/09-09/11;別府@09/16-09/18;伊東@09/23-09/25,,15,0,,3.8,
014676,柳原 司,A2,86.60,四日市@08/29-08/31;いわき平@09/07-09/09;久留米@09/17-09/19,,15,0,,3.4,
014678,樋口 有樹郎,A3,70.05,四日市@08/29-08/31;大垣@09/13-09/15;別府@09/24-09/26,,17,0,,4.2,
014679,小玉 拓真,A1,96.66,玉野@08/26-08/28;いわき平@09/15-09/17;武雄@09/27-09/29,,12,0,🚀,2.0,
014684,松本 卓也,A1,87.93,立川@09/03-09/05;松山@09/19-09/21;岸和田@09/26-09/28,,15,0,,4.2,
014686,秋永 昂人,A3,71.16,伊東@09/02-09/04;松山@09/12-09/14;別府@09/24-09/26,松阪,12,0,,4.0,
014687,井上 将志,A2,81.75,豊橋@09/04-09/06;松山@09/19-09/21,高知,9,0,,4.8,
014688,西田 大志,A1,88.53,弥彦@09/19-09/21;玉野@09/27-09/29,,15,0,,3.8,
014690,好永 晃,A1,86.50,久留米@09/05-09/07;玉野@09/27-09/29,高知,12,0,,4.2,
014693,高田 大輔,A3,68.36,伊東@09/02-09/04;松山@09/12-09/14;川崎@09/24-09/26,熊本,11,0,,4.6,
014694,前島 恭平,A3,65.92,弥彦@09/02-09/04;武雄@09/16-09/18,和歌,13,0,,4.8,
014695,山口 茂,A2,79.00,前橋@09/11-09/13;熊本@09/24-09/26,,15,0,,4.6,
014697,相川 巧,A3,67.92,伊東@09/02-09/04;岸和田@09/14-09/16;奈良@09/24-09/26,青森,14,0,,4.4,
014699,小川 大地,A3,76.33,伊東@09/02-09/04;富山@09/10-09/12;別府@09/24-09/26,,15,0,,2.2,
014703,一ノ瀬 貴将,A2,78.53,岐阜@09/13-09/15;佐世保@09/20-09/22,,15,0,🥺,5.8,
014704,阿部 充宏,A2,83.66,京王閣@09/08-09/10;弥彦@09/19-09/21;防府@09/29-10/01,防府,12,0,,4.2,
014705,沢田 勇治,A3,72.76,静岡@08/30-09/01;京王閣@09/08-09/10;武雄@09/16-09/18,,17,0,,4.0,
014707,飯塚 直人,A2,81.92,防府@09/04-09/06;青森@09/14-09/16,,14,0,,4.4,
014709,松岡 孝高,A1,85.75,小松島@08/27-08/29;玉野@09/08-09/10;防府@09/29-10/01,,12,0,,3.2,
014711,相澤 政宏,A1,89.00,松阪@09/05-09/07;佐世保@09/12-09/14;いわき平@09/27-09/29,高知,9,0,,4.8,
014713,鈴木 裕斗,A2,77.66,いわき平@09/07-09/09;青森@09/14-09/16,,15,0,🥺,6.6,
014714,橋本 智昭,A1,95.00,西武園@09/06-09/08;いわき平@09/15-09/17,和歌,9,0,🚀,2.0,
014715,高橋 幸司,A1,86.83,久留米@09/05-09/07;別府@09/16-09/18,高知,12,0,,2.6,
014716,猪狩 祐樹,A1,91.44,西武園@08/31-09/02;佐世保@09/12-09/14,岐阜,9,0,,3.8,
014717,泉 文人,A2,87.90,奈良@08/26-08/28;伊東@09/07-09/09;岸和田@09/14-09/16,,10,0,,3.2,
014719,佐川 拓也,A3,70.22,静岡@08/30-09/01;京王閣@09/08-09/10;川崎@09/17-09/19,,9,0,,4.6,
014728,三好 恵一郎,A1,93.75,岐阜@08/30-09/01;富山@09/10-09/12;川崎@09/17-09/19,,12,0,🚀,1.8,
014731,山崎 輝夫,A1,87.44,西武園@08/31-09/02;立川@09/16-09/18,岐阜,9,0,,4.2,
014732,和田 禎嗣,A2,79.33,玉野@08/26-08/28;豊橋@09/04-09/06;青森@09/14-09/16,,9,0,,4.8,
014734,長沼 謙太,A1,83.00,豊橋@09/11-09/13;青森@09/26-09/28,,12,0,,4.0,
014735,今村 俊雄,A3,74.00,伊東@08/27-08/29;武雄@09/09-09/11;広島@09/20-09/22,,9,0,,3.6,
014737,河上 陽一,A2,82.75,岸和田@08/27-08/29;富山@09/03-09/05;前橋@09/11-09/13;伊東@09/23-09/25,,12,0,,4.8,
014738,櫻川 雅彦,,,,,4,0,,4.8,
014739,里見 恒平,A3,78.33,広島@09/20-09/22,,6,0,,,
014740,須藤 悟,A1,92.83,和歌山@08/30-09/01;西武園@09/06-09/08;岐阜@09/13-09/15;青森@09/21-09/23,,12,0,,3.0,
014742,河野 淳吾,A2,79.00,伊東@09/07-09/09;立川@09/16-09/18;平塚@09/28-09/30,高知,4,0,,5.0,
014743,鈴木 広人,A3,72.66,伊東@09/02-09/04;武雄@09/16-09/18,青森,18,0,,3.4,
014747,猪俣 康一,A1,82.33,豊橋@09/11-09/13;防府@09/29-10/01,松阪,12,0,,4.4,
014748,山口 智弘,A1,89.33,岐阜@08/30-09/01;富山@09/10-09/12;武雄@09/27-09/29,,12,0,,3.0,
014749,山田 哲也,A2,83.64,奈良@08/26-08/28;いわき平@09/07-09/09;高知@09/20-09/22,,12,0,,4.0,
014753,山田 純也,A2,79.50,和歌山@08/30-09/01;西武園@09/06-09/08;松山@09/19-09/21,,12,0,,3.8,
014755,奥出 健士郎,A2,76.83,四日市@08/29-08/31;松阪@09/05-09/07;玉野@09/27-09/29,,12,0,🥺,6.4,
014758,中野 智公,A2,82.50,宇都宮@08/31-09/02;佐世保@09/12-09/14;防府@09/29-10/01,,12,0,,3.2,
014765,樫村 伸平,A3,70.90,松戸@09/01-09/03;大垣@09/13-09/15,,10,0,,3.8,
014772,細田 純平,A3,70.41,伊東@08/27-08/29;川崎@09/10-09/12;広島@09/20-09/22,,17,0,,4.2,
014774,阿部 弘,A3,71.58,伊東@09/02-09/04;武雄@09/16-09/18;弥彦@09/24-09/26,松阪,12,0,,3.8,
014775,小原 周祐,A1,92.66,奈良@08/26-08/28;久留米@09/17-09/19;熊本@09/24-09/26,,9,0,,3.6,
014776,川上 修平,A3,75.16,武雄@09/09-09/11;松山@09/19-09/21;平塚@09/28-09/30,熊本,12,0,,3.0,
014777,竹村 達也,A3,63.83,川崎@09/10-09/12;別府@09/24-09/26,,12,0,🥺,6.6,
014778,宮崎 一彰,A3,76.66,久留米@09/05-09/07;大垣@09/13-09/15;川崎@09/24-09/26,熊本,12,0,,2.8,
014779,名川 豊,A1,89.91,小松島@08/27-08/29;防府@09/04-09/06;岐阜@09/13-09/15,,12,0,,2.2,
014780,古川 大輔,A3,72.46,弥彦@09/02-09/04;大垣@09/13-09/15;別府@09/24-09/26,,15,0,,3.2,
014781,船倉 卓郎,A3,74.53,静岡@08/30-09/01;松山@09/12-09/14;川崎@09/24-09/26,,13,0,,3.4,
014782,山口 幸太郎,A2,83.09,玉野@08/26-08/28;川崎@09/10-09/12;青森@09/21-09/23;広島@09/28-09/30,,11,0,,5.2,
014783,魚屋 周成,A2,88.00,久留米@09/05-09/07;玉野@09/27-09/29,高知,9,0,,3.6,
014784,萱島 大介,A2,85.46,玉野@09/02-09/04;四日市@09/09-09/11,,15,0,,4.0,
014787,瀬口 匠,A3,72.66,伊東@09/02-09/04;武雄@09/16-09/18,松阪,15,0,,3.4,
014788,上吹越 俊一,A1,83.08,久留米@09/17-09/19;熊本@09/24-09/26,,12,0,,5.0,
014789,茅野 寛史,A1,79.11,佐世保@09/20-09/22;防府@09/29-10/01,高知,9,0,🥺,5.6,
014796,保科 千春,A1,92.00,伊東@09/07-09/09;小松島@09/23-09/25,,15,0,,4.2,
014797,佐々木 吉徳,A1,84.86,松山@08/31-09/02;京王閣@09/08-09/10;青森@09/26-09/28,和歌,15,0,,4.6,
014801,山本 恵介,A1,86.41,松阪@08/31-09/02;川崎@09/10-09/12;弥彦@09/19-09/21,,12,0,,4.2,
014802,渡邉 正人,A3,69.55,松戸@09/01-09/03;富山@09/10-09/12;大宮@09/21-09/23,,9,0,,5.0,
014805,吉田 元輝,A2,88.61,松戸@09/01-09/03;小松島@09/23-09/25,,13,1,,2.8,
014807,福田 拓也,A1,94.60,大宮@09/13-09/15;平塚@09/28-09/30,,15,0,🚀,1.2,
014808,村上 貴彦,A3,76.26,いわき平@08/30-09/01;弥彦@09/07-09/09;立川@09/16-09/18,,15,0,,2.4,
014810,小川 辰徳,A3,68.75,弥彦@09/02-09/04;川崎@09/10-09/12;大垣@09/22-09/24,,16,0,,4.4,
014813,新井 僚太郎,A2,84.85,岸和田@08/27-08/29;弥彦@09/07-09/09;立川@09/16-09/18;熊本@09/24-09/26,,14,0,,3.2,
014816,齋藤 宗徳,A2,79.83,青森@09/14-09/16;広島@09/28-09/30,,12,0,,5.2,
014818,田口 裕一,A1,88.26,西武園@09/06-09/08;川崎@09/17-09/19,,15,0,,4.2,
014819,太刀川 一成,A1,90.77,京王閣@09/08-09/10;防府@09/15-09/17;岸和田@09/26-09/28,,15,0,,4.2,
014820,中井 勇介,A1,88.80,佐世保@09/12-09/14;弥彦@09/19-09/21,,2,0,,,
014821,原岡 泰志郎,A2,88.60,伊東@09/07-09/09;いわき平@09/27-09/29,,15,0,,3.4,
014822,関根 健太郎,A1,89.70,奈良@08/26-08/28;いわき平@09/07-09/09;青森@09/21-09/23,,10,1,,2.4,
014823,渡辺 聖,A2,83.00,京王閣@09/08-09/10;いわき平@09/15-09/17;平塚@09/28-09/30,,12,0,,4.4,
014826,菅原 裕太,A1,95.91,玉野@09/02-09/04;豊橋@09/11-09/13;伊東@09/23-09/25,岐阜,12,0,,2.2,
014828,川口 聖翔,A2,78.16,高知@09/20-09/22;防府@09/29-10/01,松阪,12,0,🥺,5.6,
014829,桜井 雄太,A3,74.33,弥彦@09/02-09/04;豊橋@09/11-09/13,,18,0,,2.8,
014832,宮西 翼,A2,80.50,小倉@08/28-08/30;久留米@09/05-09/07;別府@09/16-09/18,,9,0,,5.2,
014840,石貞 有基,A3,71.58,静岡@08/30-09/01;富山@09/10-09/12;大垣@09/22-09/24,,12,0,,3.8,
014841,井上 将志,A2,81.00,岸和田@08/27-08/29;松阪@09/05-09/07;大宮@09/13-09/15;佐世保@09/20-09/22,,3,0,,3.0,
014842,川本 琢也,A3,70.33,久留米@09/05-09/07;大垣@09/13-09/15,宇都,12,0,,4.2,
014843,峰重 祐之介,A2,82.33,佐世保@09/12-09/14;青森@09/21-09/23,高知,12,0,,4.6,
014844,三登 誉哲,A3,65.50,伊東@09/02-09/04;大垣@09/13-09/15,宇都,6,0,,5.0,
014845,表原 周,A1,84.75,大宮@09/13-09/15;高知@09/20-09/22,,24,0,,2.8,
014849,宗崎 世連,A1,91.33,防府@09/04-09/06;青森@09/14-09/16,高知,12,0,,3.8,
014850,岡田 啓渡,A2,88.33,奈良@08/26-08/28;玉野@09/08-09/10;いわき平@09/15-09/17,,12,0,,2.6,
014851,横内 裕人,A2,83.25,川崎@09/10-09/12;防府@09/29-10/01,松阪,12,0,,4.6,
014853,中山 敬太郎,A3,63.00,久留米@09/05-09/07;大垣@09/13-09/15,松阪,1,0,,,
014855,東 隆之,A3,70.26,静岡@08/30-09/01;川崎@09/10-09/12;松山@09/19-09/21,,15,0,,4.0,
014858,小原 唯志,A1,91.35,岐阜@08/30-09/01;伊東@09/07-09/09;岸和田@09/14-09/16,,14,0,,3.8,
014859,小林 申太,A2,89.08,西武園@08/31-09/02;伊東@09/07-09/09,岐阜,12,0,🚀,2.0,
014862,坂本 将太郎,A1,87.75,玉野@09/02-09/04;いわき平@09/15-09/17,和歌,12,0,,3.2,
014866,櫻井 利之,A3,,松阪@09/05-09/07;広島@09/20-09/22,青森,0,0,,,
014867,巴 直也,A1,88.00,四日市@08/29-08/31;弥彦@09/07-09/09;青森@09/14-09/16,,4,0,,4.2,
014868,小林 寛弥,A3,68.22,西武園@08/31-09/02;いわき平@09/15-09/17;大垣@09/22-09/24,熊本,9,0,🥺,5.6,
014869,泉谷 元樹,A2,87.88,岐阜@08/30-09/01;富山@09/10-09/12;松山@09/19-09/21,,9,0,,3.6,
014872,玉村 元気,A3,,伊東@09/02-09/04;小松島@09/17-09/19,,0,0,,,
014876,冨尾 享平,A1,80.00,玉野@08/26-08/28;別府@09/16-09/18;小松島@09/23-09/25,,6,0,,5.4,
014880,野見 泰要,A3,69.70,伊東@08/27-08/29;京王閣@09/08-09/10;いわき平@09/15-09/17,,20,0,,3.6,
014884,友永 龍介,A3,68.33,川崎@09/10-09/12;松山@09/19-09/21,松阪,12,0,,5.2,
014885,戸田 康平,A3,76.66,久留米@09/05-09/07;松山@09/12-09/14,,12,0,,3.6,
014887,板崎 佑矢,A2,81.66,宇都宮@08/31-09/02;佐世保@09/12-09/14,,15,0,,5.0,
014891,小岩 哲也,A2,80.75,豊橋@09/04-09/06;青森@09/14-09/16;小松島@09/23-09/25,岐阜,12,0,,3.6,
014931,横田 政直,A3,67.55,伊東@08/27-08/29;川崎@09/10-09/12;小松島@09/17-09/19,,9,0,,4.2,
014932,浦野 慈生,A3,67.11,西武園@08/31-09/02;松山@09/12-09/14;広島@09/20-09/22,宇都,9,0,,5.0,
014933,奥原 亨,A2,88.53,松阪@08/31-09/02;弥彦@09/07-09/09,岐阜,15,0,,3.0,
014934,渋谷 錬,A1,88.40,松阪@08/31-09/02;いわき平@09/15-09/17;広島@09/28-09/30,,15,0,,3.6,
014937,田中 誇士,A2,83.55,玉野@08/26-08/28;武雄@09/03-09/05;いわき平@09/27-09/29,,9,0,,3.2,
014938,夏目 新吾,A2,82.41,松阪@08/31-09/02;川崎@09/17-09/19,,12,0,,4.6,
014941,江端 隆司,A2,79.13,武雄@09/03-09/05;岸和田@09/26-09/28,,15,0,,5.4,
014948,斎藤 敦,A3,68.33,西武園@08/31-09/02;松山@09/12-09/14;奈良@09/24-09/26,和歌,12,0,,4.4,
014949,石口 慶多,A1,83.90,松戸@09/01-09/03;別府@09/24-09/26,岐阜,11,0,,4.2,
014950,市村 昌樹,A1,82.13,武雄@09/03-09/05;立川@09/22-09/24,,15,0,,5.2,
014951,後藤 祐貴,A2,82.33,豊橋@09/11-09/13;立川@09/22-09/24,,15,0,,4.6,
014952,多田 晃紀,A1,91.13,小松島@08/27-08/29;高知@09/20-09/22;玉野@09/27-09/29,,15,0,🚀,1.6,
014953,和田 誠寿,A1,90.86,武雄@09/03-09/05;佐世保@09/20-09/22,,15,0,,4.2,
014954,日野 博幸,A1,87.27,別府@09/16-09/18;玉野@09/27-09/29,,11,0,,5.2,
014958,新納 大輝,A1,,,,0,0,,,
014979,黒川 渉,A3,71.16,伊東@09/02-09/04;富山@09/10-09/12,,6,0,,4.0,
014980,田原 宥明,A2,89.58,松阪@08/31-09/02;青森@09/26-09/28,防府,12,0,,2.4,
014981,磯島 康祐,A1,93.33,和歌山@08/30-09/01;伊東@09/07-09/09;小松島@09/23-09/25,,12,0,,2.2,
014984,會澤 龍,A1,86.60,岐阜@08/30-09/01;弥彦@09/07-09/09;伊東@09/23-09/25,,15,0,,3.2,
014985,竹山 慶太,A1,82.75,玉野@09/02-09/04,,12,0,,5.0,
014986,三浦 綾,A3,71.16,いわき平@08/30-09/01;西武園@09/06-09/08;川崎@09/17-09/19,,12,0,,4.4,
014987,門馬 琢麿,A3,72.66,伊東@08/27-08/29;武雄@09/16-09/18;弥彦@09/24-09/26,,3,0,,4.0,
014988,伊早坂 駿一,A2,82.93,和歌山@08/30-09/01;大垣@09/07-09/09;弥彦@09/19-09/21,,15,0,,5.0,
014989,鈴木 豪,A2,76.55,川崎@08/30-09/01;玉野@09/08-09/10;弥彦@09/19-09/21,和歌,9,0,🥺,6.2,
014991,中島 将尊,A1,94.11,青森@09/14-09/16;平塚@09/28-09/30,,9,0,,2.6,
014992,楠野 史尭,A2,81.42,,,7,1,,4.0,
014993,副島 和人,A1,87.11,岸和田@08/27-08/29;別府@09/16-09/18;青森@09/26-09/28,,9,0,,2.8,
014994,野口 修平,A3,,武雄@09/09-09/11;川崎@09/24-09/26,,0,0,,,
014997,下岡 優季,A1,89.26,松山@08/31-09/02;豊橋@09/11-09/13,,15,0,🚀,1.8,
014999,水谷 将司,A2,90.25,岸和田@08/27-08/29;立川@09/03-09/05;久留米@09/17-09/19;熊本@09/24-09/26,,12,0,,3.0,
015000,藤井 準也,A3,78.33,静岡@08/30-09/01;富山@09/10-09/12;広島@09/20-09/22,和歌,12,0,,2.8,
015003,小笹 隼人,A1,92.75,川崎@08/30-09/01;高知@09/09-09/11;武雄@09/27-09/29,,12,0,,2.4,
015005,野口 正則,A1,92.80,富山@09/03-09/05;岸和田@09/14-09/16,,15,0,,3.0,
015007,岸川 哲也,A3,76.66,武雄@09/09-09/11;小松島@09/17-09/19;奈良@09/24-09/26,松阪,12,0,,2.4,
015010,吉川 嘉斗,A1,89.38,防府@09/04-09/06;高知@09/20-09/22,,13,0,🥺,6.4,
015011,吉岡 伸太郎,A2,80.88,防府@09/15-09/17;別府@09/24-09/26,,9,0,,5.0,
015012,勝部 貴博,A2,78.00,立川@09/03-09/05;防府@09/15-09/17;平塚@09/28-09/30,,12,0,🥺,6.0,
015015,野口 大誠,A1,88.66,小倉@08/28-08/30;いわき平@09/07-09/09;玉野@09/27-09/29,,9,0,,2.4,
015042,高橋 泰裕,A1,93.00,岸和田@08/27-08/29;四日市@09/09-09/11;川崎@09/17-09/19,,3,0,,,
015044,平川 雅晃,A3,71.73,伊東@09/02-09/04;立川@09/16-09/18,,15,0,,3.6,
015045,大関 祐也,A2,80.27,立川@09/03-09/05;佐世保@09/12-09/14,,18,0,🥺,5.6,
015047,加藤 健一,A3,68.93,いわき平@08/30-09/01;西武園@09/06-09/08;弥彦@09/24-09/26,,15,0,🥺,5.6,
015048,志佐 明,A1,89.50,岐阜@08/30-09/01;西武園@09/06-09/08;岸和田@09/14-09/16,,10,0,,2.4,
015053,廣田 敦士,A3,67.26,富山@09/10-09/12;小松島@09/17-09/19,,15,0,🥺,5.8,
015054,谷本 奨輝,A2,86.58,松山@08/31-09/02;豊橋@09/11-09/13,和歌,12,0,,3.8,
015056,田村 風起,A1,86.33,小倉@08/28-08/30;豊橋@09/04-09/06;静岡@09/18-09/20;広島@09/28-09/30,,6,0,,3.2,
015057,小林 史也,A2,85.06,岐阜@09/13-09/15;青森@09/21-09/23;防府@09/29-10/01,,15,0,,2.8,
015059,畝木 努,A1,95.40,宇都宮@08/31-09/02;四日市@09/09-09/11;久留米@09/17-09/19,,15,0,,2.2,
015060,滝本 泰行,A1,92.33,防府@09/04-09/06;久留米@09/17-09/19,松阪,12,0,,3.2,
015062,大室 翔,A3,69.91,いわき平@08/30-09/01;武雄@09/09-09/11;広島@09/20-09/22,,12,0,,4.4,
015083,中村 弘之輔,A1,91.38,伊東@09/07-09/09;防府@09/15-09/17,,13,1,,3.4,
015084,菅田 謙仁,A2,84.13,奈良@08/26-08/28,,15,0,,3.4,
015085,奈良 基,A2,80.13,玉野@09/02-09/04;いわき平@09/27-09/29,,15,0,🥺,5.8,
015087,本馬 鎌,A3,76.88,伊東@08/27-08/29;岸和田@09/14-09/16;川崎@09/24-09/26,,9,0,,3.2,
015088,神山 尚,A1,80.12,岐阜@08/30-09/01;西武園@09/06-09/08;青森@09/14-09/16,防府,16,0,,3.8,
015091,樋口 瑛土,A2,82.66,和歌山@08/30-09/01;京王閣@09/08-09/10;岸和田@09/26-09/28,,12,0,,4.8,
015095,遠藤 勝弥,A1,87.58,松阪@08/31-09/02;静岡@09/18-09/20,岐阜,12,0,,3.2,
015099,吉竹 尚城,A1,90.60,京王閣@09/08-09/10;防府@09/15-09/17,,15,0,,3.0,
015100,渡邊 颯太,A2,,,,0,0,,,
015101,松岡 晋乃介,A2,79.33,奈良@08/26-08/28;富山@09/10-09/12;高知@09/20-09/22;広島@09/28-09/30,,12,0,,5.4,
015102,奥出 良,A2,80.44,四日市@08/29-08/31;静岡@09/18-09/20;いわき平@09/27-09/29,,9,0,🥺,5.6,
015105,大崎 龍一郎,A3,72.71,松山@09/12-09/14;広島@09/20-09/22,松阪,7,1,,3.6,
015107,田頭 寛之,A1,86.08,伊東@09/07-09/09;青森@09/14-09/16,,12,0,,3.6,
015108,吉田 篤史,A2,85.50,富山@09/03-09/05;佐世保@09/12-09/14;玉野@09/27-09/29,,12,0,,4.0,
015109,大利 航平,A1,84.18,岸和田@08/27-08/29;立川@09/03-09/05;久留米@09/17-09/19,,11,0,,3.6,
015110,小出 慎也,A3,72.80,西武園@08/31-09/02;小松島@09/17-09/19,和歌,15,0,,3.0,
015111,布居 翼,A3,70.26,武雄@09/09-09/11;大垣@09/22-09/24,和歌,15,0,,4.6,
015112,日浦 崇道,A2,75.22,岐阜@08/30-09/01;岸和田@09/14-09/16;伊東@09/23-09/25,,9,0,🥺,7.0,
015114,谷口 友真,A1,88.53,いわき平@09/07-09/09;防府@09/15-09/17,和歌,12,0,,4.0,
015115,堀 僚介,A2,78.46,岐阜@08/30-09/01;大宮@09/13-09/15;青森@09/21-09/23,,15,0,,5.4,
015116,池野 健太,A1,95.60,防府@09/04-09/06;別府@09/16-09/18;小松島@09/23-09/25,松阪,15,0,,2.4,
015119,佐伯 辰哉,A1,75.33,久留米@09/05-09/07;伊東@09/23-09/25,,3,0,🥺,6.8,
015120,竹内 翼,A1,94.66,川崎@08/30-09/01;いわき平@09/07-09/09;高知@09/20-09/22,,9,0,🚀,1.4,
015126,高山 雄丞,A2,84.66,玉野@09/08-09/10;別府@09/16-09/18;伊東@09/23-09/25,,12,0,,4.6,
015131,池部 壮太,A1,85.66,玉野@09/02-09/04;武雄@09/27-09/29,松阪,12,0,,4.4,
015155,三浦 大輝,A3,75.83,伊東@09/02-09/04;いわき平@09/15-09/17;川崎@09/24-09/26,和歌,12,0,,3.6,
015156,門脇 翼,A2,78.83,松阪@08/31-09/02;四日市@09/09-09/11;青森@09/26-09/28,,12,0,,4.4,
015157,高橋 大輝,A2,81.25,川崎@08/30-09/01;立川@09/16-09/18;熊本@09/24-09/26,,12,0,,5.4,
015158,猪野 泰介,A3,67.00,弥彦@09/02-09/04;豊橋@09/11-09/13;川崎@09/24-09/26,青森,14,0,,4.6,
015159,坂本 拓也,A1,88.80,宇都宮@08/31-09/02;豊橋@09/11-09/13;いわき平@09/27-09/29,,15,0,,2.2,
015160,牧田 賢也,A3,70.26,伊東@09/02-09/04;川崎@09/17-09/19,,15,0,,4.6,
015162,蕗澤 鴻太郎,A1,94.22,岐阜@08/30-09/01;西武園@09/06-09/08;青森@09/21-09/23,,9,0,,3.2,
015163,戸塚 涼介,A2,82.60,京王閣@09/08-09/10;いわき平@09/27-09/29,,15,0,,4.0,
015164,菱沼 元樹,A3,75.44,いわき平@08/30-09/01;弥彦@09/07-09/09;大宮@09/21-09/23,,18,0,,4.4,
015165,寺沼 将彦,A1,90.53,伊東@09/07-09/09,,15,0,,3.4,
015166,内田 淳,A3,72.88,伊東@09/02-09/04;いわき平@09/15-09/17,和歌,9,0,,3.8,
015167,小林 裕一朗,A1,79.33,宇都宮@08/31-09/02;富山@09/10-09/12,和歌,6,0,,5.0,
015172,能代谷 元,A1,,伊東@09/07-09/09;弥彦@09/19-09/21,,0,0,,,
015175,桜井 大地,A2,81.53,玉野@09/08-09/10;青森@09/26-09/28,,15,0,,3.4,
015176,望月 一成,A1,93.83,宇都宮@08/31-09/02;青森@09/14-09/16,,12,0,,3.4,
015177,森川 康輔,,,,,12,0,,3.4,
015180,下岡 将也,A2,81.33,宇都宮@08/31-09/02;前橋@09/11-09/13;静岡@09/18-09/20,,12,0,,3.4,
015181,栗田 万生,A2,81.11,四日市@08/29-08/31;岸和田@09/14-09/16;青森@09/26-09/28,,9,0,,5.2,
015182,吉川 希望,A1,92.25,川崎@08/30-09/01;岸和田@09/14-09/16;立川@09/22-09/24,,12,0,,2.6,
015184,中野 雄喜,A1,93.00,西武園@08/31-09/02;前橋@09/11-09/13;岸和田@09/26-09/28,,11,0,,2.8,
015185,布居 大地,A2,83.88,松山@08/31-09/02;大垣@09/22-09/24,和歌,9,0,,3.8,
015187,鮫島 康治,A2,85.66,岸和田@08/27-08/29;久留米@09/05-09/07;大垣@09/22-09/24,,12,0,,4.4,
015188,浜田 翔平,A3,66.90,久留米@09/05-09/07;大垣@09/13-09/15;弥彦@09/24-09/26,宇都,10,1,,4.6,
015189,山本 隼人,A2,89.70,和歌山@08/30-09/01;富山@09/10-09/12;松山@09/19-09/21,,10,0,,3.8,
015190,大中 拓磨,A3,74.44,伊東@08/27-08/29;弥彦@09/02-09/04;豊橋@09/11-09/13,,18,1,,2.8,
015192,藤原 俊太郎,A1,85.27,玉野@09/02-09/04;別府@09/24-09/26,,11,0,,4.4,
015193,藏本 徹二,A1,92.00,玉野@08/26-08/28;高知@09/09-09/11;防府@09/29-10/01,,12,0,,3.0,
015194,船瀬 惇平,A1,92.26,玉野@09/08-09/10;青森@09/21-09/23,,15,0,,3.2,
015200,谷口 幸司,A2,82.36,奈良@08/26-08/28;いわき平@09/07-09/09;高知@09/20-09/22,,11,0,,3.6,
015202,今野 大輔,A1,96.41,小松島@08/27-08/29;防府@09/04-09/06;大宮@09/13-09/15;平塚@09/28-09/30,,12,0,🚀,2.0,
015204,吉田 智哉,A1,94.93,松山@08/31-09/02;大宮@09/13-09/15,,15,0,,3.2,
015208,金ヶ江 勇気,A1,92.60,武雄@09/03-09/05;久留米@09/17-09/19,防府,15,0,,3.8,
015209,中野 真吾,A2,75.62,小松島@08/27-08/29;立川@09/03-09/05;青森@09/14-09/16;武雄@09/27-09/29,,8,0,🥺,7.0,
015210,白濱 一平,A2,86.33,佐世保@09/12-09/14;弥彦@09/19-09/21,松阪,6,0,,4.0,
015212,山口 龍也,A1,88.00,奈良@08/26-08/28;佐世保@09/12-09/14;伊東@09/23-09/25,,9,0,,3.2,
015214,境 啓亨,A2,82.91,川崎@08/30-09/01;大垣@09/07-09/09;別府@09/24-09/26,,9,0,,3.6,
015215,照屋 将貴,A3,73.50,松山@09/12-09/14;広島@09/20-09/22,熊本,10,1,,3.8,
015233,渋谷 海,A1,82.66,いわき平@09/07-09/09;静岡@09/18-09/20;武雄@09/27-09/29,岐阜,9,0,,3.2,
015234,八嶋 稔真,A1,85.33,岸和田@08/27-08/29;立川@09/03-09/05;豊橋@09/11-09/13,,15,0,,4.8,
015237,太田 将成,A2,87.58,和歌山@08/30-09/01;高知@09/09-09/11;立川@09/16-09/18;岸和田@09/26-09/28,,12,0,,4.2,
015238,井寺 亮太,A1,81.44,玉野@08/26-08/28;久留米@09/05-09/07;熊本@09/24-09/26,,9,0,,5.2,
015240,前川 大輔,A1,92.33,松戸@09/01-09/03;前橋@09/11-09/13;青森@09/26-09/28,,12,0,,3.6,
015241,山田 祐太,A3,72.33,四日市@08/29-08/31;西武園@09/06-09/08;広島@09/20-09/22,,15,0,,3.6,
015245,尾崎 悠生,A1,87.66,小松島@08/27-08/29;前橋@09/11-09/13;大垣@09/22-09/24,,12,0,,3.4,
015247,小玉 勇一,A2,84.91,松戸@09/01-09/03;豊橋@09/11-09/13;大垣@09/22-09/24,,12,0,,3.2,
015253,清水 健次,A3,72.00,西武園@08/31-09/02;弥彦@09/07-09/09;大垣@09/22-09/24,,7,0,,2.6,
015254,鈴木 輝大,A1,93.80,豊橋@09/11-09/13;静岡@09/18-09/20;青森@09/26-09/28,,15,0,,2.4,
015255,樋口 開土,A1,81.46,前橋@09/11-09/13;小松島@09/23-09/25,高知,15,0,,5.0,
015257,舟山 佑京,A3,76.53,伊東@08/27-08/29;いわき平@09/15-09/17;大垣@09/22-09/24,,15,0,,2.8,
015259,小林 稜武,A1,91.44,松戸@09/01-09/03;前橋@09/11-09/13,,9,0,,4.6,
015260,國井 裕樹,A3,72.50,西武園@08/31-09/02;豊橋@09/11-09/13,和歌,12,0,,4.0,
015262,内山 雅貴,A1,97.86,小松島@08/27-08/29;前橋@09/11-09/13;大垣@09/22-09/24,,15,0,🚀,1.6,
015264,渡邉 直弥,A2,84.81,玉野@08/26-08/28;西武園@09/06-09/08;岐阜@09/13-09/15,,11,0,,3.6,
015265,井田 晶之,A2,80.68,四日市@09/09-09/11;別府@09/16-09/18;伊東@09/23-09/25,,16,0,,4.2,
015266,福田 真平,A1,81.00,岸和田@08/27-08/29;佐世保@09/12-09/14;防府@09/29-10/01,,3,0,,3.2,
015267,橋本 英也,A1,94.00,豊橋@09/04-09/06,,12,0,,3.0,
015270,元砂 海人,A3,72.66,静岡@08/30-09/01;武雄@09/16-09/18;奈良@09/24-09/26,,9,0,,4.2,
015271,大城 慶之,A2,85.50,四日市@09/09-09/11;佐世保@09/20-09/22;玉野@09/27-09/29,,12,0,,3.4,
015273,中武 三四郎,A2,84.22,別府@09/16-09/18;熊本@09/24-09/26,,15,0,,4.6,
015275,伊藤 歩登,A2,85.00,西武園@08/31-09/02;高知@09/09-09/11;久留米@09/17-09/19,和歌,9,0,,3.8,
015276,佐伯 亮輔,A1,96.75,立川@09/03-09/05;佐世保@09/20-09/22,高知,12,0,🚀,1.0,
015277,高井 流星,A2,88.86,小倉@08/28-08/30;いわき平@09/07-09/09;高知@09/20-09/22,,12,0,,2.8,
015278,田中 和磨,A1,93.23,防府@09/04-09/06;立川@09/22-09/24,,13,1,,4.2,
015279,山崎 駿哉,A2,86.33,京王閣@09/08-09/10;広島@09/28-09/30,,12,0,,4.4,
015280,藤井 將,A1,93.60,いわき平@09/15-09/17;熊本@09/24-09/26,,12,0,,2.8,
015281,増田 仁,A2,79.50,高知@09/09-09/11;久留米@09/17-09/19,岐阜,12,0,,5.0,
015283,安本 昇平,A3,70.53,川崎@09/10-09/12;小松島@09/17-09/19;奈良@09/24-09/26,,15,0,,3.4,
015284,田村 裕也,A2,75.41,大垣@09/07-09/09;小松島@09/23-09/25,防府,12,0,🥺,7.0,
015285,久樹 克門,A1,91.58,宇都宮@08/31-09/02;大垣@09/07-09/09;防府@09/29-10/01,岐阜,12,0,,4.4,
015286,土居 佑次,A3,69.66,武雄@09/09-09/11;小松島@09/17-09/19,,15,0,,4.0,
015287,山中 崇弘,A2,79.93,京王閣@09/08-09/10;佐世保@09/20-09/22,高知,15,0,,4.6,
015288,薦田 将伍,A1,94.14,玉野@09/08-09/10;伊東@09/23-09/25,,14,0,,3.0,
015290,真崎 章徳,A3,65.88,武雄@09/09-09/11;川崎@09/24-09/26,,9,0,,5.0,
015293,中里 福太郎,A2,81.77,岸和田@08/27-08/29;西武園@09/06-09/08;防府@09/15-09/17;平塚@09/28-09/30,,9,0,🥺,5.6,
015294,小原 亮哉,A1,86.16,久留米@09/17-09/19;岸和田@09/26-09/28,高知,12,0,,4.0,
015295,篠田 樹,A3,70.00,いわき平@08/30-09/01;京王閣@09/08-09/10;別府@09/24-09/26,,15,0,,4.0,
015299,曽我 圭佑,A1,92.16,玉野@09/02-09/04;大宮@09/13-09/15,,18,0,,4.4,
015300,ラモス レオ,A3,71.20,武雄@09/09-09/11;広島@09/20-09/22,,10,0,,4.4,
015327,阿部 架惟都,A1,91.40,松戸@09/01-09/03;四日市@09/09-09/11,,15,0,,3.6,
015330,伊藤 奎,A1,85.46,川崎@08/30-09/01;いわき平@09/07-09/09;熊本@09/24-09/26,,15,0,,3.6,
015331,宇佐見 優介,A1,93.86,四日市@08/29-08/31;富山@09/10-09/12;青森@09/26-09/28,,15,0,,4.0,
015332,鈴木 涼介,A1,93.00,宇都宮@08/31-09/02;高知@09/09-09/11,,11,1,,5.4,
015338,土田 栄二,A1,91.41,松戸@09/01-09/03;豊橋@09/11-09/13,,12,0,,2.8,
015339,土田 武志,A1,85.76,西武園@08/31-09/02;高知@09/09-09/11;立川@09/16-09/18,,13,1,,3.4,
015344,荒木 貴大,A1,91.40,防府@09/15-09/17;青森@09/26-09/28,,10,1,,3.6,
015345,浅見 隼,A1,88.06,小倉@08/28-08/30;豊橋@09/04-09/06;松山@09/19-09/21,,15,0,,4.2,
015346,鈴木 薫,A1,95.75,松阪@08/31-09/02;いわき平@09/07-09/09;弥彦@09/19-09/21,,12,0,,2.2,
015348,寺沼 伊織,A1,90.46,京王閣@09/08-09/10;いわき平@09/27-09/29,,15,0,,2.2,
015350,山本 修平,A2,85.08,松阪@09/05-09/07;いわき平@09/15-09/17;青森@09/26-09/28,,12,0,,4.8,
015351,宮下 一歩,A1,83.40,四日市@08/29-08/31;西武園@09/06-09/08;岐阜@09/13-09/15,,15,0,,5.4,
015353,松坂 侑亮,A1,87.61,西武園@08/31-09/02;玉野@09/08-09/10;立川@09/16-09/18,,15,0,,4.0,
015355,磯村 蓮太,A3,67.66,松山@09/12-09/14;大垣@09/22-09/24,宇都,12,0,,5.2,
015357,藤井 稜也,A2,79.60,立川@09/03-09/05;熊本@09/24-09/26,岐阜,15,0,🥺,6.4,
015359,山口 聖矢,A1,85.08,四日市@08/29-08/31;大垣@09/07-09/09;玉野@09/27-09/29,,9,0,,4.6,
015360,勝谷 勝治,A2,82.33,四日市@08/29-08/31;久留米@09/05-09/07;大垣@09/22-09/24,,15,0,,5.4,
015364,吉堂 将規,A1,94.22,奈良@08/26-08/28;岐阜@09/13-09/15;高知@09/20-09/22;玉野@09/27-09/29,,9,0,,2.6,
015365,古賀 勝大,A1,94.22,岐阜@08/30-09/01;大垣@09/07-09/09;防府@09/29-10/01,和歌,9,0,,,
015367,南 蓮,A3,68.83,西武園@08/31-09/02;岸和田@09/14-09/16,熊本,12,0,,3.8,
015368,井坂 泰誓,A3,71.80,静岡@08/30-09/01;西武園@09/06-09/08;大垣@09/22-09/24,,15,0,,4.2,
015371,田上 晃也,A3,80.16,小松島@09/17-09/19;奈良@09/24-09/26,,12,0,🚀,1.6,
015372,野上 竜太,A2,88.60,久留米@09/05-09/07;静岡@09/18-09/20,,15,0,,4.0,
015375,村上 竜馬,A1,94.40,四日市@09/09-09/11;松山@09/19-09/21;岸和田@09/26-09/28,防府,5,0,,2.4,
015377,蒋野 翔太,A1,87.00,小松島@08/27-08/29;川崎@09/10-09/12;佐世保@09/20-09/22,,14,0,,4.2,
015379,下野 義城,A2,81.50,小倉@08/28-08/30;久留米@09/05-09/07;岐阜@09/13-09/15,,8,0,🥺,6.0,
015382,竹元 健竜,A2,78.33,久留米@09/05-09/07;防府@09/29-10/01,松阪,12,0,🥺,5.6,
015384,天野 純平,A2,81.13,久留米@09/17-09/19;玉野@09/27-09/29,高知,12,0,,4.2,
015387,緒方 慎太朗,A2,87.66,小松島@08/27-08/29;防府@09/04-09/06;別府@09/16-09/18,,12,0,,3.0,
015388,松尾 勇吾,A1,92.55,小松島@08/27-08/29;玉野@09/08-09/10;防府@09/15-09/17;熊本@09/24-09/26,,9,0,,4.2,
015414,大森 光明,A2,84.77,立川@09/03-09/05;岸和田@09/26-09/28,岐阜,9,0,,3.6,
015415,坂本 紘規,A1,94.75,玉野@09/02-09/04;岸和田@09/14-09/16;青森@09/26-09/28,,12,0,🚀,2.0,
015419,黒滝 大翔,A1,83.00,岐阜@08/30-09/01;立川@09/16-09/18;岸和田@09/26-09/28,,12,0,,3.4,
015421,秋本 耀太郎,A1,90.50,四日市@08/29-08/31;松阪@09/05-09/07;岸和田@09/14-09/16;いわき平@09/27-09/29,,12,0,,2.2,
015423,上川 直紀,A1,90.06,川崎@08/30-09/01;伊東@09/07-09/09;青森@09/26-09/28,,15,0,,3.8,
015424,中村 隆生,A1,91.08,小倉@08/28-08/30;京王閣@09/08-09/10;岸和田@09/26-09/28,,12,0,,4.0,
015425,藤野 竜也,A3,69.83,四日市@08/29-08/31;立川@09/16-09/18;奈良@09/24-09/26,,12,0,,3.2,
015427,戸邉 捺希,A1,90.46,富山@09/03-09/05;いわき平@09/15-09/17,和歌,12,0,,3.0,
015428,藤田 周磨,A1,96.58,松山@08/31-09/02;川崎@09/17-09/19;熊本@09/24-09/26,和歌,12,0,🚀,2.0,
015429,山田 雄大,A1,88.06,武雄@09/03-09/05;佐世保@09/12-09/14;いわき平@09/27-09/29,,15,0,,2.8,
015432,水森 湧太,A1,83.16,玉野@08/26-08/28;豊橋@09/04-09/06;立川@09/22-09/24,,6,1,,4.2,
015433,山本 勝利,A1,96.00,和歌山@08/30-09/01;四日市@09/09-09/11;立川@09/22-09/24,,9,0,,2.8,
015434,片桐 善也,A1,92.66,松阪@08/31-09/02;弥彦@09/07-09/09;武雄@09/27-09/29,,12,0,,3.0,
015442,仁藤 秀,A1,94.66,松戸@09/01-09/03;立川@09/16-09/18,,15,0,,4.0,
015445,内藤 久文,A1,92.25,富山@09/03-09/05;佐世保@09/12-09/14;別府@09/24-09/26,,12,0,,4.6,
015446,林 敬宏,A1,91.06,和歌山@08/30-09/01;いわき平@09/07-09/09;高知@09/20-09/22,,15,0,,3.8,
015447,小浦 凪,A2,82.75,岐阜@08/30-09/01;高知@09/09-09/11;弥彦@09/19-09/21,,9,1,,5.4,
015455,枠元 一葵,A2,80.91,富山@09/03-09/05;静岡@09/18-09/20,松阪,9,0,🥺,5.6,
015456,安藤 直希,A2,81.33,岐阜@08/30-09/01;富山@09/10-09/12;別府@09/24-09/26,和歌,12,0,,4.6,
015457,村田 瑞季,A1,93.00,奈良@08/26-08/28;久留米@09/05-09/07;大垣@09/22-09/24,,12,0,,4.2,
015459,中村 泰輔,A2,78.41,宇都宮@08/31-09/02;久留米@09/17-09/19;武雄@09/27-09/29,,9,0,,5.0,
015460,仲野 結音,A1,94.05,松山@08/31-09/02;豊橋@09/11-09/13;青森@09/21-09/23,,17,0,,3.2,
015461,土生 敦弘,A1,98.44,岸和田@08/27-08/29;豊橋@09/04-09/06;佐世保@09/20-09/22,,9,0,🚀,1.2,
015462,溝口 葵,A1,90.60,西武園@08/31-09/02;大垣@09/07-09/09;佐世保@09/20-09/22,,15,0,,2.8,
015467,倉松 涼,A3,72.88,いわき平@08/30-09/01;京王閣@09/08-09/10;松山@09/19-09/21,,9,0,,4.4,
015469,犬塚 貴之,A1,90.75,静岡@09/18-09/20;岸和田@09/26-09/28,,8,1,,2.8,
015471,中村 翔平,A2,87.83,防府@09/04-09/06;青森@09/14-09/16;平塚@09/28-09/30,,12,1,,4.2,
015472,吉田 勇気,A3,72.55,静岡@08/30-09/01;豊橋@09/11-09/13;広島@09/20-09/22,,18,0,,4.2,
015481,山川 奨太,A2,80.83,玉野@09/02-09/04;松山@09/19-09/21;岸和田@09/26-09/28,,12,0,,4.8,
015482,松本 一志,A3,73.15,いわき平@08/30-09/01;大垣@09/13-09/15;広島@09/20-09/22,,19,0,🚀,1.8,
015483,谷元 奎心,A1,88.08,玉野@09/08-09/10;熊本@09/24-09/26,,12,0,,3.6,
015505,荻原 寿嗣,A1,89.26,松阪@08/31-09/02;川崎@09/17-09/19,,15,0,,3.8,
015506,佐藤 啓斗,A2,78.46,宇都宮@08/31-09/02;大垣@09/07-09/09,,15,0,,5.2,
015507,上遠野 拓馬,A1,87.60,岐阜@09/13-09/15;いわき平@09/27-09/29,,15,0,,3.0,
015508,菅野 航基,A1,96.66,四日市@08/29-08/31;弥彦@09/07-09/09;青森@09/14-09/16;大垣@09/22-09/24,,9,0,🚀,1.8,
015510,田口 勇介,A1,91.83,玉野@09/08-09/10;平塚@09/28-09/30,高知,12,0,,3.6,
015511,中込 健太,A3,76.22,松戸@09/01-09/03;立川@09/16-09/18;弥彦@09/24-09/26,,9,0,,3.0,
015512,大高 彰馬,A1,90.25,岐阜@08/30-09/01;川崎@09/10-09/12;伊東@09/23-09/25,,12,0,,3.6,
015513,菊池 翔,A2,84.00,弥彦@09/07-09/09,,12,0,,4.4,
015515,平山 優太,A2,80.31,川崎@09/10-09/12;武雄@09/27-09/29,,16,0,,4.8,
015523,邊見 祐太,A3,79.66,四日市@08/29-08/31;豊橋@09/11-09/13;大宮@09/21-09/23,,12,0,🚀,1.2,
015526,梅田 加津也,A1,86.20,松阪@08/31-09/02;川崎@09/17-09/19,,15,0,,4.0,
015531,深瀬 泰我,A1,83.60,岸和田@08/27-08/29;武雄@09/03-09/05;前橋@09/11-09/13,,15,0,,4.2,
015532,石田 拓真,A1,94.20,立川@09/03-09/05;小松島@09/23-09/25,,15,0,,2.6,
015533,岩城 佑典,A2,80.83,岐阜@09/13-09/15;佐世保@09/20-09/22,,12,0,,5.0,
015534,牛田 樹希斗,A2,76.11,四日市@08/29-08/31;豊橋@09/11-09/13;別府@09/24-09/26,,17,0,🥺,6.2,
015535,佐藤 竜太,A1,89.83,武雄@09/03-09/05;久留米@09/17-09/19,防府,12,0,,4.0,
015536,疋田 力也,A1,94.16,宇都宮@08/31-09/02;四日市@09/09-09/11,,12,0,,3.2,
015538,村瀬 大和,A2,83.93,西武園@09/06-09/08;岸和田@09/14-09/16,,15,0,,4.0,
015542,中嶋 樹,A3,70.45,富山@09/10-09/12;松山@09/19-09/21,熊本,11,1,,5.4,
015544,大槇 大介,A1,92.50,玉野@09/08-09/10;別府@09/16-09/18;防府@09/29-10/01,,6,0,,4.0,
015545,橋本 凌汰,A1,91.07,大垣@09/07-09/09;松山@09/19-09/21,,13,0,,3.4,
015547,米嶋 恵介,A1,93.88,玉野@09/02-09/04;高知@09/09-09/11;静岡@09/18-09/20,松阪,9,0,,3.4,
015548,白井 優太朗,A1,85.41,佐世保@09/12-09/14;広島@09/28-09/30,,14,0,,3.6,
015549,阿部 龍也,A3,70.91,久留米@09/05-09/07;武雄@09/16-09/18;奈良@09/24-09/26,,12,0,,4.6,
015550,山崎 航,A1,90.00,玉野@09/02-09/04;松山@09/19-09/21,防府,12,0,,2.8,
015554,近藤 翔馬,A1,89.87,佐世保@09/12-09/14;弥彦@09/19-09/21,,8,1,,4.4,
015556,上野 恭哉,A2,88.83,玉野@09/02-09/04;大宮@09/13-09/15,高知,12,1,,3.0,
015557,梶原 大地,A1,88.46,武雄@09/03-09/05;岐阜@09/13-09/15,高知,15,0,,4.6,
015558,川野 深,A1,84.00,京王閣@09/08-09/10;高知@09/20-09/22,防府,12,0,,5.0,
015559,神開 一輝,A1,93.08,川崎@09/10-09/12;高知@09/20-09/22;玉野@09/27-09/29,,12,0,,3.4,
015560,林 昴,A1,87.33,いわき平@09/07-09/09;高知@09/20-09/22,,15,0,,2.8,
015561,原井 剣也,A1,90.30,小松島@08/27-08/29;高知@09/09-09/11;久留米@09/17-09/19,,10,0,,3.6,
015562,山本 浩成,A1,94.73,小松島@08/27-08/29;玉野@09/08-09/10;高知@09/20-09/22,,15,0,,2.6,
015563,久保 光司,A2,81.33,いわき平@09/07-09/09;高知@09/20-09/22;防府@09/29-10/01,松阪,9,0,,4.8,
015564,高橋 綜一郎,A1,,弥彦@09/19-09/21;玉野@09/27-09/29,,0,0,,,
015565,入江 航太,A2,88.90,川崎@09/10-09/12;佐世保@09/20-09/22,,11,0,,2.6,
015567,北川 大成,A2,78.33,奈良@08/26-08/28;玉野@09/02-09/04;大宮@09/13-09/15,,9,0,,5.2,
015568,田川 翔琉,A1,84.70,立川@09/03-09/05;熊本@09/24-09/26,,10,0,,3.6,
015569,谷口 力也,A1,89.50,大垣@09/07-09/09;いわき平@09/15-09/17;防府@09/29-10/01,,2,0,,,
015571,吉田 悟,A3,67.00,弥彦@09/02-09/04;大垣@09/13-09/15;別府@09/24-09/26,熊本,6,0,,5.0,
015594,金田 涼馬,A2,89.66,松阪@09/05-09/07;弥彦@09/19-09/21,,12,0,,3.2,
015599,堀 航輝,A1,84.66,大垣@09/07-09/09;青森@09/14-09/16,,9,0,,3.8,
015600,照井 力斗,A1,84.66,立川@09/03-09/05;富山@09/10-09/12,,15,0,,4.4,
015602,比佐 宝太,A1,91.33,岸和田@08/27-08/29;豊橋@09/04-09/06;大宮@09/13-09/15,,12,0,,4.0,
015603,小坂 丈,A2,87.16,青森@09/14-09/16;平塚@09/28-09/30,,12,0,,3.6,
015606,近藤 圭佑,A3,77.66,いわき平@08/30-09/01;西武園@09/06-09/08;川崎@09/17-09/19,,6,1,,2.4,
015607,中山 拓人,A2,88.08,立川@09/03-09/05;川崎@09/17-09/19,,12,0,,3.2,
015611,長谷川 飛向,A1,88.33,岐阜@08/30-09/01;弥彦@09/07-09/09;青森@09/14-09/16,,9,1,,4.4,
015617,添田 龍児,A1,87.60,四日市@08/29-08/31;伊東@09/07-09/09;平塚@09/28-09/30,,15,0,,3.6,
015618,高本 和也,A1,88.22,富山@09/03-09/05;川崎@09/10-09/12;いわき平@09/27-09/29,防府,9,0,,4.8,
015621,長谷川 裕一,A2,76.77,松阪@09/05-09/07;高知@09/20-09/22,和歌,9,0,🥺,6.6,
015622,伊藤 温希,A2,81.50,松戸@09/01-09/03;佐世保@09/20-09/22,松阪,6,0,,,
015623,野崎 翼,A2,81.06,富山@09/03-09/05;佐世保@09/12-09/14,,15,0,,4.4,
015625,真鍋 顕汰,A1,98.16,四日市@08/29-08/31;富山@09/10-09/12;松山@09/19-09/21;玉野@09/27-09/29,,6,0,,,
015626,近谷 涼,A1,95.88,岐阜@08/30-09/01;青森@09/21-09/23;広島@09/28-09/30,,9,0,,2.8,
015627,南儀 拓海,A1,91.26,西武園@09/06-09/08;岐阜@09/13-09/15;防府@09/29-10/01,,15,0,,4.0,
015632,常次 勇人,A1,91.86,小倉@08/28-08/30;岸和田@09/14-09/16;熊本@09/24-09/26,,12,0,,4.4,
015633,中釜 健次,A1,87.91,玉野@08/26-08/28;富山@09/03-09/05;静岡@09/18-09/20;岸和田@09/26-09/28,,12,0,,3.8,
015634,末廣 快理,A2,93.66,松戸@09/01-09/03;岸和田@09/14-09/16;熊本@09/24-09/26,岐阜,9,0,,2.8,
015635,藤岡 徹也,A1,84.61,松阪@08/31-09/02;佐世保@09/20-09/22,,13,0,,4.4,
015637,近藤 雄太,A3,80.33,松山@09/12-09/14;川崎@09/24-09/26,,18,0,,2.4,
015639,松下 綾馬,A1,87.20,富山@09/03-09/05;小松島@09/23-09/25,,15,0,,3.0,
015640,矢部 駿人,A1,92.66,静岡@09/18-09/20;武雄@09/27-09/29,,12,0,,2.6,
015642,眞砂 英作,A2,83.42,武雄@09/03-09/05;高知@09/20-09/22,,14,0,,4.0,
015644,中野 光太郎,A1,82.11,玉野@08/26-08/28;豊橋@09/04-09/06;弥彦@09/19-09/21;広島@09/28-09/30,,9,0,,4.4,
015650,田代 匠,A2,87.60,豊橋@09/04-09/06;佐世保@09/20-09/22,,15,0,,3.0,
015652,橋本 陸,A1,88.00,防府@09/04-09/06;伊東@09/23-09/25,,18,0,,3.0,
015655,一丸 尚伍,A1,97.88,武雄@09/03-09/05;久留米@09/17-09/19;玉野@09/27-09/29,松阪,9,0,🚀,1.2,
015657,高橋 優斗,A1,85.66,川崎@08/30-09/01;別府@09/16-09/18;岸和田@09/26-09/28,,12,0,,4.4,
015658,長松 大祐,A2,84.53,高知@09/09-09/11;別府@09/24-09/26,,15,0,,3.6,
015659,池田 伍功羽,A2,82.06,武雄@09/03-09/05;立川@09/22-09/24,,15,0,,4.6,
015662,中山 遼太郎,A2,81.55,玉野@09/08-09/10;高知@09/20-09/22;広島@09/28-09/30,防府,9,0,,4.4,
015664,米村 光星,A2,80.41,富山@09/03-09/05;佐世保@09/12-09/14,,12,0,🥺,5.8,
015665,福田 要,A2,89.91,玉野@09/02-09/04;静岡@09/18-09/20;平塚@09/28-09/30,高知,12,0,,2.8,
015685,小笠原 一真,A1,93.08,武雄@09/03-09/05;弥彦@09/19-09/21;岸和田@09/26-09/28,,12,0,,3.4,
015688,佐々木 祐太,A1,83.06,小倉@08/28-08/30;伊東@09/07-09/09;いわき平@09/27-09/29,,12,0,,3.8,
015689,菊地 圭,A1,94.50,京王閣@09/08-09/10;別府@09/16-09/18,,12,0,,2.6,
015691,岡部 伶音,A1,93.00,小倉@08/28-08/30;弥彦@09/07-09/09;川崎@09/17-09/19,,15,0,,2.8,
015693,松田 昂己,A2,86.83,小倉@08/28-08/30;豊橋@09/04-09/06;川崎@09/17-09/19,,12,0,,2.8,
015698,佐藤 譲士郎,A3,77.41,四日市@08/29-08/31;弥彦@09/07-09/09;立川@09/16-09/18,,12,0,🚀,1.8,
015699,助川 翔太郎,A1,81.66,松阪@08/31-09/02;弥彦@09/07-09/09,,9,1,,4.6,
015700,吉田 晏生,A1,90.53,松阪@09/05-09/07;立川@09/22-09/24,,15,0,,2.8,
015701,石田 典大,A1,86.66,和歌山@08/30-09/01;玉野@09/08-09/10;立川@09/16-09/18,,12,0,,3.8,
015704,坪内 恒,A1,89.80,松阪@09/05-09/07;青森@09/26-09/28,,15,0,🥺,6.0,
015705,鳥海 創,,,,,13,0,🥺,5.8,
015707,池邉 聖,A1,80.82,玉野@08/26-08/28;松戸@09/01-09/03;岐阜@09/13-09/15,,17,0,,5.0,
015708,山口 直樹,A3,72.33,弥彦@09/02-09/04;小松島@09/17-09/19,熊本,12,0,,3.6,
015709,神尾 敬冬,A1,90.66,富山@09/10-09/12;川崎@09/17-09/19,,9,0,,3.2,
015710,鈴木 康平,A3,65.16,西武園@09/06-09/08;立川@09/16-09/18,宇都,12,0,🥺,5.6,
015712,松本 京太,A1,94.00,玉野@08/26-08/28;伊東@09/07-09/09;いわき平@09/27-09/29,,6,0,,3.6,
015714,望月 嘉人,A3,71.33,伊東@08/27-08/29;富山@09/10-09/12;川崎@09/17-09/19;弥彦@09/24-09/26,,6,0,,4.0,
015719,出口 謙一郎,A1,90.16,防府@09/04-09/06;弥彦@09/19-09/21;武雄@09/27-09/29,和歌,12,0,,4.2,
015720,山元 大夢,A3,78.50,弥彦@09/02-09/04;武雄@09/09-09/11;奈良@09/24-09/26,,12,1,,2.2,
015721,内山 慧大,A1,91.93,富山@09/03-09/05;大垣@09/22-09/24,,15,0,🚀,2.0,
015722,竹澤 雅也,A2,78.57,西武園@09/06-09/08;防府@09/29-10/01,,14,0,🥺,6.0,
015726,龍野 琳太郎,A1,87.66,久留米@09/05-09/07;佐世保@09/20-09/22,,18,0,,4.4,
015732,宮道 良輔,A3,74.26,京王閣@09/08-09/10;いわき平@09/15-09/17;奈良@09/24-09/26,宇都,15,0,,3.4,
015734,岡崎 陸登,A1,88.16,川崎@08/30-09/01;大垣@09/07-09/09;防府@09/15-09/17,,12,0,,3.0,
015735,岡本 翔,A2,81.75,京王閣@09/08-09/10;広島@09/28-09/30,高知,12,0,,3.8,
015736,中岡 海,A2,75.88,小松島@08/27-08/29;立川@09/03-09/05;静岡@09/18-09/20;武雄@09/27-09/29,,9,0,🥺,7.0,
015737,火島 裕輝,A1,86.40,宇都宮@08/31-09/02;久留米@09/17-09/19,,15,0,,4.2,
015739,楠本 政明,A3,71.33,いわき平@08/30-09/01;松山@09/19-09/21;平塚@09/28-09/30,,9,0,,4.6,
015740,櫻木 雄太,A1,84.77,小松島@08/27-08/29;富山@09/03-09/05;佐世保@09/12-09/14,,9,0,,4.2,
015741,堀川 敬太郎,A1,92.33,玉野@08/26-08/28;久留米@09/05-09/07;佐世保@09/20-09/22,,12,0,,3.2,
015742,堀越 翔己,A2,83.88,いわき平@09/15-09/17;小松島@09/23-09/25,,18,0,,3.8,
015743,丸林 駿太,A2,78.88,大垣@09/07-09/09;松山@09/19-09/21,,9,0,🥺,5.6,
015746,峯口 司,A2,80.60,岐阜@09/13-09/15;熊本@09/24-09/26,高知,5,0,,5.2,
015748,田中 会心,A1,89.40,玉野@09/02-09/04;いわき平@09/15-09/17,,12,0,,2.6,
015750,徳永 泰粋,A1,90.00,四日市@09/09-09/11;久留米@09/17-09/19;別府@09/24-09/26,,12,0,,2.8,
015751,半田 誠,A1,96.88,小倉@08/28-08/30;豊橋@09/04-09/06;防府@09/15-09/17;別府@09/24-09/26,,9,0,🚀,1.6,
015752,石川 航大,A1,91.75,防府@09/04-09/06;青森@09/21-09/23;平塚@09/28-09/30,高知,12,0,,2.4,
015753,枝村 弘樹,A1,89.41,松山@08/31-09/02;佐世保@09/20-09/22,岐阜,12,0,,2.6,
015754,成海 大聖,A2,87.33,小松島@08/27-08/29;防府@09/04-09/06;いわき平@09/15-09/17;平塚@09/28-09/30,,9,0,,3.0,
015780,小田 恭介,A1,84.55,岸和田@08/27-08/29;富山@09/03-09/05;静岡@09/18-09/20,,9,0,,4.8,
015781,齊藤 英伊須,A1,95.50,川崎@08/30-09/01;立川@09/16-09/18;熊本@09/24-09/26,,12,0,,3.2,
015783,吉田 優斗,A1,87.66,松阪@08/31-09/02;前橋@09/11-09/13,,15,0,,3.2,
015785,福田 健太,A1,90.25,四日市@08/29-08/31;西武園@09/06-09/08;立川@09/16-09/18,,12,0,,3.6,
015788,平根 優大,A2,92.40,富山@09/10-09/12;青森@09/21-09/23,,15,0,,2.8,
015790,藤田 祐大,A1,95.70,玉野@08/26-08/28;立川@09/03-09/05;いわき平@09/15-09/17,,10,0,🚀,1.6,
015791,岡部 陸斗,A1,94.66,西武園@08/31-09/02;富山@09/10-09/12,,12,0,,3.4,
015792,貝原 涼太,A1,87.00,京王閣@09/08-09/10;伊東@09/23-09/25,岐阜,15,0,,3.0,
015795,今井 希,A1,87.08,岸和田@08/27-08/29;富山@09/03-09/05;前橋@09/11-09/13;青森@09/26-09/28,,12,0,,4.4,
015796,川田 真也,A1,86.50,奈良@08/26-08/28;玉野@09/02-09/04;川崎@09/10-09/12,,12,0,🥺,5.6,
015797,中島 淳,A2,90.26,松阪@08/31-09/02;伊東@09/07-09/09,,15,0,,3.0,
015798,橋谷 成海,A1,87.08,岸和田@08/27-08/29;伊東@09/07-09/09;別府@09/16-09/18,,12,0,,3.0,
015800,川越 宏臣,A2,89.16,玉野@09/02-09/04;川崎@09/10-09/12,防府,12,0,,2.6,
015801,織茂 雄一郎,A3,74.00,京王閣@09/08-09/10;川崎@09/17-09/19,宇都,11,1,,2.6,
015803,西村 剛,A1,90.58,宇都宮@08/31-09/02;大垣@09/07-09/09;いわき平@09/27-09/29,,12,0,,3.4,
015805,山下 祐輔,A1,91.00,豊橋@09/04-09/06;佐世保@09/12-09/14;青森@09/26-09/28,,9,0,🚀,2.0,
015806,山本 天平,A2,87.33,松阪@08/31-09/02;伊東@09/07-09/09;青森@09/14-09/16,,12,0,,4.0,
015809,高野 信元,A1,92.88,松阪@08/31-09/02;前橋@09/11-09/13,岐阜,9,0,,4.2,
015810,瀧川 幸広,A2,82.46,武雄@09/03-09/05;岸和田@09/26-09/28,,15,0,,3.8,
015811,水谷 亮太,A2,85.88,豊橋@09/04-09/06;前橋@09/11-09/13;立川@09/22-09/24,松阪,9,0,,3.6,
015812,森崎 英登,A1,86.20,松戸@09/01-09/03;高知@09/09-09/11,松阪,12,0,,3.4,
015813,山本 和虎,A2,83.58,和歌山@08/30-09/01;大宮@09/13-09/15;防府@09/29-10/01,,12,0,,4.0,
015817,梅澤 忠秀,A1,94.16,岸和田@08/27-08/29;松阪@09/05-09/07;防府@09/29-10/01,,12,0,,3.2,
015819,弓矢 輪太郎,A1,84.33,豊橋@09/04-09/06;高知@09/20-09/22,,15,0,,5.2,
015820,岩元 叶馬,A1,87.50,和歌山@08/30-09/01;富山@09/10-09/12;久留米@09/17-09/19,,12,0,,4.6,
015821,志田 愛希飛,A1,93.88,松阪@09/05-09/07;防府@09/15-09/17;伊東@09/23-09/25,,9,0,,3.0,
015824,中嶋 響,A3,65.60,松戸@09/01-09/03;松山@09/12-09/14,,5,1,,5.2,
015827,藤原 夏志,A2,80.00,和歌山@08/30-09/01;西武園@09/06-09/08;岐阜@09/13-09/15;高知@09/20-09/22,,6,0,,4.8,
015828,秋末 蓮,A2,86.50,久留米@09/05-09/07;別府@09/24-09/26,松阪,12,0,,3.6,
015829,油谷 蒼,A2,81.33,防府@09/04-09/06;前橋@09/11-09/13,,9,0,,3.8,
015830,細中 翔太,A1,93.46,久留米@09/05-09/07;青森@09/14-09/16;防府@09/29-10/01,,15,0,,4.4,
015831,三木 健正,A1,82.11,奈良@08/26-08/28;武雄@09/03-09/05;川崎@09/10-09/12,,9,0,,3.6,
015833,野村 賢,A1,86.41,防府@09/15-09/17;伊東@09/23-09/25,高知,12,0,,4.8,
015834,原田 峻治,A2,83.00,防府@09/04-09/06;大宮@09/13-09/15,,15,0,,4.2,
015835,藤井 優希,A1,91.16,岐阜@09/13-09/15;熊本@09/24-09/26,,12,0,🚀,2.0,
015838,森 柾斗,A2,85.93,防府@09/04-09/06;佐世保@09/20-09/22,,15,0,,4.0,
015839,船山 真生,A1,94.00,松山@08/31-09/02;別府@09/24-09/26,,15,0,,2.6,
015841,中西 勇,A3,76.16,弥彦@09/02-09/04;武雄@09/16-09/18,青森,12,0,,2.6,
015843,松本 昂大,A1,85.73,玉野@09/08-09/10;佐世保@09/20-09/22,,15,0,,4.6,
015844,小山 峻汰,A2,78.20,京王閣@09/08-09/10;小松島@09/23-09/25,,15,0,🥺,6.2,
015845,稲留 敦貴,A2,89.66,宇都宮@08/31-09/02;玉野@09/08-09/10;防府@09/29-10/01,岐阜,12,0,,3.2,
015846,入田 龍馬,A3,75.46,いわき平@08/30-09/01;川崎@09/10-09/12;小松島@09/17-09/19;別府@09/24-09/26,,15,0,🚀,1.8,
015847,寺師 幸成,A1,85.44,小松島@08/27-08/29;玉野@09/08-09/10;防府@09/29-10/01,,9,0,,4.4,
015848,與古田 龍門,A3,72.58,久留米@09/05-09/07;武雄@09/16-09/18,,12,0,,3.2,
015869,杉浦 颯太,A2,94.88,川崎@09/17-09/19;広島@09/28-09/30,,9,0,🚀,1.2,
015870,畑崎 大輝,A2,86.77,伊東@09/07-09/09;小松島@09/23-09/25,和歌,9,0,,3.4,
015871,三浦 生誠,A2,81.41,松戸@09/01-09/03;いわき平@09/27-09/29,,12,0,,4.6,
015872,池田 充槻,A2,91.00,松山@08/31-09/02;いわき平@09/07-09/09,,9,0,,3.2,
015873,十文字 悠真,A3,74.53,松阪@09/05-09/07;大垣@09/13-09/15,,13,0,,3.0,
015874,角田 吏,A3,79.00,伊東@09/02-09/04;武雄@09/09-09/11,宇都,6,0,,,
015875,邊見 竜馬,A2,95.33,立川@09/03-09/05;豊橋@09/11-09/13,,15,0,🚀,1.6,
015876,三神 遼矢,A2,96.66,玉野@08/26-08/28;富山@09/03-09/05;立川@09/22-09/24,,12,0,🚀,1.0,
015877,三澤 優樹,A2,93.66,四日市@08/29-08/31;大垣@09/07-09/09;いわき平@09/15-09/17,,12,0,🚀,1.0,
015878,椎名 俊介,A2,93.88,弥彦@09/07-09/09;別府@09/16-09/18,高知,9,0,,2.4,
015879,西本 健三郎,A2,86.33,松阪@08/31-09/02;大宮@09/13-09/15,,12,0,,3.4,
015880,吉岡 優太,A2,87.58,川崎@08/30-09/01;玉野@09/08-09/10;立川@09/16-09/18,,12,0,,3.2,
015881,関口 朗斗,A3,76.44,松山@09/12-09/14;奈良@09/24-09/26,,9,0,,3.2,
015882,木村 優駿,A2,85.80,西武園@09/06-09/08;岐阜@09/13-09/15;青森@09/26-09/28,,15,0,,3.4,
015883,吉田 夢希斗,A2,81.00,岐阜@08/30-09/01;松阪@09/05-09/07;佐世保@09/12-09/14;伊東@09/23-09/25,,9,0,,4.2,
015884,秋山 太洋,A3,78.88,立川@09/16-09/18;川崎@09/24-09/26,熊本,9,0,🚀,1.2,
015885,五輪 拓巳,A2,80.06,宇都宮@08/31-09/02;立川@09/22-09/24,,15,0,,4.6,
015886,中川 飛隆,A3,72.33,弥彦@09/07-09/09;川崎@09/17-09/19,,9,0,,3.6,
015887,星野 京旺,A3,74.66,四日市@08/29-08/31;大垣@09/13-09/15;川崎@09/24-09/26,,12,0,,3.0,
015888,水澤 秀哉,A2,88.00,岸和田@08/27-08/29;四日市@09/09-09/11;川崎@09/17-09/19;武雄@09/27-09/29,,12,0,,2.8,
015889,大本 隆也,A3,74.44,いわき平@08/30-09/01;松山@09/12-09/14;大宮@09/21-09/23,,9,1,,2.6,
015890,中 秀平,A3,72.80,静岡@08/30-09/01;京王閣@09/08-09/10;武雄@09/16-09/18;奈良@09/24-09/26,,15,0,,2.6,
015892,山本 和瑳,A2,80.77,岐阜@08/30-09/01;高知@09/09-09/11;立川@09/16-09/18,,9,0,,4.6,
015893,岩辺 陸,A2,92.25,奈良@08/26-08/28;前橋@09/11-09/13;いわき平@09/27-09/29,,9,0,,2.4,
015894,大塚 城,A2,91.66,和歌山@08/30-09/01;川崎@09/10-09/12;静岡@09/18-09/20,,9,0,🚀,1.6,
015895,鈴木 小次廊,A2,83.25,西武園@08/31-09/02;防府@09/15-09/17;平塚@09/28-09/30,,12,0,,4.0,
015897,森 飛龍,A2,80.50,京王閣@09/08-09/10;いわき平@09/15-09/17,,12,0,🥺,5.6,
015898,岩原 健馬,A2,82.55,岸和田@08/27-08/29;防府@09/04-09/06;大垣@09/22-09/24,,9,0,,4.8,
015899,加藤 駿,A2,89.53,松戸@09/01-09/03;熊本@09/24-09/26,,15,0,,2.6,
015900,花田 雄飛,A3,69.50,松戸@09/01-09/03;松山@09/19-09/21,宇都,12,0,,3.8,
015901,真木 寛斗,A2,90.93,久留米@09/05-09/07;岸和田@09/14-09/16,岐阜,15,0,🚀,1.8,
015902,安達 光伸,A2,94.88,玉野@08/26-08/28;前橋@09/11-09/13;小松島@09/23-09/25,,9,0,🚀,1.4,
015903,谷澤 優貴,A2,83.66,松阪@08/31-09/02;青森@09/21-09/23,防府,9,0,,4.6,
015904,辻田 祥大,A2,88.91,大垣@09/07-09/09;佐世保@09/20-09/22,,9,0,,2.6,
015905,上野 幸星,A3,66.86,松阪@09/05-09/07;岸和田@09/14-09/16;別府@09/24-09/26,,15,0,,5.0,
015906,林 佳宗依,A2,80.33,岐阜@08/30-09/01;いわき平@09/07-09/09;玉野@09/27-09/29,,12,0,,5.0,
015907,上杉 有弘,A2,93.83,和歌山@08/30-09/01;高知@09/09-09/11;松山@09/19-09/21;広島@09/28-09/30,,12,0,🚀,1.0,
015908,川村 峻輝,A2,,,,0,0,,,
015909,馬越 裕之,A2,82.00,川崎@08/30-09/01;大垣@09/07-09/09;高知@09/20-09/22,,9,0,,5.0,
015910,土生 智徳,A2,87.63,奈良@08/26-08/28;富山@09/10-09/12;久留米@09/17-09/19,,11,0,,2.2,
015911,松田 安綱,A2,92.58,四日市@08/29-08/31;豊橋@09/11-09/13;武雄@09/27-09/29,,12,0,🚀,1.4,
015912,安達 豪太,A3,70.00,伊東@09/02-09/04;豊橋@09/11-09/13,,5,0,,,
015913,一守 大葵,A2,92.75,小倉@08/28-08/30;松阪@09/05-09/07;防府@09/29-10/01,,8,0,,3.0,
015914,西森 一稀,A2,89.83,岸和田@08/27-08/29;立川@09/03-09/05;防府@09/15-09/17,,12,0,,2.4,
015915,柏野 健吾,A2,80.56,川崎@09/10-09/12;別府@09/24-09/26,,16,0,🥺,6.0,
015916,小西 涼太,A2,,弥彦@09/19-09/21;防府@09/29-10/01,,0,0,,,
015918,土井 慎二,A2,81.00,奈良@08/26-08/28;富山@09/03-09/05;佐世保@09/12-09/14;伊東@09/23-09/25,,9,0,,4.8,
015919,藤田 楓,A2,94.50,玉野@08/26-08/28;豊橋@09/04-09/06;別府@09/16-09/18;平塚@09/28-09/30,,12,0,🚀,1.4,
015920,吉野 太晟,A2,89.75,武雄@09/03-09/05;玉野@09/27-09/29,,12,0,,3.2,
015921,伊藤 涼介,A2,93.70,,,10,1,🚀,1.8,
015922,中田 拓也,A2,91.58,小松島@08/27-08/29;玉野@09/08-09/10;松山@09/19-09/21,,12,0,,2.2,
015923,右近 陸人,A3,69.76,静岡@08/30-09/01;小松島@09/17-09/19;川崎@09/24-09/26,,13,1,,5.0,
015924,利川 寛太,A2,81.75,防府@09/15-09/17;武雄@09/27-09/29,高知,12,0,,3.8,
015925,川西 康彦,A2,81.75,玉野@09/02-09/04;熊本@09/24-09/26,,12,0,,3.8,
015926,諸隈 健太郎,A2,90.91,宇都宮@08/31-09/02;高知@09/09-09/11;立川@09/22-09/24,,12,0,,3.0,
015927,長野 魅切,A1,94.50,小倉@08/28-08/30;京王閣@09/08-09/10;小松島@09/23-09/25,,12,0,,2.6,
015928,尾野 翔一,A1,94.25,奈良@08/26-08/28;川崎@09/10-09/12;広島@09/28-09/30,,8,0,🚀,2.0,
015929,鶴 淳志,A2,86.33,小倉@08/28-08/30;京王閣@09/08-09/10;別府@09/24-09/26,,12,0,,3.8,
015930,野津 宏介,A2,86.66,奈良@08/26-08/28;四日市@09/09-09/11;高知@09/20-09/22,,3,0,,3.6,
015931,山口 留稀哉,A2,90.33,川崎@08/30-09/01;いわき平@09/07-09/09;防府@09/29-10/01,,12,0,🚀,1.6,
015932,生野 優翔,A2,88.58,松山@08/31-09/02;青森@09/14-09/16;岸和田@09/26-09/28,,9,0,,2.8,
015933,山本 康旗,A2,82.42,玉野@09/08-09/10;久留米@09/17-09/19,,7,0,,4.8,
015934,吉田 航,A2,88.30,富山@09/03-09/05;別府@09/16-09/18,,13,1,,3.0,
015935,佐藤 魁皇,A3,76.22,伊東@09/02-09/04;いわき平@09/15-09/17;奈良@09/24-09/26,,9,0,,2.4,
015936,下山 聖斗,A3,77.66,伊東@09/02-09/04;松山@09/12-09/14;川崎@09/24-09/26,青森,12,0,,2.4,
015937,新垣 慶晃,A2,86.75,玉野@09/02-09/04;久留米@09/17-09/19;広島@09/28-09/30,,12,0,,2.8,
015958,庄子 琢心,A3,74.22,いわき平@08/30-09/01;富山@09/10-09/12;川崎@09/17-09/19,,9,0,,3.8,
015959,中野 楚樂,A3,80.66,豊橋@09/11-09/13;大宮@09/21-09/23,,12,0,🚀,1.2,
015960,阿部 蒼大,A3,78.50,川崎@09/10-09/12;小松島@09/17-09/19,,8,0,,2.6,
015961,榊枝 天旺,A3,78.66,伊東@08/27-08/29;京王閣@09/08-09/10;奈良@09/24-09/26,,9,0,,2.2,
015962,福田 悠航,A3,75.00,弥彦@09/07-09/09;いわき平@09/15-09/17,,7,0,,3.0,
015963,福地 晶,A3,72.88,いわき平@08/30-09/01;立川@09/16-09/18;平塚@09/28-09/30,,9,0,,3.0,
015964,柳沼 鼓太朗,A3,77.45,西武園@08/31-09/02;大垣@09/22-09/24,青森,11,0,,3.4,
015965,篠原 輝利,A3,79.77,広島@09/20-09/22;平塚@09/28-09/30,青森,9,0,🚀,1.2,
015966,近内 三孝,A3,64.88,伊東@08/27-08/29;武雄@09/09-09/11;大宮@09/21-09/23,,9,0,🥺,5.8,
015967,田崎 隼翔,A3,78.83,伊東@09/02-09/04;小松島@09/17-09/19,宇都,12,0,🚀,1.4,
015968,渡邉 拓,A3,78.85,松阪@09/05-09/07;川崎@09/17-09/19,宇都,14,0,,4.0,
015969,北村 翔太,A3,71.77,いわき平@08/30-09/01;弥彦@09/07-09/09;武雄@09/16-09/18,,9,0,,4.0,
015970,田沼 龍弥,A3,74.22,静岡@08/30-09/01;西武園@09/06-09/08;大垣@09/13-09/15,宇都,9,0,,3.4,
015971,阿部 凪汰,A3,76.88,西武園@08/31-09/02;弥彦@09/24-09/26,青森,9,0,,2.2,
015972,佐藤 凱王,A3,68.66,伊東@08/27-08/29;豊橋@09/11-09/13;川崎@09/24-09/26,,9,0,,4.8,
015973,長川 達哉,A3,77.63,いわき平@08/30-09/01;富山@09/10-09/12;大宮@09/21-09/23,,11,0,,4.0,
015974,山下 季秦,A3,74.66,弥彦@09/02-09/04;松山@09/12-09/14,,9,0,,3.4,
015975,小笠原 匠海,A3,78.50,静岡@08/30-09/01;西武園@09/06-09/08;立川@09/16-09/18,和歌,8,0,,2.6,
015976,勝沼 遼,A3,79.16,伊東@09/02-09/04;奈良@09/24-09/26,,12,0,🚀,1.6,
015977,齊藤 宏樹,A3,73.33,静岡@08/30-09/01;京王閣@09/08-09/10;武雄@09/16-09/18,,9,0,,2.6,
015978,中西 将太郎,A3,78.36,弥彦@09/02-09/04;広島@09/20-09/22,,11,1,,2.6,
015979,福田 海響,A3,80.50,松戸@09/01-09/03;小松島@09/17-09/19,,12,0,🚀,1.2,
015980,吉川 敬介,A3,79.16,武雄@09/09-09/11;弥彦@09/24-09/26,青森,12,0,,2.4,
015981,小川 佑希也,A3,73.60,いわき平@08/30-09/01;武雄@09/09-09/11;弥彦@09/24-09/26,,5,0,,3.4,
015982,中村 嶺央,A3,81.33,伊東@08/27-08/29;弥彦@09/07-09/09;岸和田@09/14-09/16,,12,0,🚀,1.2,
015983,大村 涼兼,A3,78.50,松戸@09/01-09/03;川崎@09/10-09/12,青森,12,0,🚀,1.4,
015984,藤岡 祐馬,A3,72.75,立川@09/16-09/18;川崎@09/24-09/26,青森,12,0,,3.0,
015985,山本 真,A3,74.22,静岡@08/30-09/01;川崎@09/17-09/19;奈良@09/24-09/26,宇都,9,0,,2.4,
015986,鈴木 那樹,A3,80.00,静岡@08/30-09/01;大垣@09/13-09/15;川崎@09/24-09/26,,9,0,🚀,1.2,
015987,松田 祥位,A3,76.66,四日市@08/29-08/31,,6,0,,2.6,
015988,鴨下 佳朋,A3,74.33,西武園@08/31-09/02;大宮@09/21-09/23,宇都,12,0,,2.6,
015989,松木 一将,A3,70.16,武雄@09/16-09/18;弥彦@09/24-09/26,,12,0,,3.6,
015990,児玉 東次郎,A3,76.11,四日市@08/29-08/31;久留米@09/05-09/07;松山@09/12-09/14,,9,0,,3.0,
015991,坂井 央雅,A3,78.83,伊東@09/02-09/04;大垣@09/22-09/24,,12,0,🚀,1.6,
015992,永田 吏玖,A3,71.88,伊東@08/27-08/29;大垣@09/13-09/15;広島@09/20-09/22,,9,0,,4.0,
015993,西澤 優聖,A3,76.50,静岡@08/30-09/01;西武園@09/06-09/08;松山@09/19-09/21,,12,0,,3.6,
015994,林 欣司,A3,70.08,西武園@09/06-09/08;岸和田@09/14-09/16,,12,0,,4.2,
015995,伊藤 京介,A2,84.26,,,15,0,🚀,1.4,
015996,白井 輝,A3,77.50,武雄@09/09-09/11;小松島@09/17-09/19,和歌,12,0,,2.4,
015997,片岡 遼真,A3,77.00,四日市@08/29-08/31;松阪@09/05-09/07;大垣@09/22-09/24,,11,0,,3.0,
015998,木曽田 晃大,A3,76.00,松戸@09/01-09/03;大宮@09/21-09/23,,12,0,🚀,1.4,
015999,冨倉 巧,A3,75.25,富山@09/10-09/12;別府@09/24-09/26,,12,0,,3.4,
016000,北宅 柊麻,A3,72.55,松阪@09/05-09/07;岸和田@09/14-09/16,和歌,9,0,,3.2,
016001,高橋 奏多,A3,78.28,,宇都,7,1,,2.4,
016002,宮田 龍一,A3,67.25,弥彦@09/02-09/04;大宮@09/21-09/23,,4,0,,5.0,
016003,吉岡 竜太,A3,80.00,伊東@09/02-09/04;広島@09/20-09/22,熊本,9,0,🚀,1.6,
016004,松本 悠平,A3,80.50,武雄@09/16-09/18;川崎@09/24-09/26,,12,0,🚀,1.4,
016005,清家 大夢,A3,68.00,松山@09/19-09/21;平塚@09/28-09/30,,11,0,,5.0,
016006,高橋 聖太,A3,77.00,弥彦@09/02-09/04;いわき平@09/15-09/17,,12,0,,3.8,
016007,渡邊 諒馬,A3,79.09,久留米@09/05-09/07;松山@09/12-09/14,松阪,11,0,,2.8,
016008,久保田 智之,A3,76.22,大垣@09/13-09/15;奈良@09/24-09/26,熊本,9,0,,2.6,
016009,兒島 直樹,A3,82.00,,,3,0,,2.4,
016010,駒壽 直人,A3,70.88,弥彦@09/02-09/04;広島@09/20-09/22,熊本,9,0,,4.6,
016011,鶴 健志,A3,74.26,武雄@09/09-09/11;松山@09/19-09/21,,15,0,,3.4,
016012,藤井 凜太郎,A3,66.33,久留米@09/05-09/07;松山@09/12-09/14,,6,0,,5.4,
016013,森下 龍之介,A3,77.76,伊東@09/02-09/04;広島@09/20-09/22,,17,0,,2.2,
016014,森田 瑞基,A3,76.33,久留米@09/05-09/07;大垣@09/13-09/15,,12,0,,3.0,
016015,横溝 貫太,A3,78.18,京王閣@09/08-09/10;武雄@09/16-09/18,松阪,11,0,,4.4,
016016,西原 裕太郎,A3,79.46,武雄@09/16-09/18;弥彦@09/24-09/26,松阪,15,0,🚀,2.0,
016017,白濱 蓮,A3,73.00,小松島@09/17-09/19;川崎@09/24-09/26,,6,0,,3.8,
016018,田中 衛太,A3,80.00,川崎@09/10-09/12;松山@09/19-09/21,松阪,9,0,🚀,1.8,
016019,沢田 桂太郎,A3,81.33,弥彦@09/02-09/04;別府@09/24-09/26,,15,0,🚀,1.4,
016020,飯田 怜治,A3,77.16,伊東@09/02-09/04;川崎@09/24-09/26,,12,0,,3.0,
016021,財満 伊織,A3,73.16,武雄@09/09-09/11;小松島@09/17-09/19,,12,0,,3.8,
016022,半田 莉都,A3,77.55,大垣@09/13-09/15;別府@09/24-09/26,,9,0,🚀,1.8,
016023,滿田 光紀,A3,79.63,いわき平@09/15-09/17;平塚@09/28-09/30,熊本,11,0,🚀,2.0,
016024,宮本 寛大,A3,74.33,松山@09/12-09/14;弥彦@09/24-09/26,熊本,12,0,,3.4,
016025,高佐 龍太郎,A3,78.00,いわき平@09/15-09/17;奈良@09/24-09/26,,12,0,,2.4,
